ARM GAS  C:\Users\amosd\AppData\Local\Temp\cczbCN06.s 			page 1


   1              		.cpu cortex-m0plus
   2              		.arch armv6s-m
   3              		.fpu softvfp
   4              		.eabi_attribute 20, 1
   5              		.eabi_attribute 21, 1
   6              		.eabi_attribute 23, 3
   7              		.eabi_attribute 24, 1
   8              		.eabi_attribute 25, 1
   9              		.eabi_attribute 26, 1
  10              		.eabi_attribute 30, 1
  11              		.eabi_attribute 34, 0
  12              		.eabi_attribute 18, 4
  13              		.file	"stm32c0xx_hal_dma.c"
  14              		.text
  15              	.Ltext0:
  16              		.cfi_sections	.debug_frame
  17              		.file 1 "Drivers/STM32C0xx_HAL_Driver/Src/stm32c0xx_hal_dma.c"
  18              		.section	.text.DMA_SetConfig,"ax",%progbits
  19              		.align	1
  20              		.syntax unified
  21              		.code	16
  22              		.thumb_func
  24              	DMA_SetConfig:
  25              	.LVL0:
  26              	.LFB226:
   1:Drivers/STM32C0xx_HAL_Driver/Src/stm32c0xx_hal_dma.c **** /**
   2:Drivers/STM32C0xx_HAL_Driver/Src/stm32c0xx_hal_dma.c ****   ******************************************************************************
   3:Drivers/STM32C0xx_HAL_Driver/Src/stm32c0xx_hal_dma.c ****   * @file    stm32c0xx_hal_dma.c
   4:Drivers/STM32C0xx_HAL_Driver/Src/stm32c0xx_hal_dma.c ****   * @author  MCD Application Team
   5:Drivers/STM32C0xx_HAL_Driver/Src/stm32c0xx_hal_dma.c ****   * @brief   DMA HAL module driver.
   6:Drivers/STM32C0xx_HAL_Driver/Src/stm32c0xx_hal_dma.c ****   *         This file provides firmware functions to manage the following
   7:Drivers/STM32C0xx_HAL_Driver/Src/stm32c0xx_hal_dma.c ****   *         functionalities of the Direct Memory Access (DMA) peripheral:
   8:Drivers/STM32C0xx_HAL_Driver/Src/stm32c0xx_hal_dma.c ****   *           + Initialization and de-initialization functions
   9:Drivers/STM32C0xx_HAL_Driver/Src/stm32c0xx_hal_dma.c ****   *           + IO operation functions
  10:Drivers/STM32C0xx_HAL_Driver/Src/stm32c0xx_hal_dma.c ****   *           + Peripheral State and errors functions
  11:Drivers/STM32C0xx_HAL_Driver/Src/stm32c0xx_hal_dma.c ****   ******************************************************************************
  12:Drivers/STM32C0xx_HAL_Driver/Src/stm32c0xx_hal_dma.c ****   * @attention
  13:Drivers/STM32C0xx_HAL_Driver/Src/stm32c0xx_hal_dma.c ****   *
  14:Drivers/STM32C0xx_HAL_Driver/Src/stm32c0xx_hal_dma.c ****   * Copyright (c) 2022 STMicroelectronics.
  15:Drivers/STM32C0xx_HAL_Driver/Src/stm32c0xx_hal_dma.c ****   * All rights reserved.
  16:Drivers/STM32C0xx_HAL_Driver/Src/stm32c0xx_hal_dma.c ****   *
  17:Drivers/STM32C0xx_HAL_Driver/Src/stm32c0xx_hal_dma.c ****   * This software is licensed under terms that can be found in the LICENSE file
  18:Drivers/STM32C0xx_HAL_Driver/Src/stm32c0xx_hal_dma.c ****   * in the root directory of this software component.
  19:Drivers/STM32C0xx_HAL_Driver/Src/stm32c0xx_hal_dma.c ****   * If no LICENSE file comes with this software, it is provided AS-IS.
  20:Drivers/STM32C0xx_HAL_Driver/Src/stm32c0xx_hal_dma.c ****   *
  21:Drivers/STM32C0xx_HAL_Driver/Src/stm32c0xx_hal_dma.c ****   ******************************************************************************
  22:Drivers/STM32C0xx_HAL_Driver/Src/stm32c0xx_hal_dma.c ****   @verbatim
  23:Drivers/STM32C0xx_HAL_Driver/Src/stm32c0xx_hal_dma.c ****   ==============================================================================
  24:Drivers/STM32C0xx_HAL_Driver/Src/stm32c0xx_hal_dma.c ****                         ##### How to use this driver #####
  25:Drivers/STM32C0xx_HAL_Driver/Src/stm32c0xx_hal_dma.c ****   ==============================================================================
  26:Drivers/STM32C0xx_HAL_Driver/Src/stm32c0xx_hal_dma.c ****   [..]
  27:Drivers/STM32C0xx_HAL_Driver/Src/stm32c0xx_hal_dma.c ****    (#) Enable and configure the peripheral to be connected to the DMA Channel
  28:Drivers/STM32C0xx_HAL_Driver/Src/stm32c0xx_hal_dma.c ****        (except for internal SRAM / FLASH memories: no initialization is
  29:Drivers/STM32C0xx_HAL_Driver/Src/stm32c0xx_hal_dma.c ****        necessary). Please refer to the Reference manual for connection between peripherals
  30:Drivers/STM32C0xx_HAL_Driver/Src/stm32c0xx_hal_dma.c ****        and DMA requests.
  31:Drivers/STM32C0xx_HAL_Driver/Src/stm32c0xx_hal_dma.c **** 
  32:Drivers/STM32C0xx_HAL_Driver/Src/stm32c0xx_hal_dma.c ****    (#) For a given Channel, program the required configuration through the following parameters:
ARM GAS  C:\Users\amosd\AppData\Local\Temp\cczbCN06.s 			page 2


  33:Drivers/STM32C0xx_HAL_Driver/Src/stm32c0xx_hal_dma.c ****        Channel request, Transfer Direction, Source and Destination data formats,
  34:Drivers/STM32C0xx_HAL_Driver/Src/stm32c0xx_hal_dma.c ****        Circular or Normal mode, Channel Priority level, Source and Destination Increment mode
  35:Drivers/STM32C0xx_HAL_Driver/Src/stm32c0xx_hal_dma.c ****        using HAL_DMA_Init() function.
  36:Drivers/STM32C0xx_HAL_Driver/Src/stm32c0xx_hal_dma.c **** 
  37:Drivers/STM32C0xx_HAL_Driver/Src/stm32c0xx_hal_dma.c ****        Prior to HAL_DMA_Init the CLK shall be enabled for both DMA & DMAMUX
  38:Drivers/STM32C0xx_HAL_Driver/Src/stm32c0xx_hal_dma.c ****        thanks to:
  39:Drivers/STM32C0xx_HAL_Driver/Src/stm32c0xx_hal_dma.c ****        DMA1   :       __HAL_RCC_DMA1_CLK_ENABLE();
  40:Drivers/STM32C0xx_HAL_Driver/Src/stm32c0xx_hal_dma.c **** 
  41:Drivers/STM32C0xx_HAL_Driver/Src/stm32c0xx_hal_dma.c ****    (#) Use HAL_DMA_GetState() function to return the DMA state and HAL_DMA_GetError() in case of er
  42:Drivers/STM32C0xx_HAL_Driver/Src/stm32c0xx_hal_dma.c ****        detection.
  43:Drivers/STM32C0xx_HAL_Driver/Src/stm32c0xx_hal_dma.c **** 
  44:Drivers/STM32C0xx_HAL_Driver/Src/stm32c0xx_hal_dma.c ****    (#) Use HAL_DMA_Abort() function to abort the current transfer
  45:Drivers/STM32C0xx_HAL_Driver/Src/stm32c0xx_hal_dma.c **** 
  46:Drivers/STM32C0xx_HAL_Driver/Src/stm32c0xx_hal_dma.c ****      -@-   In Memory-to-Memory transfer mode, Circular mode is not allowed.
  47:Drivers/STM32C0xx_HAL_Driver/Src/stm32c0xx_hal_dma.c ****      *** Polling mode IO operation ***
  48:Drivers/STM32C0xx_HAL_Driver/Src/stm32c0xx_hal_dma.c ****      =================================
  49:Drivers/STM32C0xx_HAL_Driver/Src/stm32c0xx_hal_dma.c ****     [..]
  50:Drivers/STM32C0xx_HAL_Driver/Src/stm32c0xx_hal_dma.c ****           (+) Use HAL_DMA_Start() to start DMA transfer after the configuration of Source
  51:Drivers/STM32C0xx_HAL_Driver/Src/stm32c0xx_hal_dma.c ****               address and destination address and the Length of data to be transferred
  52:Drivers/STM32C0xx_HAL_Driver/Src/stm32c0xx_hal_dma.c ****           (+) Use HAL_DMA_PollForTransfer() to poll for the end of current transfer, in this
  53:Drivers/STM32C0xx_HAL_Driver/Src/stm32c0xx_hal_dma.c ****               case a fixed Timeout can be configured by User depending from his application.
  54:Drivers/STM32C0xx_HAL_Driver/Src/stm32c0xx_hal_dma.c **** 
  55:Drivers/STM32C0xx_HAL_Driver/Src/stm32c0xx_hal_dma.c ****      *** Interrupt mode IO operation ***
  56:Drivers/STM32C0xx_HAL_Driver/Src/stm32c0xx_hal_dma.c ****      ===================================
  57:Drivers/STM32C0xx_HAL_Driver/Src/stm32c0xx_hal_dma.c ****     [..]
  58:Drivers/STM32C0xx_HAL_Driver/Src/stm32c0xx_hal_dma.c ****           (+) Configure the DMA interrupt priority using HAL_NVIC_SetPriority()
  59:Drivers/STM32C0xx_HAL_Driver/Src/stm32c0xx_hal_dma.c ****           (+) Enable the DMA IRQ handler using HAL_NVIC_EnableIRQ()
  60:Drivers/STM32C0xx_HAL_Driver/Src/stm32c0xx_hal_dma.c ****           (+) Use HAL_DMA_Start_IT() to start DMA transfer after the configuration of
  61:Drivers/STM32C0xx_HAL_Driver/Src/stm32c0xx_hal_dma.c ****               Source address and destination address and the Length of data to be transferred.
  62:Drivers/STM32C0xx_HAL_Driver/Src/stm32c0xx_hal_dma.c ****               In this case the DMA interrupt is configured
  63:Drivers/STM32C0xx_HAL_Driver/Src/stm32c0xx_hal_dma.c ****           (+) Use HAL_DMA_IRQHandler() called under DMA_IRQHandler() Interrupt subroutine
  64:Drivers/STM32C0xx_HAL_Driver/Src/stm32c0xx_hal_dma.c ****           (+) At the end of data transfer HAL_DMA_IRQHandler() function is executed and user can
  65:Drivers/STM32C0xx_HAL_Driver/Src/stm32c0xx_hal_dma.c ****               add his own function by customization of function pointer XferCpltCallback and
  66:Drivers/STM32C0xx_HAL_Driver/Src/stm32c0xx_hal_dma.c ****               XferErrorCallback (i.e. a member of DMA handle structure).
  67:Drivers/STM32C0xx_HAL_Driver/Src/stm32c0xx_hal_dma.c **** 
  68:Drivers/STM32C0xx_HAL_Driver/Src/stm32c0xx_hal_dma.c ****      *** DMA HAL driver macros list ***
  69:Drivers/STM32C0xx_HAL_Driver/Src/stm32c0xx_hal_dma.c ****      =============================================
  70:Drivers/STM32C0xx_HAL_Driver/Src/stm32c0xx_hal_dma.c ****       [..]
  71:Drivers/STM32C0xx_HAL_Driver/Src/stm32c0xx_hal_dma.c ****        Below the list of most used macros in DMA HAL driver.
  72:Drivers/STM32C0xx_HAL_Driver/Src/stm32c0xx_hal_dma.c **** 
  73:Drivers/STM32C0xx_HAL_Driver/Src/stm32c0xx_hal_dma.c ****        (+) __HAL_DMA_ENABLE: Enable the specified DMA Channel.
  74:Drivers/STM32C0xx_HAL_Driver/Src/stm32c0xx_hal_dma.c ****        (+) __HAL_DMA_DISABLE: Disable the specified DMA Channel.
  75:Drivers/STM32C0xx_HAL_Driver/Src/stm32c0xx_hal_dma.c ****        (+) __HAL_DMA_GET_FLAG: Get the DMA Channel pending flags.
  76:Drivers/STM32C0xx_HAL_Driver/Src/stm32c0xx_hal_dma.c ****        (+) __HAL_DMA_CLEAR_FLAG: Clear the DMA Channel pending flags.
  77:Drivers/STM32C0xx_HAL_Driver/Src/stm32c0xx_hal_dma.c ****        (+) __HAL_DMA_ENABLE_IT: Enable the specified DMA Channel interrupts.
  78:Drivers/STM32C0xx_HAL_Driver/Src/stm32c0xx_hal_dma.c ****        (+) __HAL_DMA_DISABLE_IT: Disable the specified DMA Channel interrupts.
  79:Drivers/STM32C0xx_HAL_Driver/Src/stm32c0xx_hal_dma.c ****        (+) __HAL_DMA_GET_IT_SOURCE: Check whether the specified DMA Channel interrupt has occurred 
  80:Drivers/STM32C0xx_HAL_Driver/Src/stm32c0xx_hal_dma.c **** 
  81:Drivers/STM32C0xx_HAL_Driver/Src/stm32c0xx_hal_dma.c ****      [..]
  82:Drivers/STM32C0xx_HAL_Driver/Src/stm32c0xx_hal_dma.c ****       (@) You can refer to the DMA HAL driver header file for more useful macros
  83:Drivers/STM32C0xx_HAL_Driver/Src/stm32c0xx_hal_dma.c **** 
  84:Drivers/STM32C0xx_HAL_Driver/Src/stm32c0xx_hal_dma.c ****   @endverbatim
  85:Drivers/STM32C0xx_HAL_Driver/Src/stm32c0xx_hal_dma.c ****   ******************************************************************************
  86:Drivers/STM32C0xx_HAL_Driver/Src/stm32c0xx_hal_dma.c ****   */
  87:Drivers/STM32C0xx_HAL_Driver/Src/stm32c0xx_hal_dma.c **** 
  88:Drivers/STM32C0xx_HAL_Driver/Src/stm32c0xx_hal_dma.c **** /* Includes ------------------------------------------------------------------*/
  89:Drivers/STM32C0xx_HAL_Driver/Src/stm32c0xx_hal_dma.c **** #include "stm32c0xx_hal.h"
ARM GAS  C:\Users\amosd\AppData\Local\Temp\cczbCN06.s 			page 3


  90:Drivers/STM32C0xx_HAL_Driver/Src/stm32c0xx_hal_dma.c **** 
  91:Drivers/STM32C0xx_HAL_Driver/Src/stm32c0xx_hal_dma.c **** /** @addtogroup STM32C0xx_HAL_Driver
  92:Drivers/STM32C0xx_HAL_Driver/Src/stm32c0xx_hal_dma.c ****   * @{
  93:Drivers/STM32C0xx_HAL_Driver/Src/stm32c0xx_hal_dma.c ****   */
  94:Drivers/STM32C0xx_HAL_Driver/Src/stm32c0xx_hal_dma.c **** 
  95:Drivers/STM32C0xx_HAL_Driver/Src/stm32c0xx_hal_dma.c **** /** @defgroup DMA DMA
  96:Drivers/STM32C0xx_HAL_Driver/Src/stm32c0xx_hal_dma.c ****   * @brief DMA HAL module driver
  97:Drivers/STM32C0xx_HAL_Driver/Src/stm32c0xx_hal_dma.c ****   * @{
  98:Drivers/STM32C0xx_HAL_Driver/Src/stm32c0xx_hal_dma.c ****   */
  99:Drivers/STM32C0xx_HAL_Driver/Src/stm32c0xx_hal_dma.c **** 
 100:Drivers/STM32C0xx_HAL_Driver/Src/stm32c0xx_hal_dma.c **** #ifdef HAL_DMA_MODULE_ENABLED
 101:Drivers/STM32C0xx_HAL_Driver/Src/stm32c0xx_hal_dma.c **** 
 102:Drivers/STM32C0xx_HAL_Driver/Src/stm32c0xx_hal_dma.c **** /* Private typedef -----------------------------------------------------------*/
 103:Drivers/STM32C0xx_HAL_Driver/Src/stm32c0xx_hal_dma.c **** /* Private define ------------------------------------------------------------*/
 104:Drivers/STM32C0xx_HAL_Driver/Src/stm32c0xx_hal_dma.c **** /* Private macro -------------------------------------------------------------*/
 105:Drivers/STM32C0xx_HAL_Driver/Src/stm32c0xx_hal_dma.c **** /* Private variables ---------------------------------------------------------*/
 106:Drivers/STM32C0xx_HAL_Driver/Src/stm32c0xx_hal_dma.c **** /* Private function prototypes -----------------------------------------------*/
 107:Drivers/STM32C0xx_HAL_Driver/Src/stm32c0xx_hal_dma.c **** 
 108:Drivers/STM32C0xx_HAL_Driver/Src/stm32c0xx_hal_dma.c **** /** @defgroup DMA_Private_Functions DMA Private Functions
 109:Drivers/STM32C0xx_HAL_Driver/Src/stm32c0xx_hal_dma.c ****   * @{
 110:Drivers/STM32C0xx_HAL_Driver/Src/stm32c0xx_hal_dma.c ****   */
 111:Drivers/STM32C0xx_HAL_Driver/Src/stm32c0xx_hal_dma.c **** static void DMA_SetConfig(DMA_HandleTypeDef *hdma, uint32_t SrcAddress, uint32_t DstAddress, uint32
 112:Drivers/STM32C0xx_HAL_Driver/Src/stm32c0xx_hal_dma.c **** static void DMA_CalcDMAMUXChannelBaseAndMask(DMA_HandleTypeDef *hdma);
 113:Drivers/STM32C0xx_HAL_Driver/Src/stm32c0xx_hal_dma.c **** static void DMA_CalcDMAMUXRequestGenBaseAndMask(DMA_HandleTypeDef *hdma);
 114:Drivers/STM32C0xx_HAL_Driver/Src/stm32c0xx_hal_dma.c **** 
 115:Drivers/STM32C0xx_HAL_Driver/Src/stm32c0xx_hal_dma.c **** /**
 116:Drivers/STM32C0xx_HAL_Driver/Src/stm32c0xx_hal_dma.c ****   * @}
 117:Drivers/STM32C0xx_HAL_Driver/Src/stm32c0xx_hal_dma.c ****   */
 118:Drivers/STM32C0xx_HAL_Driver/Src/stm32c0xx_hal_dma.c **** 
 119:Drivers/STM32C0xx_HAL_Driver/Src/stm32c0xx_hal_dma.c **** /* Exported functions ---------------------------------------------------------*/
 120:Drivers/STM32C0xx_HAL_Driver/Src/stm32c0xx_hal_dma.c **** 
 121:Drivers/STM32C0xx_HAL_Driver/Src/stm32c0xx_hal_dma.c **** /** @defgroup DMA_Exported_Functions DMA Exported Functions
 122:Drivers/STM32C0xx_HAL_Driver/Src/stm32c0xx_hal_dma.c ****   * @{
 123:Drivers/STM32C0xx_HAL_Driver/Src/stm32c0xx_hal_dma.c ****   */
 124:Drivers/STM32C0xx_HAL_Driver/Src/stm32c0xx_hal_dma.c **** 
 125:Drivers/STM32C0xx_HAL_Driver/Src/stm32c0xx_hal_dma.c **** /** @defgroup DMA_Exported_Functions_Group1 Initialization and de-initialization functions
 126:Drivers/STM32C0xx_HAL_Driver/Src/stm32c0xx_hal_dma.c ****   *  @brief   Initialization and de-initialization functions
 127:Drivers/STM32C0xx_HAL_Driver/Src/stm32c0xx_hal_dma.c ****   *
 128:Drivers/STM32C0xx_HAL_Driver/Src/stm32c0xx_hal_dma.c **** @verbatim
 129:Drivers/STM32C0xx_HAL_Driver/Src/stm32c0xx_hal_dma.c ****  ===============================================================================
 130:Drivers/STM32C0xx_HAL_Driver/Src/stm32c0xx_hal_dma.c ****              ##### Initialization and de-initialization functions  #####
 131:Drivers/STM32C0xx_HAL_Driver/Src/stm32c0xx_hal_dma.c ****  ===============================================================================
 132:Drivers/STM32C0xx_HAL_Driver/Src/stm32c0xx_hal_dma.c ****     [..]
 133:Drivers/STM32C0xx_HAL_Driver/Src/stm32c0xx_hal_dma.c ****     This section provides functions allowing to initialize the DMA Channel source
 134:Drivers/STM32C0xx_HAL_Driver/Src/stm32c0xx_hal_dma.c ****     and destination addresses, incrementation and data sizes, transfer direction,
 135:Drivers/STM32C0xx_HAL_Driver/Src/stm32c0xx_hal_dma.c ****     circular/normal mode selection, memory-to-memory mode selection and Channel priority value.
 136:Drivers/STM32C0xx_HAL_Driver/Src/stm32c0xx_hal_dma.c ****     [..]
 137:Drivers/STM32C0xx_HAL_Driver/Src/stm32c0xx_hal_dma.c ****     The HAL_DMA_Init() function follows the DMA configuration procedures as described in
 138:Drivers/STM32C0xx_HAL_Driver/Src/stm32c0xx_hal_dma.c ****     reference manual.
 139:Drivers/STM32C0xx_HAL_Driver/Src/stm32c0xx_hal_dma.c **** 
 140:Drivers/STM32C0xx_HAL_Driver/Src/stm32c0xx_hal_dma.c **** @endverbatim
 141:Drivers/STM32C0xx_HAL_Driver/Src/stm32c0xx_hal_dma.c ****   * @{
 142:Drivers/STM32C0xx_HAL_Driver/Src/stm32c0xx_hal_dma.c ****   */
 143:Drivers/STM32C0xx_HAL_Driver/Src/stm32c0xx_hal_dma.c **** 
 144:Drivers/STM32C0xx_HAL_Driver/Src/stm32c0xx_hal_dma.c **** /**
 145:Drivers/STM32C0xx_HAL_Driver/Src/stm32c0xx_hal_dma.c ****   * @brief  Initialize the DMA according to the specified
 146:Drivers/STM32C0xx_HAL_Driver/Src/stm32c0xx_hal_dma.c ****   *         parameters in the DMA_InitTypeDef and initialize the associated handle.
ARM GAS  C:\Users\amosd\AppData\Local\Temp\cczbCN06.s 			page 4


 147:Drivers/STM32C0xx_HAL_Driver/Src/stm32c0xx_hal_dma.c ****   * @param  hdma  Pointer to a DMA_HandleTypeDef structure that contains
 148:Drivers/STM32C0xx_HAL_Driver/Src/stm32c0xx_hal_dma.c ****   *               the configuration information for the specified DMA Channel.
 149:Drivers/STM32C0xx_HAL_Driver/Src/stm32c0xx_hal_dma.c ****   * @retval HAL status
 150:Drivers/STM32C0xx_HAL_Driver/Src/stm32c0xx_hal_dma.c ****   */
 151:Drivers/STM32C0xx_HAL_Driver/Src/stm32c0xx_hal_dma.c **** HAL_StatusTypeDef HAL_DMA_Init(DMA_HandleTypeDef *hdma)
 152:Drivers/STM32C0xx_HAL_Driver/Src/stm32c0xx_hal_dma.c **** {
 153:Drivers/STM32C0xx_HAL_Driver/Src/stm32c0xx_hal_dma.c ****   /* Check the DMA handle allocation */
 154:Drivers/STM32C0xx_HAL_Driver/Src/stm32c0xx_hal_dma.c ****   if (hdma == NULL)
 155:Drivers/STM32C0xx_HAL_Driver/Src/stm32c0xx_hal_dma.c ****   {
 156:Drivers/STM32C0xx_HAL_Driver/Src/stm32c0xx_hal_dma.c ****     return HAL_ERROR;
 157:Drivers/STM32C0xx_HAL_Driver/Src/stm32c0xx_hal_dma.c ****   }
 158:Drivers/STM32C0xx_HAL_Driver/Src/stm32c0xx_hal_dma.c **** 
 159:Drivers/STM32C0xx_HAL_Driver/Src/stm32c0xx_hal_dma.c ****   /* Check the parameters */
 160:Drivers/STM32C0xx_HAL_Driver/Src/stm32c0xx_hal_dma.c ****   assert_param(IS_DMA_ALL_INSTANCE(hdma->Instance));
 161:Drivers/STM32C0xx_HAL_Driver/Src/stm32c0xx_hal_dma.c ****   assert_param(IS_DMA_DIRECTION(hdma->Init.Direction));
 162:Drivers/STM32C0xx_HAL_Driver/Src/stm32c0xx_hal_dma.c ****   assert_param(IS_DMA_PERIPHERAL_INC_STATE(hdma->Init.PeriphInc));
 163:Drivers/STM32C0xx_HAL_Driver/Src/stm32c0xx_hal_dma.c ****   assert_param(IS_DMA_MEMORY_INC_STATE(hdma->Init.MemInc));
 164:Drivers/STM32C0xx_HAL_Driver/Src/stm32c0xx_hal_dma.c ****   assert_param(IS_DMA_PERIPHERAL_DATA_SIZE(hdma->Init.PeriphDataAlignment));
 165:Drivers/STM32C0xx_HAL_Driver/Src/stm32c0xx_hal_dma.c ****   assert_param(IS_DMA_MEMORY_DATA_SIZE(hdma->Init.MemDataAlignment));
 166:Drivers/STM32C0xx_HAL_Driver/Src/stm32c0xx_hal_dma.c ****   assert_param(IS_DMA_MODE(hdma->Init.Mode));
 167:Drivers/STM32C0xx_HAL_Driver/Src/stm32c0xx_hal_dma.c ****   assert_param(IS_DMA_PRIORITY(hdma->Init.Priority));
 168:Drivers/STM32C0xx_HAL_Driver/Src/stm32c0xx_hal_dma.c **** 
 169:Drivers/STM32C0xx_HAL_Driver/Src/stm32c0xx_hal_dma.c ****   /* calculation of the channel index */
 170:Drivers/STM32C0xx_HAL_Driver/Src/stm32c0xx_hal_dma.c ****   hdma->ChannelIndex = (((uint32_t)hdma->Instance - (uint32_t)DMA1_Channel1) / ((uint32_t)DMA1_Chan
 171:Drivers/STM32C0xx_HAL_Driver/Src/stm32c0xx_hal_dma.c ****                                                                                 (uint32_t)DMA1_Chan
 172:Drivers/STM32C0xx_HAL_Driver/Src/stm32c0xx_hal_dma.c ****   /* Change DMA peripheral state */
 173:Drivers/STM32C0xx_HAL_Driver/Src/stm32c0xx_hal_dma.c ****   hdma->State = HAL_DMA_STATE_BUSY;
 174:Drivers/STM32C0xx_HAL_Driver/Src/stm32c0xx_hal_dma.c **** 
 175:Drivers/STM32C0xx_HAL_Driver/Src/stm32c0xx_hal_dma.c ****   /* Clear PL, MSIZE, PSIZE, MINC, PINC, CIRC, DIR and MEM2MEM bits */
 176:Drivers/STM32C0xx_HAL_Driver/Src/stm32c0xx_hal_dma.c ****   CLEAR_BIT(hdma->Instance->CCR, (DMA_CCR_PL    | DMA_CCR_MSIZE  | DMA_CCR_PSIZE  | \
 177:Drivers/STM32C0xx_HAL_Driver/Src/stm32c0xx_hal_dma.c ****                                   DMA_CCR_MINC  | DMA_CCR_PINC   | DMA_CCR_CIRC   | \
 178:Drivers/STM32C0xx_HAL_Driver/Src/stm32c0xx_hal_dma.c ****                                   DMA_CCR_DIR   | DMA_CCR_MEM2MEM));
 179:Drivers/STM32C0xx_HAL_Driver/Src/stm32c0xx_hal_dma.c **** 
 180:Drivers/STM32C0xx_HAL_Driver/Src/stm32c0xx_hal_dma.c ****   /* Set the DMA Channel configuration */
 181:Drivers/STM32C0xx_HAL_Driver/Src/stm32c0xx_hal_dma.c ****   SET_BIT(hdma->Instance->CCR, (hdma->Init.Direction           |                               \
 182:Drivers/STM32C0xx_HAL_Driver/Src/stm32c0xx_hal_dma.c ****                                 hdma->Init.PeriphInc           | hdma->Init.MemInc           | \
 183:Drivers/STM32C0xx_HAL_Driver/Src/stm32c0xx_hal_dma.c ****                                 hdma->Init.PeriphDataAlignment | hdma->Init.MemDataAlignment | \
 184:Drivers/STM32C0xx_HAL_Driver/Src/stm32c0xx_hal_dma.c ****                                 hdma->Init.Mode                | hdma->Init.Priority));
 185:Drivers/STM32C0xx_HAL_Driver/Src/stm32c0xx_hal_dma.c **** 
 186:Drivers/STM32C0xx_HAL_Driver/Src/stm32c0xx_hal_dma.c ****   /* Initialize parameters for DMAMUX channel :
 187:Drivers/STM32C0xx_HAL_Driver/Src/stm32c0xx_hal_dma.c ****      DMAmuxChannel, DMAmuxChannelStatus and DMAmuxChannelStatusMask
 188:Drivers/STM32C0xx_HAL_Driver/Src/stm32c0xx_hal_dma.c ****   */
 189:Drivers/STM32C0xx_HAL_Driver/Src/stm32c0xx_hal_dma.c ****   DMA_CalcDMAMUXChannelBaseAndMask(hdma);
 190:Drivers/STM32C0xx_HAL_Driver/Src/stm32c0xx_hal_dma.c **** 
 191:Drivers/STM32C0xx_HAL_Driver/Src/stm32c0xx_hal_dma.c ****   if (hdma->Init.Direction == DMA_MEMORY_TO_MEMORY)
 192:Drivers/STM32C0xx_HAL_Driver/Src/stm32c0xx_hal_dma.c ****   {
 193:Drivers/STM32C0xx_HAL_Driver/Src/stm32c0xx_hal_dma.c ****     /* if memory to memory force the request to 0*/
 194:Drivers/STM32C0xx_HAL_Driver/Src/stm32c0xx_hal_dma.c ****     hdma->Init.Request = DMA_REQUEST_MEM2MEM;
 195:Drivers/STM32C0xx_HAL_Driver/Src/stm32c0xx_hal_dma.c ****   }
 196:Drivers/STM32C0xx_HAL_Driver/Src/stm32c0xx_hal_dma.c **** 
 197:Drivers/STM32C0xx_HAL_Driver/Src/stm32c0xx_hal_dma.c ****   /* Set peripheral request  to DMAMUX channel */
 198:Drivers/STM32C0xx_HAL_Driver/Src/stm32c0xx_hal_dma.c ****   hdma->DMAmuxChannel->CCR = (hdma->Init.Request & DMAMUX_CxCR_DMAREQ_ID);
 199:Drivers/STM32C0xx_HAL_Driver/Src/stm32c0xx_hal_dma.c **** 
 200:Drivers/STM32C0xx_HAL_Driver/Src/stm32c0xx_hal_dma.c ****   /* Clear the DMAMUX synchro overrun flag */
 201:Drivers/STM32C0xx_HAL_Driver/Src/stm32c0xx_hal_dma.c ****   hdma->DMAmuxChannelStatus->CFR = hdma->DMAmuxChannelStatusMask;
 202:Drivers/STM32C0xx_HAL_Driver/Src/stm32c0xx_hal_dma.c **** 
 203:Drivers/STM32C0xx_HAL_Driver/Src/stm32c0xx_hal_dma.c ****   if (((hdma->Init.Request > 0UL) && (hdma->Init.Request <= DMA_REQUEST_GENERATOR3)))
ARM GAS  C:\Users\amosd\AppData\Local\Temp\cczbCN06.s 			page 5


 204:Drivers/STM32C0xx_HAL_Driver/Src/stm32c0xx_hal_dma.c ****   {
 205:Drivers/STM32C0xx_HAL_Driver/Src/stm32c0xx_hal_dma.c ****     /* Initialize parameters for DMAMUX request generator :
 206:Drivers/STM32C0xx_HAL_Driver/Src/stm32c0xx_hal_dma.c ****        DMAmuxRequestGen, DMAmuxRequestGenStatus and DMAmuxRequestGenStatusMask
 207:Drivers/STM32C0xx_HAL_Driver/Src/stm32c0xx_hal_dma.c ****     */
 208:Drivers/STM32C0xx_HAL_Driver/Src/stm32c0xx_hal_dma.c ****     DMA_CalcDMAMUXRequestGenBaseAndMask(hdma);
 209:Drivers/STM32C0xx_HAL_Driver/Src/stm32c0xx_hal_dma.c **** 
 210:Drivers/STM32C0xx_HAL_Driver/Src/stm32c0xx_hal_dma.c ****     /* Reset the DMAMUX request generator register*/
 211:Drivers/STM32C0xx_HAL_Driver/Src/stm32c0xx_hal_dma.c ****     hdma->DMAmuxRequestGen->RGCR = 0U;
 212:Drivers/STM32C0xx_HAL_Driver/Src/stm32c0xx_hal_dma.c **** 
 213:Drivers/STM32C0xx_HAL_Driver/Src/stm32c0xx_hal_dma.c ****     /* Clear the DMAMUX request generator overrun flag */
 214:Drivers/STM32C0xx_HAL_Driver/Src/stm32c0xx_hal_dma.c ****     hdma->DMAmuxRequestGenStatus->RGCFR = hdma->DMAmuxRequestGenStatusMask;
 215:Drivers/STM32C0xx_HAL_Driver/Src/stm32c0xx_hal_dma.c ****   }
 216:Drivers/STM32C0xx_HAL_Driver/Src/stm32c0xx_hal_dma.c ****   else
 217:Drivers/STM32C0xx_HAL_Driver/Src/stm32c0xx_hal_dma.c ****   {
 218:Drivers/STM32C0xx_HAL_Driver/Src/stm32c0xx_hal_dma.c ****     hdma->DMAmuxRequestGen = 0U;
 219:Drivers/STM32C0xx_HAL_Driver/Src/stm32c0xx_hal_dma.c ****     hdma->DMAmuxRequestGenStatus = 0U;
 220:Drivers/STM32C0xx_HAL_Driver/Src/stm32c0xx_hal_dma.c ****     hdma->DMAmuxRequestGenStatusMask = 0U;
 221:Drivers/STM32C0xx_HAL_Driver/Src/stm32c0xx_hal_dma.c ****   }
 222:Drivers/STM32C0xx_HAL_Driver/Src/stm32c0xx_hal_dma.c **** 
 223:Drivers/STM32C0xx_HAL_Driver/Src/stm32c0xx_hal_dma.c ****   /* Initialize the error code */
 224:Drivers/STM32C0xx_HAL_Driver/Src/stm32c0xx_hal_dma.c ****   hdma->ErrorCode = HAL_DMA_ERROR_NONE;
 225:Drivers/STM32C0xx_HAL_Driver/Src/stm32c0xx_hal_dma.c **** 
 226:Drivers/STM32C0xx_HAL_Driver/Src/stm32c0xx_hal_dma.c ****   /* Initialize the DMA state*/
 227:Drivers/STM32C0xx_HAL_Driver/Src/stm32c0xx_hal_dma.c ****   hdma->State  = HAL_DMA_STATE_READY;
 228:Drivers/STM32C0xx_HAL_Driver/Src/stm32c0xx_hal_dma.c **** 
 229:Drivers/STM32C0xx_HAL_Driver/Src/stm32c0xx_hal_dma.c ****   /* Release Lock */
 230:Drivers/STM32C0xx_HAL_Driver/Src/stm32c0xx_hal_dma.c ****   __HAL_UNLOCK(hdma);
 231:Drivers/STM32C0xx_HAL_Driver/Src/stm32c0xx_hal_dma.c **** 
 232:Drivers/STM32C0xx_HAL_Driver/Src/stm32c0xx_hal_dma.c ****   return HAL_OK;
 233:Drivers/STM32C0xx_HAL_Driver/Src/stm32c0xx_hal_dma.c **** }
 234:Drivers/STM32C0xx_HAL_Driver/Src/stm32c0xx_hal_dma.c **** 
 235:Drivers/STM32C0xx_HAL_Driver/Src/stm32c0xx_hal_dma.c **** /**
 236:Drivers/STM32C0xx_HAL_Driver/Src/stm32c0xx_hal_dma.c ****   * @brief  DeInitialize the DMA peripheral.
 237:Drivers/STM32C0xx_HAL_Driver/Src/stm32c0xx_hal_dma.c ****   * @param  hdma  pointer to a DMA_HandleTypeDef structure that contains
 238:Drivers/STM32C0xx_HAL_Driver/Src/stm32c0xx_hal_dma.c ****   *               the configuration information for the specified DMA Channel.
 239:Drivers/STM32C0xx_HAL_Driver/Src/stm32c0xx_hal_dma.c ****   * @retval HAL status
 240:Drivers/STM32C0xx_HAL_Driver/Src/stm32c0xx_hal_dma.c ****   */
 241:Drivers/STM32C0xx_HAL_Driver/Src/stm32c0xx_hal_dma.c **** HAL_StatusTypeDef HAL_DMA_DeInit(DMA_HandleTypeDef *hdma)
 242:Drivers/STM32C0xx_HAL_Driver/Src/stm32c0xx_hal_dma.c **** {
 243:Drivers/STM32C0xx_HAL_Driver/Src/stm32c0xx_hal_dma.c ****   /* Check the DMA handle allocation */
 244:Drivers/STM32C0xx_HAL_Driver/Src/stm32c0xx_hal_dma.c ****   if (NULL == hdma)
 245:Drivers/STM32C0xx_HAL_Driver/Src/stm32c0xx_hal_dma.c ****   {
 246:Drivers/STM32C0xx_HAL_Driver/Src/stm32c0xx_hal_dma.c ****     return HAL_ERROR;
 247:Drivers/STM32C0xx_HAL_Driver/Src/stm32c0xx_hal_dma.c ****   }
 248:Drivers/STM32C0xx_HAL_Driver/Src/stm32c0xx_hal_dma.c **** 
 249:Drivers/STM32C0xx_HAL_Driver/Src/stm32c0xx_hal_dma.c ****   /* Check the parameters */
 250:Drivers/STM32C0xx_HAL_Driver/Src/stm32c0xx_hal_dma.c ****   assert_param(IS_DMA_ALL_INSTANCE(hdma->Instance));
 251:Drivers/STM32C0xx_HAL_Driver/Src/stm32c0xx_hal_dma.c **** 
 252:Drivers/STM32C0xx_HAL_Driver/Src/stm32c0xx_hal_dma.c ****   /* Disable the selected DMA Channelx */
 253:Drivers/STM32C0xx_HAL_Driver/Src/stm32c0xx_hal_dma.c ****   __HAL_DMA_DISABLE(hdma);
 254:Drivers/STM32C0xx_HAL_Driver/Src/stm32c0xx_hal_dma.c **** 
 255:Drivers/STM32C0xx_HAL_Driver/Src/stm32c0xx_hal_dma.c ****   /* calculation of the channel index */
 256:Drivers/STM32C0xx_HAL_Driver/Src/stm32c0xx_hal_dma.c ****   hdma->ChannelIndex = (((uint32_t)hdma->Instance - (uint32_t)DMA1_Channel1) / ((uint32_t)DMA1_Chan
 257:Drivers/STM32C0xx_HAL_Driver/Src/stm32c0xx_hal_dma.c ****                                                                                 (uint32_t)DMA1_Chan
 258:Drivers/STM32C0xx_HAL_Driver/Src/stm32c0xx_hal_dma.c **** 
 259:Drivers/STM32C0xx_HAL_Driver/Src/stm32c0xx_hal_dma.c ****   /* Reset DMA Channel control register */
 260:Drivers/STM32C0xx_HAL_Driver/Src/stm32c0xx_hal_dma.c ****   hdma->Instance->CCR  = 0U;
ARM GAS  C:\Users\amosd\AppData\Local\Temp\cczbCN06.s 			page 6


 261:Drivers/STM32C0xx_HAL_Driver/Src/stm32c0xx_hal_dma.c **** 
 262:Drivers/STM32C0xx_HAL_Driver/Src/stm32c0xx_hal_dma.c ****   /* Clear all flags */
 263:Drivers/STM32C0xx_HAL_Driver/Src/stm32c0xx_hal_dma.c ****   __HAL_DMA_CLEAR_FLAG(hdma, (DMA_FLAG_GI1 << (hdma->ChannelIndex & 0x1cU)));
 264:Drivers/STM32C0xx_HAL_Driver/Src/stm32c0xx_hal_dma.c **** 
 265:Drivers/STM32C0xx_HAL_Driver/Src/stm32c0xx_hal_dma.c ****   /* Initialize parameters for DMAMUX channel :
 266:Drivers/STM32C0xx_HAL_Driver/Src/stm32c0xx_hal_dma.c ****      DMAmuxChannel, DMAmuxChannelStatus and DMAmuxChannelStatusMask */
 267:Drivers/STM32C0xx_HAL_Driver/Src/stm32c0xx_hal_dma.c **** 
 268:Drivers/STM32C0xx_HAL_Driver/Src/stm32c0xx_hal_dma.c ****   DMA_CalcDMAMUXChannelBaseAndMask(hdma);
 269:Drivers/STM32C0xx_HAL_Driver/Src/stm32c0xx_hal_dma.c **** 
 270:Drivers/STM32C0xx_HAL_Driver/Src/stm32c0xx_hal_dma.c ****   /* Reset the DMAMUX channel that corresponds to the DMA channel */
 271:Drivers/STM32C0xx_HAL_Driver/Src/stm32c0xx_hal_dma.c ****   hdma->DMAmuxChannel->CCR = 0U;
 272:Drivers/STM32C0xx_HAL_Driver/Src/stm32c0xx_hal_dma.c **** 
 273:Drivers/STM32C0xx_HAL_Driver/Src/stm32c0xx_hal_dma.c ****   /* Clear the DMAMUX synchro overrun flag */
 274:Drivers/STM32C0xx_HAL_Driver/Src/stm32c0xx_hal_dma.c ****   hdma->DMAmuxChannelStatus->CFR = hdma->DMAmuxChannelStatusMask;
 275:Drivers/STM32C0xx_HAL_Driver/Src/stm32c0xx_hal_dma.c **** 
 276:Drivers/STM32C0xx_HAL_Driver/Src/stm32c0xx_hal_dma.c ****   /* Reset Request generator parameters if any */
 277:Drivers/STM32C0xx_HAL_Driver/Src/stm32c0xx_hal_dma.c ****   if (((hdma->Init.Request >  0UL) && (hdma->Init.Request <= DMA_REQUEST_GENERATOR3)))
 278:Drivers/STM32C0xx_HAL_Driver/Src/stm32c0xx_hal_dma.c ****   {
 279:Drivers/STM32C0xx_HAL_Driver/Src/stm32c0xx_hal_dma.c ****     /* Initialize parameters for DMAMUX request generator :
 280:Drivers/STM32C0xx_HAL_Driver/Src/stm32c0xx_hal_dma.c ****        DMAmuxRequestGen, DMAmuxRequestGenStatus and DMAmuxRequestGenStatusMask
 281:Drivers/STM32C0xx_HAL_Driver/Src/stm32c0xx_hal_dma.c ****     */
 282:Drivers/STM32C0xx_HAL_Driver/Src/stm32c0xx_hal_dma.c ****     DMA_CalcDMAMUXRequestGenBaseAndMask(hdma);
 283:Drivers/STM32C0xx_HAL_Driver/Src/stm32c0xx_hal_dma.c **** 
 284:Drivers/STM32C0xx_HAL_Driver/Src/stm32c0xx_hal_dma.c ****     /* Reset the DMAMUX request generator register*/
 285:Drivers/STM32C0xx_HAL_Driver/Src/stm32c0xx_hal_dma.c ****     hdma->DMAmuxRequestGen->RGCR = 0U;
 286:Drivers/STM32C0xx_HAL_Driver/Src/stm32c0xx_hal_dma.c **** 
 287:Drivers/STM32C0xx_HAL_Driver/Src/stm32c0xx_hal_dma.c ****     /* Clear the DMAMUX request generator overrun flag */
 288:Drivers/STM32C0xx_HAL_Driver/Src/stm32c0xx_hal_dma.c ****     hdma->DMAmuxRequestGenStatus->RGCFR = hdma->DMAmuxRequestGenStatusMask;
 289:Drivers/STM32C0xx_HAL_Driver/Src/stm32c0xx_hal_dma.c ****   }
 290:Drivers/STM32C0xx_HAL_Driver/Src/stm32c0xx_hal_dma.c **** 
 291:Drivers/STM32C0xx_HAL_Driver/Src/stm32c0xx_hal_dma.c ****   /* Clean callbacks */
 292:Drivers/STM32C0xx_HAL_Driver/Src/stm32c0xx_hal_dma.c ****   hdma->XferCpltCallback = NULL;
 293:Drivers/STM32C0xx_HAL_Driver/Src/stm32c0xx_hal_dma.c ****   hdma->XferHalfCpltCallback = NULL;
 294:Drivers/STM32C0xx_HAL_Driver/Src/stm32c0xx_hal_dma.c ****   hdma->XferErrorCallback = NULL;
 295:Drivers/STM32C0xx_HAL_Driver/Src/stm32c0xx_hal_dma.c ****   hdma->XferAbortCallback = NULL;
 296:Drivers/STM32C0xx_HAL_Driver/Src/stm32c0xx_hal_dma.c **** 
 297:Drivers/STM32C0xx_HAL_Driver/Src/stm32c0xx_hal_dma.c ****   hdma->DMAmuxRequestGen = 0U;
 298:Drivers/STM32C0xx_HAL_Driver/Src/stm32c0xx_hal_dma.c ****   hdma->DMAmuxRequestGenStatus = 0U;
 299:Drivers/STM32C0xx_HAL_Driver/Src/stm32c0xx_hal_dma.c ****   hdma->DMAmuxRequestGenStatusMask = 0U;
 300:Drivers/STM32C0xx_HAL_Driver/Src/stm32c0xx_hal_dma.c **** 
 301:Drivers/STM32C0xx_HAL_Driver/Src/stm32c0xx_hal_dma.c ****   /* Initialize the error code */
 302:Drivers/STM32C0xx_HAL_Driver/Src/stm32c0xx_hal_dma.c ****   hdma->ErrorCode = HAL_DMA_ERROR_NONE;
 303:Drivers/STM32C0xx_HAL_Driver/Src/stm32c0xx_hal_dma.c **** 
 304:Drivers/STM32C0xx_HAL_Driver/Src/stm32c0xx_hal_dma.c ****   /* Initialize the DMA state */
 305:Drivers/STM32C0xx_HAL_Driver/Src/stm32c0xx_hal_dma.c ****   hdma->State = HAL_DMA_STATE_RESET;
 306:Drivers/STM32C0xx_HAL_Driver/Src/stm32c0xx_hal_dma.c **** 
 307:Drivers/STM32C0xx_HAL_Driver/Src/stm32c0xx_hal_dma.c ****   /* Release Lock */
 308:Drivers/STM32C0xx_HAL_Driver/Src/stm32c0xx_hal_dma.c ****   __HAL_UNLOCK(hdma);
 309:Drivers/STM32C0xx_HAL_Driver/Src/stm32c0xx_hal_dma.c **** 
 310:Drivers/STM32C0xx_HAL_Driver/Src/stm32c0xx_hal_dma.c ****   return HAL_OK;
 311:Drivers/STM32C0xx_HAL_Driver/Src/stm32c0xx_hal_dma.c **** }
 312:Drivers/STM32C0xx_HAL_Driver/Src/stm32c0xx_hal_dma.c **** 
 313:Drivers/STM32C0xx_HAL_Driver/Src/stm32c0xx_hal_dma.c **** /**
 314:Drivers/STM32C0xx_HAL_Driver/Src/stm32c0xx_hal_dma.c ****   * @}
 315:Drivers/STM32C0xx_HAL_Driver/Src/stm32c0xx_hal_dma.c ****   */
 316:Drivers/STM32C0xx_HAL_Driver/Src/stm32c0xx_hal_dma.c **** 
 317:Drivers/STM32C0xx_HAL_Driver/Src/stm32c0xx_hal_dma.c **** /** @defgroup DMA_Exported_Functions_Group2 Input and Output operation functions
ARM GAS  C:\Users\amosd\AppData\Local\Temp\cczbCN06.s 			page 7


 318:Drivers/STM32C0xx_HAL_Driver/Src/stm32c0xx_hal_dma.c ****   *  @brief   Input and Output operation functions
 319:Drivers/STM32C0xx_HAL_Driver/Src/stm32c0xx_hal_dma.c ****   *
 320:Drivers/STM32C0xx_HAL_Driver/Src/stm32c0xx_hal_dma.c **** @verbatim
 321:Drivers/STM32C0xx_HAL_Driver/Src/stm32c0xx_hal_dma.c ****  ===============================================================================
 322:Drivers/STM32C0xx_HAL_Driver/Src/stm32c0xx_hal_dma.c ****                       #####  IO operation functions  #####
 323:Drivers/STM32C0xx_HAL_Driver/Src/stm32c0xx_hal_dma.c ****  ===============================================================================
 324:Drivers/STM32C0xx_HAL_Driver/Src/stm32c0xx_hal_dma.c ****     [..]  This section provides functions allowing to:
 325:Drivers/STM32C0xx_HAL_Driver/Src/stm32c0xx_hal_dma.c ****       (+) Configure the source, destination address and data length and Start DMA transfer
 326:Drivers/STM32C0xx_HAL_Driver/Src/stm32c0xx_hal_dma.c ****       (+) Configure the source, destination address and data length and
 327:Drivers/STM32C0xx_HAL_Driver/Src/stm32c0xx_hal_dma.c ****           Start DMA transfer with interrupt
 328:Drivers/STM32C0xx_HAL_Driver/Src/stm32c0xx_hal_dma.c ****       (+) Abort DMA transfer
 329:Drivers/STM32C0xx_HAL_Driver/Src/stm32c0xx_hal_dma.c ****       (+) Poll for transfer complete
 330:Drivers/STM32C0xx_HAL_Driver/Src/stm32c0xx_hal_dma.c ****       (+) Handle DMA interrupt request
 331:Drivers/STM32C0xx_HAL_Driver/Src/stm32c0xx_hal_dma.c **** 
 332:Drivers/STM32C0xx_HAL_Driver/Src/stm32c0xx_hal_dma.c **** @endverbatim
 333:Drivers/STM32C0xx_HAL_Driver/Src/stm32c0xx_hal_dma.c ****   * @{
 334:Drivers/STM32C0xx_HAL_Driver/Src/stm32c0xx_hal_dma.c ****   */
 335:Drivers/STM32C0xx_HAL_Driver/Src/stm32c0xx_hal_dma.c **** 
 336:Drivers/STM32C0xx_HAL_Driver/Src/stm32c0xx_hal_dma.c **** /**
 337:Drivers/STM32C0xx_HAL_Driver/Src/stm32c0xx_hal_dma.c ****   * @brief  Start the DMA Transfer.
 338:Drivers/STM32C0xx_HAL_Driver/Src/stm32c0xx_hal_dma.c ****   * @param hdma Pointer to a DMA_HandleTypeDef structure that contains
 339:Drivers/STM32C0xx_HAL_Driver/Src/stm32c0xx_hal_dma.c ****   *               the configuration information for the specified DMA Channel.
 340:Drivers/STM32C0xx_HAL_Driver/Src/stm32c0xx_hal_dma.c ****   * @param SrcAddress The source memory Buffer address
 341:Drivers/STM32C0xx_HAL_Driver/Src/stm32c0xx_hal_dma.c ****   * @param DstAddress The destination memory Buffer address
 342:Drivers/STM32C0xx_HAL_Driver/Src/stm32c0xx_hal_dma.c ****   * @param DataLength The length of data to be transferred from source to destination
 343:Drivers/STM32C0xx_HAL_Driver/Src/stm32c0xx_hal_dma.c ****   * @retval HAL status
 344:Drivers/STM32C0xx_HAL_Driver/Src/stm32c0xx_hal_dma.c ****   */
 345:Drivers/STM32C0xx_HAL_Driver/Src/stm32c0xx_hal_dma.c **** HAL_StatusTypeDef HAL_DMA_Start(DMA_HandleTypeDef *hdma, uint32_t SrcAddress, uint32_t DstAddress, 
 346:Drivers/STM32C0xx_HAL_Driver/Src/stm32c0xx_hal_dma.c **** {
 347:Drivers/STM32C0xx_HAL_Driver/Src/stm32c0xx_hal_dma.c ****   HAL_StatusTypeDef status = HAL_OK;
 348:Drivers/STM32C0xx_HAL_Driver/Src/stm32c0xx_hal_dma.c **** 
 349:Drivers/STM32C0xx_HAL_Driver/Src/stm32c0xx_hal_dma.c ****   /* Check the parameters */
 350:Drivers/STM32C0xx_HAL_Driver/Src/stm32c0xx_hal_dma.c ****   assert_param(IS_DMA_BUFFER_SIZE(DataLength));
 351:Drivers/STM32C0xx_HAL_Driver/Src/stm32c0xx_hal_dma.c **** 
 352:Drivers/STM32C0xx_HAL_Driver/Src/stm32c0xx_hal_dma.c ****   /* Process locked */
 353:Drivers/STM32C0xx_HAL_Driver/Src/stm32c0xx_hal_dma.c ****   __HAL_LOCK(hdma);
 354:Drivers/STM32C0xx_HAL_Driver/Src/stm32c0xx_hal_dma.c **** 
 355:Drivers/STM32C0xx_HAL_Driver/Src/stm32c0xx_hal_dma.c ****   if (HAL_DMA_STATE_READY == hdma->State)
 356:Drivers/STM32C0xx_HAL_Driver/Src/stm32c0xx_hal_dma.c ****   {
 357:Drivers/STM32C0xx_HAL_Driver/Src/stm32c0xx_hal_dma.c ****     /* Change DMA peripheral state */
 358:Drivers/STM32C0xx_HAL_Driver/Src/stm32c0xx_hal_dma.c ****     hdma->State = HAL_DMA_STATE_BUSY;
 359:Drivers/STM32C0xx_HAL_Driver/Src/stm32c0xx_hal_dma.c ****     hdma->ErrorCode = HAL_DMA_ERROR_NONE;
 360:Drivers/STM32C0xx_HAL_Driver/Src/stm32c0xx_hal_dma.c **** 
 361:Drivers/STM32C0xx_HAL_Driver/Src/stm32c0xx_hal_dma.c ****     /* Disable the peripheral */
 362:Drivers/STM32C0xx_HAL_Driver/Src/stm32c0xx_hal_dma.c ****     __HAL_DMA_DISABLE(hdma);
 363:Drivers/STM32C0xx_HAL_Driver/Src/stm32c0xx_hal_dma.c **** 
 364:Drivers/STM32C0xx_HAL_Driver/Src/stm32c0xx_hal_dma.c ****     /* Configure the source, destination address and the data length & clear flags*/
 365:Drivers/STM32C0xx_HAL_Driver/Src/stm32c0xx_hal_dma.c ****     DMA_SetConfig(hdma, SrcAddress, DstAddress, DataLength);
 366:Drivers/STM32C0xx_HAL_Driver/Src/stm32c0xx_hal_dma.c **** 
 367:Drivers/STM32C0xx_HAL_Driver/Src/stm32c0xx_hal_dma.c ****     /* Enable the Peripheral */
 368:Drivers/STM32C0xx_HAL_Driver/Src/stm32c0xx_hal_dma.c ****     __HAL_DMA_ENABLE(hdma);
 369:Drivers/STM32C0xx_HAL_Driver/Src/stm32c0xx_hal_dma.c ****   }
 370:Drivers/STM32C0xx_HAL_Driver/Src/stm32c0xx_hal_dma.c ****   else
 371:Drivers/STM32C0xx_HAL_Driver/Src/stm32c0xx_hal_dma.c ****   {
 372:Drivers/STM32C0xx_HAL_Driver/Src/stm32c0xx_hal_dma.c ****     /* Process Unlocked */
 373:Drivers/STM32C0xx_HAL_Driver/Src/stm32c0xx_hal_dma.c ****     __HAL_UNLOCK(hdma);
 374:Drivers/STM32C0xx_HAL_Driver/Src/stm32c0xx_hal_dma.c ****     status = HAL_BUSY;
ARM GAS  C:\Users\amosd\AppData\Local\Temp\cczbCN06.s 			page 8


 375:Drivers/STM32C0xx_HAL_Driver/Src/stm32c0xx_hal_dma.c ****   }
 376:Drivers/STM32C0xx_HAL_Driver/Src/stm32c0xx_hal_dma.c **** 
 377:Drivers/STM32C0xx_HAL_Driver/Src/stm32c0xx_hal_dma.c ****   /* Process locked */
 378:Drivers/STM32C0xx_HAL_Driver/Src/stm32c0xx_hal_dma.c ****   __HAL_UNLOCK(hdma);
 379:Drivers/STM32C0xx_HAL_Driver/Src/stm32c0xx_hal_dma.c **** 
 380:Drivers/STM32C0xx_HAL_Driver/Src/stm32c0xx_hal_dma.c ****   return status;
 381:Drivers/STM32C0xx_HAL_Driver/Src/stm32c0xx_hal_dma.c **** }
 382:Drivers/STM32C0xx_HAL_Driver/Src/stm32c0xx_hal_dma.c **** 
 383:Drivers/STM32C0xx_HAL_Driver/Src/stm32c0xx_hal_dma.c **** /**
 384:Drivers/STM32C0xx_HAL_Driver/Src/stm32c0xx_hal_dma.c ****   * @brief  Start the DMA Transfer with interrupt enabled.
 385:Drivers/STM32C0xx_HAL_Driver/Src/stm32c0xx_hal_dma.c ****   * @param hdma Pointer to a DMA_HandleTypeDef structure that contains
 386:Drivers/STM32C0xx_HAL_Driver/Src/stm32c0xx_hal_dma.c ****   *               the configuration information for the specified DMA Channel.
 387:Drivers/STM32C0xx_HAL_Driver/Src/stm32c0xx_hal_dma.c ****   * @param SrcAddress The source memory Buffer address
 388:Drivers/STM32C0xx_HAL_Driver/Src/stm32c0xx_hal_dma.c ****   * @param DstAddress The destination memory Buffer address
 389:Drivers/STM32C0xx_HAL_Driver/Src/stm32c0xx_hal_dma.c ****   * @param DataLength The length of data to be transferred from source to destination
 390:Drivers/STM32C0xx_HAL_Driver/Src/stm32c0xx_hal_dma.c ****   * @retval HAL status
 391:Drivers/STM32C0xx_HAL_Driver/Src/stm32c0xx_hal_dma.c ****   */
 392:Drivers/STM32C0xx_HAL_Driver/Src/stm32c0xx_hal_dma.c **** HAL_StatusTypeDef HAL_DMA_Start_IT(DMA_HandleTypeDef *hdma, uint32_t SrcAddress, uint32_t DstAddres
 393:Drivers/STM32C0xx_HAL_Driver/Src/stm32c0xx_hal_dma.c ****                                    uint32_t DataLength)
 394:Drivers/STM32C0xx_HAL_Driver/Src/stm32c0xx_hal_dma.c **** {
 395:Drivers/STM32C0xx_HAL_Driver/Src/stm32c0xx_hal_dma.c ****   HAL_StatusTypeDef status = HAL_OK;
 396:Drivers/STM32C0xx_HAL_Driver/Src/stm32c0xx_hal_dma.c **** 
 397:Drivers/STM32C0xx_HAL_Driver/Src/stm32c0xx_hal_dma.c ****   /* Check the parameters */
 398:Drivers/STM32C0xx_HAL_Driver/Src/stm32c0xx_hal_dma.c ****   assert_param(IS_DMA_BUFFER_SIZE(DataLength));
 399:Drivers/STM32C0xx_HAL_Driver/Src/stm32c0xx_hal_dma.c **** 
 400:Drivers/STM32C0xx_HAL_Driver/Src/stm32c0xx_hal_dma.c ****   /* Process locked */
 401:Drivers/STM32C0xx_HAL_Driver/Src/stm32c0xx_hal_dma.c ****   __HAL_LOCK(hdma);
 402:Drivers/STM32C0xx_HAL_Driver/Src/stm32c0xx_hal_dma.c **** 
 403:Drivers/STM32C0xx_HAL_Driver/Src/stm32c0xx_hal_dma.c ****   if (HAL_DMA_STATE_READY == hdma->State)
 404:Drivers/STM32C0xx_HAL_Driver/Src/stm32c0xx_hal_dma.c ****   {
 405:Drivers/STM32C0xx_HAL_Driver/Src/stm32c0xx_hal_dma.c ****     /* Change DMA peripheral state */
 406:Drivers/STM32C0xx_HAL_Driver/Src/stm32c0xx_hal_dma.c ****     hdma->State = HAL_DMA_STATE_BUSY;
 407:Drivers/STM32C0xx_HAL_Driver/Src/stm32c0xx_hal_dma.c ****     hdma->ErrorCode = HAL_DMA_ERROR_NONE;
 408:Drivers/STM32C0xx_HAL_Driver/Src/stm32c0xx_hal_dma.c **** 
 409:Drivers/STM32C0xx_HAL_Driver/Src/stm32c0xx_hal_dma.c ****     /* Disable the peripheral */
 410:Drivers/STM32C0xx_HAL_Driver/Src/stm32c0xx_hal_dma.c ****     __HAL_DMA_DISABLE(hdma);
 411:Drivers/STM32C0xx_HAL_Driver/Src/stm32c0xx_hal_dma.c **** 
 412:Drivers/STM32C0xx_HAL_Driver/Src/stm32c0xx_hal_dma.c ****     /* Configure the source, destination address and the data length & clear flags*/
 413:Drivers/STM32C0xx_HAL_Driver/Src/stm32c0xx_hal_dma.c ****     DMA_SetConfig(hdma, SrcAddress, DstAddress, DataLength);
 414:Drivers/STM32C0xx_HAL_Driver/Src/stm32c0xx_hal_dma.c **** 
 415:Drivers/STM32C0xx_HAL_Driver/Src/stm32c0xx_hal_dma.c ****     /* Enable the transfer complete interrupt */
 416:Drivers/STM32C0xx_HAL_Driver/Src/stm32c0xx_hal_dma.c ****     /* Enable the transfer Error interrupt */
 417:Drivers/STM32C0xx_HAL_Driver/Src/stm32c0xx_hal_dma.c ****     if (NULL != hdma->XferHalfCpltCallback)
 418:Drivers/STM32C0xx_HAL_Driver/Src/stm32c0xx_hal_dma.c ****     {
 419:Drivers/STM32C0xx_HAL_Driver/Src/stm32c0xx_hal_dma.c ****       /* Enable the Half transfer complete interrupt as well */
 420:Drivers/STM32C0xx_HAL_Driver/Src/stm32c0xx_hal_dma.c ****       __HAL_DMA_ENABLE_IT(hdma, (DMA_IT_TC | DMA_IT_HT | DMA_IT_TE));
 421:Drivers/STM32C0xx_HAL_Driver/Src/stm32c0xx_hal_dma.c ****     }
 422:Drivers/STM32C0xx_HAL_Driver/Src/stm32c0xx_hal_dma.c ****     else
 423:Drivers/STM32C0xx_HAL_Driver/Src/stm32c0xx_hal_dma.c ****     {
 424:Drivers/STM32C0xx_HAL_Driver/Src/stm32c0xx_hal_dma.c ****       __HAL_DMA_DISABLE_IT(hdma, DMA_IT_HT);
 425:Drivers/STM32C0xx_HAL_Driver/Src/stm32c0xx_hal_dma.c ****       __HAL_DMA_ENABLE_IT(hdma, (DMA_IT_TC | DMA_IT_TE));
 426:Drivers/STM32C0xx_HAL_Driver/Src/stm32c0xx_hal_dma.c ****     }
 427:Drivers/STM32C0xx_HAL_Driver/Src/stm32c0xx_hal_dma.c **** 
 428:Drivers/STM32C0xx_HAL_Driver/Src/stm32c0xx_hal_dma.c ****     /* Check if DMAMUX Synchronization is enabled*/
 429:Drivers/STM32C0xx_HAL_Driver/Src/stm32c0xx_hal_dma.c ****     if ((hdma->DMAmuxChannel->CCR & DMAMUX_CxCR_SE) != 0U)
 430:Drivers/STM32C0xx_HAL_Driver/Src/stm32c0xx_hal_dma.c ****     {
 431:Drivers/STM32C0xx_HAL_Driver/Src/stm32c0xx_hal_dma.c ****       /* Enable DMAMUX sync overrun IT*/
ARM GAS  C:\Users\amosd\AppData\Local\Temp\cczbCN06.s 			page 9


 432:Drivers/STM32C0xx_HAL_Driver/Src/stm32c0xx_hal_dma.c ****       hdma->DMAmuxChannel->CCR |= DMAMUX_CxCR_SOIE;
 433:Drivers/STM32C0xx_HAL_Driver/Src/stm32c0xx_hal_dma.c ****     }
 434:Drivers/STM32C0xx_HAL_Driver/Src/stm32c0xx_hal_dma.c **** 
 435:Drivers/STM32C0xx_HAL_Driver/Src/stm32c0xx_hal_dma.c ****     if (hdma->DMAmuxRequestGen != 0U)
 436:Drivers/STM32C0xx_HAL_Driver/Src/stm32c0xx_hal_dma.c ****     {
 437:Drivers/STM32C0xx_HAL_Driver/Src/stm32c0xx_hal_dma.c ****       /* if using DMAMUX request generator, enable the DMAMUX request generator overrun IT*/
 438:Drivers/STM32C0xx_HAL_Driver/Src/stm32c0xx_hal_dma.c ****       /* enable the request gen overrun IT*/
 439:Drivers/STM32C0xx_HAL_Driver/Src/stm32c0xx_hal_dma.c ****       hdma->DMAmuxRequestGen->RGCR |= DMAMUX_RGxCR_OIE;
 440:Drivers/STM32C0xx_HAL_Driver/Src/stm32c0xx_hal_dma.c ****     }
 441:Drivers/STM32C0xx_HAL_Driver/Src/stm32c0xx_hal_dma.c **** 
 442:Drivers/STM32C0xx_HAL_Driver/Src/stm32c0xx_hal_dma.c ****     /* Enable the Peripheral */
 443:Drivers/STM32C0xx_HAL_Driver/Src/stm32c0xx_hal_dma.c ****     __HAL_DMA_ENABLE(hdma);
 444:Drivers/STM32C0xx_HAL_Driver/Src/stm32c0xx_hal_dma.c ****   }
 445:Drivers/STM32C0xx_HAL_Driver/Src/stm32c0xx_hal_dma.c ****   else
 446:Drivers/STM32C0xx_HAL_Driver/Src/stm32c0xx_hal_dma.c ****   {
 447:Drivers/STM32C0xx_HAL_Driver/Src/stm32c0xx_hal_dma.c ****     /* Process Unlocked */
 448:Drivers/STM32C0xx_HAL_Driver/Src/stm32c0xx_hal_dma.c ****     __HAL_UNLOCK(hdma);
 449:Drivers/STM32C0xx_HAL_Driver/Src/stm32c0xx_hal_dma.c **** 
 450:Drivers/STM32C0xx_HAL_Driver/Src/stm32c0xx_hal_dma.c ****     /* Remain BUSY */
 451:Drivers/STM32C0xx_HAL_Driver/Src/stm32c0xx_hal_dma.c ****     status = HAL_BUSY;
 452:Drivers/STM32C0xx_HAL_Driver/Src/stm32c0xx_hal_dma.c ****   }
 453:Drivers/STM32C0xx_HAL_Driver/Src/stm32c0xx_hal_dma.c **** 
 454:Drivers/STM32C0xx_HAL_Driver/Src/stm32c0xx_hal_dma.c ****   /* Process unlocked */
 455:Drivers/STM32C0xx_HAL_Driver/Src/stm32c0xx_hal_dma.c ****   __HAL_UNLOCK(hdma);
 456:Drivers/STM32C0xx_HAL_Driver/Src/stm32c0xx_hal_dma.c **** 
 457:Drivers/STM32C0xx_HAL_Driver/Src/stm32c0xx_hal_dma.c ****   return status;
 458:Drivers/STM32C0xx_HAL_Driver/Src/stm32c0xx_hal_dma.c **** }
 459:Drivers/STM32C0xx_HAL_Driver/Src/stm32c0xx_hal_dma.c **** 
 460:Drivers/STM32C0xx_HAL_Driver/Src/stm32c0xx_hal_dma.c **** /**
 461:Drivers/STM32C0xx_HAL_Driver/Src/stm32c0xx_hal_dma.c ****   * @brief  Abort the DMA Transfer.
 462:Drivers/STM32C0xx_HAL_Driver/Src/stm32c0xx_hal_dma.c ****   * @param hdma Pointer to a DMA_HandleTypeDef structure that contains
 463:Drivers/STM32C0xx_HAL_Driver/Src/stm32c0xx_hal_dma.c ****   *               the configuration information for the specified DMA Channel.
 464:Drivers/STM32C0xx_HAL_Driver/Src/stm32c0xx_hal_dma.c ****     * @retval HAL status
 465:Drivers/STM32C0xx_HAL_Driver/Src/stm32c0xx_hal_dma.c ****   */
 466:Drivers/STM32C0xx_HAL_Driver/Src/stm32c0xx_hal_dma.c **** HAL_StatusTypeDef HAL_DMA_Abort(DMA_HandleTypeDef *hdma)
 467:Drivers/STM32C0xx_HAL_Driver/Src/stm32c0xx_hal_dma.c **** {
 468:Drivers/STM32C0xx_HAL_Driver/Src/stm32c0xx_hal_dma.c ****   /* Check the DMA peripheral handle */
 469:Drivers/STM32C0xx_HAL_Driver/Src/stm32c0xx_hal_dma.c ****   if (NULL == hdma)
 470:Drivers/STM32C0xx_HAL_Driver/Src/stm32c0xx_hal_dma.c ****   {
 471:Drivers/STM32C0xx_HAL_Driver/Src/stm32c0xx_hal_dma.c ****     return HAL_ERROR;
 472:Drivers/STM32C0xx_HAL_Driver/Src/stm32c0xx_hal_dma.c ****   }
 473:Drivers/STM32C0xx_HAL_Driver/Src/stm32c0xx_hal_dma.c **** 
 474:Drivers/STM32C0xx_HAL_Driver/Src/stm32c0xx_hal_dma.c ****   /* Check the DMA peripheral state */
 475:Drivers/STM32C0xx_HAL_Driver/Src/stm32c0xx_hal_dma.c ****   if (hdma->State != HAL_DMA_STATE_BUSY)
 476:Drivers/STM32C0xx_HAL_Driver/Src/stm32c0xx_hal_dma.c ****   {
 477:Drivers/STM32C0xx_HAL_Driver/Src/stm32c0xx_hal_dma.c ****     hdma->ErrorCode = HAL_DMA_ERROR_NO_XFER;
 478:Drivers/STM32C0xx_HAL_Driver/Src/stm32c0xx_hal_dma.c **** 
 479:Drivers/STM32C0xx_HAL_Driver/Src/stm32c0xx_hal_dma.c ****     /* Process Unlocked */
 480:Drivers/STM32C0xx_HAL_Driver/Src/stm32c0xx_hal_dma.c ****     __HAL_UNLOCK(hdma);
 481:Drivers/STM32C0xx_HAL_Driver/Src/stm32c0xx_hal_dma.c **** 
 482:Drivers/STM32C0xx_HAL_Driver/Src/stm32c0xx_hal_dma.c ****     return HAL_ERROR;
 483:Drivers/STM32C0xx_HAL_Driver/Src/stm32c0xx_hal_dma.c ****   }
 484:Drivers/STM32C0xx_HAL_Driver/Src/stm32c0xx_hal_dma.c ****   else
 485:Drivers/STM32C0xx_HAL_Driver/Src/stm32c0xx_hal_dma.c ****   {
 486:Drivers/STM32C0xx_HAL_Driver/Src/stm32c0xx_hal_dma.c ****     /* Disable DMA IT */
 487:Drivers/STM32C0xx_HAL_Driver/Src/stm32c0xx_hal_dma.c ****     __HAL_DMA_DISABLE_IT(hdma, (DMA_IT_TC | DMA_IT_HT | DMA_IT_TE));
 488:Drivers/STM32C0xx_HAL_Driver/Src/stm32c0xx_hal_dma.c **** 
ARM GAS  C:\Users\amosd\AppData\Local\Temp\cczbCN06.s 			page 10


 489:Drivers/STM32C0xx_HAL_Driver/Src/stm32c0xx_hal_dma.c ****     /* disable the DMAMUX sync overrun IT*/
 490:Drivers/STM32C0xx_HAL_Driver/Src/stm32c0xx_hal_dma.c ****     hdma->DMAmuxChannel->CCR &= ~DMAMUX_CxCR_SOIE;
 491:Drivers/STM32C0xx_HAL_Driver/Src/stm32c0xx_hal_dma.c **** 
 492:Drivers/STM32C0xx_HAL_Driver/Src/stm32c0xx_hal_dma.c ****     /* Disable the channel */
 493:Drivers/STM32C0xx_HAL_Driver/Src/stm32c0xx_hal_dma.c ****     __HAL_DMA_DISABLE(hdma);
 494:Drivers/STM32C0xx_HAL_Driver/Src/stm32c0xx_hal_dma.c **** 
 495:Drivers/STM32C0xx_HAL_Driver/Src/stm32c0xx_hal_dma.c ****     /* Clear all flags */
 496:Drivers/STM32C0xx_HAL_Driver/Src/stm32c0xx_hal_dma.c ****     __HAL_DMA_CLEAR_FLAG(hdma, ((DMA_FLAG_GI1) << (hdma->ChannelIndex  & 0x1cU)));
 497:Drivers/STM32C0xx_HAL_Driver/Src/stm32c0xx_hal_dma.c **** 
 498:Drivers/STM32C0xx_HAL_Driver/Src/stm32c0xx_hal_dma.c ****     /* Clear the DMAMUX synchro overrun flag */
 499:Drivers/STM32C0xx_HAL_Driver/Src/stm32c0xx_hal_dma.c ****     hdma->DMAmuxChannelStatus->CFR = hdma->DMAmuxChannelStatusMask;
 500:Drivers/STM32C0xx_HAL_Driver/Src/stm32c0xx_hal_dma.c **** 
 501:Drivers/STM32C0xx_HAL_Driver/Src/stm32c0xx_hal_dma.c ****     if (hdma->DMAmuxRequestGen != 0U)
 502:Drivers/STM32C0xx_HAL_Driver/Src/stm32c0xx_hal_dma.c ****     {
 503:Drivers/STM32C0xx_HAL_Driver/Src/stm32c0xx_hal_dma.c ****       /* if using DMAMUX request generator, disable the DMAMUX request generator overrun IT*/
 504:Drivers/STM32C0xx_HAL_Driver/Src/stm32c0xx_hal_dma.c ****       /* disable the request gen overrun IT*/
 505:Drivers/STM32C0xx_HAL_Driver/Src/stm32c0xx_hal_dma.c ****       hdma->DMAmuxRequestGen->RGCR &= ~DMAMUX_RGxCR_OIE;
 506:Drivers/STM32C0xx_HAL_Driver/Src/stm32c0xx_hal_dma.c **** 
 507:Drivers/STM32C0xx_HAL_Driver/Src/stm32c0xx_hal_dma.c ****       /* Clear the DMAMUX request generator overrun flag */
 508:Drivers/STM32C0xx_HAL_Driver/Src/stm32c0xx_hal_dma.c ****       hdma->DMAmuxRequestGenStatus->RGCFR = hdma->DMAmuxRequestGenStatusMask;
 509:Drivers/STM32C0xx_HAL_Driver/Src/stm32c0xx_hal_dma.c ****     }
 510:Drivers/STM32C0xx_HAL_Driver/Src/stm32c0xx_hal_dma.c **** 
 511:Drivers/STM32C0xx_HAL_Driver/Src/stm32c0xx_hal_dma.c ****     /* Change the DMA state */
 512:Drivers/STM32C0xx_HAL_Driver/Src/stm32c0xx_hal_dma.c ****     hdma->State = HAL_DMA_STATE_READY;
 513:Drivers/STM32C0xx_HAL_Driver/Src/stm32c0xx_hal_dma.c **** 
 514:Drivers/STM32C0xx_HAL_Driver/Src/stm32c0xx_hal_dma.c ****     /* Process Unlocked */
 515:Drivers/STM32C0xx_HAL_Driver/Src/stm32c0xx_hal_dma.c ****     __HAL_UNLOCK(hdma);
 516:Drivers/STM32C0xx_HAL_Driver/Src/stm32c0xx_hal_dma.c ****   }
 517:Drivers/STM32C0xx_HAL_Driver/Src/stm32c0xx_hal_dma.c **** 
 518:Drivers/STM32C0xx_HAL_Driver/Src/stm32c0xx_hal_dma.c ****   return HAL_OK;
 519:Drivers/STM32C0xx_HAL_Driver/Src/stm32c0xx_hal_dma.c **** }
 520:Drivers/STM32C0xx_HAL_Driver/Src/stm32c0xx_hal_dma.c **** 
 521:Drivers/STM32C0xx_HAL_Driver/Src/stm32c0xx_hal_dma.c **** /**
 522:Drivers/STM32C0xx_HAL_Driver/Src/stm32c0xx_hal_dma.c ****   * @brief  Aborts the DMA Transfer in Interrupt mode.
 523:Drivers/STM32C0xx_HAL_Driver/Src/stm32c0xx_hal_dma.c ****   * @param  hdma    pointer to a DMA_HandleTypeDef structure that contains
 524:Drivers/STM32C0xx_HAL_Driver/Src/stm32c0xx_hal_dma.c ****   *                 the configuration information for the specified DMA Stream.
 525:Drivers/STM32C0xx_HAL_Driver/Src/stm32c0xx_hal_dma.c ****   * @retval HAL status
 526:Drivers/STM32C0xx_HAL_Driver/Src/stm32c0xx_hal_dma.c ****   */
 527:Drivers/STM32C0xx_HAL_Driver/Src/stm32c0xx_hal_dma.c **** HAL_StatusTypeDef HAL_DMA_Abort_IT(DMA_HandleTypeDef *hdma)
 528:Drivers/STM32C0xx_HAL_Driver/Src/stm32c0xx_hal_dma.c **** {
 529:Drivers/STM32C0xx_HAL_Driver/Src/stm32c0xx_hal_dma.c ****   HAL_StatusTypeDef status = HAL_OK;
 530:Drivers/STM32C0xx_HAL_Driver/Src/stm32c0xx_hal_dma.c **** 
 531:Drivers/STM32C0xx_HAL_Driver/Src/stm32c0xx_hal_dma.c ****   if (HAL_DMA_STATE_BUSY != hdma->State)
 532:Drivers/STM32C0xx_HAL_Driver/Src/stm32c0xx_hal_dma.c ****   {
 533:Drivers/STM32C0xx_HAL_Driver/Src/stm32c0xx_hal_dma.c ****     /* no transfer ongoing */
 534:Drivers/STM32C0xx_HAL_Driver/Src/stm32c0xx_hal_dma.c ****     hdma->ErrorCode = HAL_DMA_ERROR_NO_XFER;
 535:Drivers/STM32C0xx_HAL_Driver/Src/stm32c0xx_hal_dma.c **** 
 536:Drivers/STM32C0xx_HAL_Driver/Src/stm32c0xx_hal_dma.c ****     status = HAL_ERROR;
 537:Drivers/STM32C0xx_HAL_Driver/Src/stm32c0xx_hal_dma.c ****   }
 538:Drivers/STM32C0xx_HAL_Driver/Src/stm32c0xx_hal_dma.c ****   else
 539:Drivers/STM32C0xx_HAL_Driver/Src/stm32c0xx_hal_dma.c ****   {
 540:Drivers/STM32C0xx_HAL_Driver/Src/stm32c0xx_hal_dma.c ****     /* Disable DMA IT */
 541:Drivers/STM32C0xx_HAL_Driver/Src/stm32c0xx_hal_dma.c ****     __HAL_DMA_DISABLE_IT(hdma, (DMA_IT_TC | DMA_IT_HT | DMA_IT_TE));
 542:Drivers/STM32C0xx_HAL_Driver/Src/stm32c0xx_hal_dma.c **** 
 543:Drivers/STM32C0xx_HAL_Driver/Src/stm32c0xx_hal_dma.c ****     /* Disable the channel */
 544:Drivers/STM32C0xx_HAL_Driver/Src/stm32c0xx_hal_dma.c ****     __HAL_DMA_DISABLE(hdma);
 545:Drivers/STM32C0xx_HAL_Driver/Src/stm32c0xx_hal_dma.c **** 
ARM GAS  C:\Users\amosd\AppData\Local\Temp\cczbCN06.s 			page 11


 546:Drivers/STM32C0xx_HAL_Driver/Src/stm32c0xx_hal_dma.c ****     /* disable the DMAMUX sync overrun IT*/
 547:Drivers/STM32C0xx_HAL_Driver/Src/stm32c0xx_hal_dma.c ****     hdma->DMAmuxChannel->CCR &= ~DMAMUX_CxCR_SOIE;
 548:Drivers/STM32C0xx_HAL_Driver/Src/stm32c0xx_hal_dma.c **** 
 549:Drivers/STM32C0xx_HAL_Driver/Src/stm32c0xx_hal_dma.c ****     /* Clear all flags */
 550:Drivers/STM32C0xx_HAL_Driver/Src/stm32c0xx_hal_dma.c ****     __HAL_DMA_CLEAR_FLAG(hdma, ((DMA_FLAG_GI1) << (hdma->ChannelIndex & 0x1cU)));
 551:Drivers/STM32C0xx_HAL_Driver/Src/stm32c0xx_hal_dma.c **** 
 552:Drivers/STM32C0xx_HAL_Driver/Src/stm32c0xx_hal_dma.c ****     /* Clear the DMAMUX synchro overrun flag */
 553:Drivers/STM32C0xx_HAL_Driver/Src/stm32c0xx_hal_dma.c ****     hdma->DMAmuxChannelStatus->CFR = hdma->DMAmuxChannelStatusMask;
 554:Drivers/STM32C0xx_HAL_Driver/Src/stm32c0xx_hal_dma.c **** 
 555:Drivers/STM32C0xx_HAL_Driver/Src/stm32c0xx_hal_dma.c ****     if (hdma->DMAmuxRequestGen != 0U)
 556:Drivers/STM32C0xx_HAL_Driver/Src/stm32c0xx_hal_dma.c ****     {
 557:Drivers/STM32C0xx_HAL_Driver/Src/stm32c0xx_hal_dma.c ****       /* if using DMAMUX request generator, disable the DMAMUX request generator overrun IT*/
 558:Drivers/STM32C0xx_HAL_Driver/Src/stm32c0xx_hal_dma.c ****       /* disable the request gen overrun IT*/
 559:Drivers/STM32C0xx_HAL_Driver/Src/stm32c0xx_hal_dma.c ****       hdma->DMAmuxRequestGen->RGCR &= ~DMAMUX_RGxCR_OIE;
 560:Drivers/STM32C0xx_HAL_Driver/Src/stm32c0xx_hal_dma.c **** 
 561:Drivers/STM32C0xx_HAL_Driver/Src/stm32c0xx_hal_dma.c ****       /* Clear the DMAMUX request generator overrun flag */
 562:Drivers/STM32C0xx_HAL_Driver/Src/stm32c0xx_hal_dma.c ****       hdma->DMAmuxRequestGenStatus->RGCFR = hdma->DMAmuxRequestGenStatusMask;
 563:Drivers/STM32C0xx_HAL_Driver/Src/stm32c0xx_hal_dma.c ****     }
 564:Drivers/STM32C0xx_HAL_Driver/Src/stm32c0xx_hal_dma.c **** 
 565:Drivers/STM32C0xx_HAL_Driver/Src/stm32c0xx_hal_dma.c ****     /* Change the DMA state */
 566:Drivers/STM32C0xx_HAL_Driver/Src/stm32c0xx_hal_dma.c ****     hdma->State = HAL_DMA_STATE_READY;
 567:Drivers/STM32C0xx_HAL_Driver/Src/stm32c0xx_hal_dma.c **** 
 568:Drivers/STM32C0xx_HAL_Driver/Src/stm32c0xx_hal_dma.c ****     /* Process Unlocked */
 569:Drivers/STM32C0xx_HAL_Driver/Src/stm32c0xx_hal_dma.c ****     __HAL_UNLOCK(hdma);
 570:Drivers/STM32C0xx_HAL_Driver/Src/stm32c0xx_hal_dma.c **** 
 571:Drivers/STM32C0xx_HAL_Driver/Src/stm32c0xx_hal_dma.c ****     /* Call User Abort callback */
 572:Drivers/STM32C0xx_HAL_Driver/Src/stm32c0xx_hal_dma.c ****     if (hdma->XferAbortCallback != NULL)
 573:Drivers/STM32C0xx_HAL_Driver/Src/stm32c0xx_hal_dma.c ****     {
 574:Drivers/STM32C0xx_HAL_Driver/Src/stm32c0xx_hal_dma.c ****       hdma->XferAbortCallback(hdma);
 575:Drivers/STM32C0xx_HAL_Driver/Src/stm32c0xx_hal_dma.c ****     }
 576:Drivers/STM32C0xx_HAL_Driver/Src/stm32c0xx_hal_dma.c ****   }
 577:Drivers/STM32C0xx_HAL_Driver/Src/stm32c0xx_hal_dma.c ****   return status;
 578:Drivers/STM32C0xx_HAL_Driver/Src/stm32c0xx_hal_dma.c **** }
 579:Drivers/STM32C0xx_HAL_Driver/Src/stm32c0xx_hal_dma.c **** 
 580:Drivers/STM32C0xx_HAL_Driver/Src/stm32c0xx_hal_dma.c **** /**
 581:Drivers/STM32C0xx_HAL_Driver/Src/stm32c0xx_hal_dma.c ****   * @brief  Polling for transfer complete.
 582:Drivers/STM32C0xx_HAL_Driver/Src/stm32c0xx_hal_dma.c ****   * @param hdma Pointer to a DMA_HandleTypeDef structure that contains
 583:Drivers/STM32C0xx_HAL_Driver/Src/stm32c0xx_hal_dma.c ****   *                  the configuration information for the specified DMA Channel.
 584:Drivers/STM32C0xx_HAL_Driver/Src/stm32c0xx_hal_dma.c ****   * @param CompleteLevel Specifies the DMA level complete.
 585:Drivers/STM32C0xx_HAL_Driver/Src/stm32c0xx_hal_dma.c ****   * @param Timeout Timeout duration.
 586:Drivers/STM32C0xx_HAL_Driver/Src/stm32c0xx_hal_dma.c ****   * @retval HAL status
 587:Drivers/STM32C0xx_HAL_Driver/Src/stm32c0xx_hal_dma.c ****   */
 588:Drivers/STM32C0xx_HAL_Driver/Src/stm32c0xx_hal_dma.c **** HAL_StatusTypeDef HAL_DMA_PollForTransfer(DMA_HandleTypeDef *hdma, HAL_DMA_LevelCompleteTypeDef Com
 589:Drivers/STM32C0xx_HAL_Driver/Src/stm32c0xx_hal_dma.c ****                                           uint32_t Timeout)
 590:Drivers/STM32C0xx_HAL_Driver/Src/stm32c0xx_hal_dma.c **** {
 591:Drivers/STM32C0xx_HAL_Driver/Src/stm32c0xx_hal_dma.c ****   uint32_t temp;
 592:Drivers/STM32C0xx_HAL_Driver/Src/stm32c0xx_hal_dma.c ****   uint32_t tickstart;
 593:Drivers/STM32C0xx_HAL_Driver/Src/stm32c0xx_hal_dma.c **** 
 594:Drivers/STM32C0xx_HAL_Driver/Src/stm32c0xx_hal_dma.c ****   /* Process unlocked */
 595:Drivers/STM32C0xx_HAL_Driver/Src/stm32c0xx_hal_dma.c ****   __HAL_UNLOCK(hdma);
 596:Drivers/STM32C0xx_HAL_Driver/Src/stm32c0xx_hal_dma.c **** 
 597:Drivers/STM32C0xx_HAL_Driver/Src/stm32c0xx_hal_dma.c ****   if (HAL_DMA_STATE_BUSY != hdma->State)
 598:Drivers/STM32C0xx_HAL_Driver/Src/stm32c0xx_hal_dma.c ****   {
 599:Drivers/STM32C0xx_HAL_Driver/Src/stm32c0xx_hal_dma.c ****     /* no transfer ongoing */
 600:Drivers/STM32C0xx_HAL_Driver/Src/stm32c0xx_hal_dma.c ****     hdma->ErrorCode = HAL_DMA_ERROR_NO_XFER;
 601:Drivers/STM32C0xx_HAL_Driver/Src/stm32c0xx_hal_dma.c ****     __HAL_UNLOCK(hdma);
 602:Drivers/STM32C0xx_HAL_Driver/Src/stm32c0xx_hal_dma.c ****     return HAL_ERROR;
ARM GAS  C:\Users\amosd\AppData\Local\Temp\cczbCN06.s 			page 12


 603:Drivers/STM32C0xx_HAL_Driver/Src/stm32c0xx_hal_dma.c ****   }
 604:Drivers/STM32C0xx_HAL_Driver/Src/stm32c0xx_hal_dma.c **** 
 605:Drivers/STM32C0xx_HAL_Driver/Src/stm32c0xx_hal_dma.c ****   /* Polling mode not supported in circular mode */
 606:Drivers/STM32C0xx_HAL_Driver/Src/stm32c0xx_hal_dma.c ****   if ((hdma->Instance->CCR & DMA_CCR_CIRC) != 0U)
 607:Drivers/STM32C0xx_HAL_Driver/Src/stm32c0xx_hal_dma.c ****   {
 608:Drivers/STM32C0xx_HAL_Driver/Src/stm32c0xx_hal_dma.c ****     hdma->ErrorCode = HAL_DMA_ERROR_NOT_SUPPORTED;
 609:Drivers/STM32C0xx_HAL_Driver/Src/stm32c0xx_hal_dma.c ****     return HAL_ERROR;
 610:Drivers/STM32C0xx_HAL_Driver/Src/stm32c0xx_hal_dma.c ****   }
 611:Drivers/STM32C0xx_HAL_Driver/Src/stm32c0xx_hal_dma.c **** 
 612:Drivers/STM32C0xx_HAL_Driver/Src/stm32c0xx_hal_dma.c ****   /* Get the level transfer complete flag */
 613:Drivers/STM32C0xx_HAL_Driver/Src/stm32c0xx_hal_dma.c ****   if (HAL_DMA_FULL_TRANSFER == CompleteLevel)
 614:Drivers/STM32C0xx_HAL_Driver/Src/stm32c0xx_hal_dma.c ****   {
 615:Drivers/STM32C0xx_HAL_Driver/Src/stm32c0xx_hal_dma.c ****     /* Transfer Complete flag */
 616:Drivers/STM32C0xx_HAL_Driver/Src/stm32c0xx_hal_dma.c ****     temp = DMA_FLAG_TC1 << (hdma->ChannelIndex & 0x1cU);
 617:Drivers/STM32C0xx_HAL_Driver/Src/stm32c0xx_hal_dma.c ****   }
 618:Drivers/STM32C0xx_HAL_Driver/Src/stm32c0xx_hal_dma.c ****   else
 619:Drivers/STM32C0xx_HAL_Driver/Src/stm32c0xx_hal_dma.c ****   {
 620:Drivers/STM32C0xx_HAL_Driver/Src/stm32c0xx_hal_dma.c ****     /* Half Transfer Complete flag */
 621:Drivers/STM32C0xx_HAL_Driver/Src/stm32c0xx_hal_dma.c ****     temp = DMA_FLAG_HT1 << (hdma->ChannelIndex  & 0x1cU);
 622:Drivers/STM32C0xx_HAL_Driver/Src/stm32c0xx_hal_dma.c ****   }
 623:Drivers/STM32C0xx_HAL_Driver/Src/stm32c0xx_hal_dma.c **** 
 624:Drivers/STM32C0xx_HAL_Driver/Src/stm32c0xx_hal_dma.c ****   /* Get tick */
 625:Drivers/STM32C0xx_HAL_Driver/Src/stm32c0xx_hal_dma.c ****   tickstart = HAL_GetTick();
 626:Drivers/STM32C0xx_HAL_Driver/Src/stm32c0xx_hal_dma.c **** 
 627:Drivers/STM32C0xx_HAL_Driver/Src/stm32c0xx_hal_dma.c ****   while (0U == __HAL_DMA_GET_FLAG(hdma, temp))
 628:Drivers/STM32C0xx_HAL_Driver/Src/stm32c0xx_hal_dma.c ****   {
 629:Drivers/STM32C0xx_HAL_Driver/Src/stm32c0xx_hal_dma.c ****     if (0U != __HAL_DMA_GET_FLAG(hdma, (DMA_FLAG_TE1 << (hdma->ChannelIndex & 0x1cU))))
 630:Drivers/STM32C0xx_HAL_Driver/Src/stm32c0xx_hal_dma.c ****     {
 631:Drivers/STM32C0xx_HAL_Driver/Src/stm32c0xx_hal_dma.c ****       /* When a DMA transfer error occurs */
 632:Drivers/STM32C0xx_HAL_Driver/Src/stm32c0xx_hal_dma.c ****       /* A hardware clear of its EN bits is performed */
 633:Drivers/STM32C0xx_HAL_Driver/Src/stm32c0xx_hal_dma.c ****       /* Clear all flags */
 634:Drivers/STM32C0xx_HAL_Driver/Src/stm32c0xx_hal_dma.c ****       __HAL_DMA_CLEAR_FLAG(hdma, ((DMA_FLAG_GI1) << (hdma->ChannelIndex & 0x1cU)));
 635:Drivers/STM32C0xx_HAL_Driver/Src/stm32c0xx_hal_dma.c **** 
 636:Drivers/STM32C0xx_HAL_Driver/Src/stm32c0xx_hal_dma.c ****       /* Update error code */
 637:Drivers/STM32C0xx_HAL_Driver/Src/stm32c0xx_hal_dma.c ****       hdma->ErrorCode = HAL_DMA_ERROR_TE;
 638:Drivers/STM32C0xx_HAL_Driver/Src/stm32c0xx_hal_dma.c **** 
 639:Drivers/STM32C0xx_HAL_Driver/Src/stm32c0xx_hal_dma.c ****       /* Change the DMA state */
 640:Drivers/STM32C0xx_HAL_Driver/Src/stm32c0xx_hal_dma.c ****       hdma->State = HAL_DMA_STATE_READY;
 641:Drivers/STM32C0xx_HAL_Driver/Src/stm32c0xx_hal_dma.c **** 
 642:Drivers/STM32C0xx_HAL_Driver/Src/stm32c0xx_hal_dma.c ****       /* Process Unlocked */
 643:Drivers/STM32C0xx_HAL_Driver/Src/stm32c0xx_hal_dma.c ****       __HAL_UNLOCK(hdma);
 644:Drivers/STM32C0xx_HAL_Driver/Src/stm32c0xx_hal_dma.c **** 
 645:Drivers/STM32C0xx_HAL_Driver/Src/stm32c0xx_hal_dma.c ****       return HAL_ERROR;
 646:Drivers/STM32C0xx_HAL_Driver/Src/stm32c0xx_hal_dma.c ****     }
 647:Drivers/STM32C0xx_HAL_Driver/Src/stm32c0xx_hal_dma.c ****     /* Check for the Timeout */
 648:Drivers/STM32C0xx_HAL_Driver/Src/stm32c0xx_hal_dma.c ****     if (Timeout != HAL_MAX_DELAY)
 649:Drivers/STM32C0xx_HAL_Driver/Src/stm32c0xx_hal_dma.c ****     {
 650:Drivers/STM32C0xx_HAL_Driver/Src/stm32c0xx_hal_dma.c ****       if (((HAL_GetTick() - tickstart) > Timeout) || (Timeout == 0U))
 651:Drivers/STM32C0xx_HAL_Driver/Src/stm32c0xx_hal_dma.c ****       {
 652:Drivers/STM32C0xx_HAL_Driver/Src/stm32c0xx_hal_dma.c ****         /* Update error code */
 653:Drivers/STM32C0xx_HAL_Driver/Src/stm32c0xx_hal_dma.c ****         hdma->ErrorCode = HAL_DMA_ERROR_TIMEOUT;
 654:Drivers/STM32C0xx_HAL_Driver/Src/stm32c0xx_hal_dma.c **** 
 655:Drivers/STM32C0xx_HAL_Driver/Src/stm32c0xx_hal_dma.c ****         /* Change the DMA state */
 656:Drivers/STM32C0xx_HAL_Driver/Src/stm32c0xx_hal_dma.c ****         hdma->State = HAL_DMA_STATE_READY;
 657:Drivers/STM32C0xx_HAL_Driver/Src/stm32c0xx_hal_dma.c **** 
 658:Drivers/STM32C0xx_HAL_Driver/Src/stm32c0xx_hal_dma.c ****         /* Process Unlocked */
 659:Drivers/STM32C0xx_HAL_Driver/Src/stm32c0xx_hal_dma.c ****         __HAL_UNLOCK(hdma);
ARM GAS  C:\Users\amosd\AppData\Local\Temp\cczbCN06.s 			page 13


 660:Drivers/STM32C0xx_HAL_Driver/Src/stm32c0xx_hal_dma.c **** 
 661:Drivers/STM32C0xx_HAL_Driver/Src/stm32c0xx_hal_dma.c ****         return HAL_ERROR;
 662:Drivers/STM32C0xx_HAL_Driver/Src/stm32c0xx_hal_dma.c ****       }
 663:Drivers/STM32C0xx_HAL_Driver/Src/stm32c0xx_hal_dma.c ****     }
 664:Drivers/STM32C0xx_HAL_Driver/Src/stm32c0xx_hal_dma.c ****   }
 665:Drivers/STM32C0xx_HAL_Driver/Src/stm32c0xx_hal_dma.c **** 
 666:Drivers/STM32C0xx_HAL_Driver/Src/stm32c0xx_hal_dma.c ****   /*Check for DMAMUX Request generator (if used) overrun status */
 667:Drivers/STM32C0xx_HAL_Driver/Src/stm32c0xx_hal_dma.c ****   if (hdma->DMAmuxRequestGen != 0U)
 668:Drivers/STM32C0xx_HAL_Driver/Src/stm32c0xx_hal_dma.c ****   {
 669:Drivers/STM32C0xx_HAL_Driver/Src/stm32c0xx_hal_dma.c ****     /* if using DMAMUX request generator Check for DMAMUX request generator overrun */
 670:Drivers/STM32C0xx_HAL_Driver/Src/stm32c0xx_hal_dma.c ****     if ((hdma->DMAmuxRequestGenStatus->RGSR & hdma->DMAmuxRequestGenStatusMask) != 0U)
 671:Drivers/STM32C0xx_HAL_Driver/Src/stm32c0xx_hal_dma.c ****     {
 672:Drivers/STM32C0xx_HAL_Driver/Src/stm32c0xx_hal_dma.c ****       /* Disable the request gen overrun interrupt */
 673:Drivers/STM32C0xx_HAL_Driver/Src/stm32c0xx_hal_dma.c ****       hdma->DMAmuxRequestGen->RGCR |= DMAMUX_RGxCR_OIE;
 674:Drivers/STM32C0xx_HAL_Driver/Src/stm32c0xx_hal_dma.c **** 
 675:Drivers/STM32C0xx_HAL_Driver/Src/stm32c0xx_hal_dma.c ****       /* Clear the DMAMUX request generator overrun flag */
 676:Drivers/STM32C0xx_HAL_Driver/Src/stm32c0xx_hal_dma.c ****       hdma->DMAmuxRequestGenStatus->RGCFR = hdma->DMAmuxRequestGenStatusMask;
 677:Drivers/STM32C0xx_HAL_Driver/Src/stm32c0xx_hal_dma.c **** 
 678:Drivers/STM32C0xx_HAL_Driver/Src/stm32c0xx_hal_dma.c ****       /* Update error code */
 679:Drivers/STM32C0xx_HAL_Driver/Src/stm32c0xx_hal_dma.c ****       hdma->ErrorCode |= HAL_DMA_ERROR_REQGEN;
 680:Drivers/STM32C0xx_HAL_Driver/Src/stm32c0xx_hal_dma.c ****     }
 681:Drivers/STM32C0xx_HAL_Driver/Src/stm32c0xx_hal_dma.c ****   }
 682:Drivers/STM32C0xx_HAL_Driver/Src/stm32c0xx_hal_dma.c **** 
 683:Drivers/STM32C0xx_HAL_Driver/Src/stm32c0xx_hal_dma.c ****   /* Check for DMAMUX Synchronization overrun */
 684:Drivers/STM32C0xx_HAL_Driver/Src/stm32c0xx_hal_dma.c ****   if ((hdma->DMAmuxChannelStatus->CSR & hdma->DMAmuxChannelStatusMask) != 0U)
 685:Drivers/STM32C0xx_HAL_Driver/Src/stm32c0xx_hal_dma.c ****   {
 686:Drivers/STM32C0xx_HAL_Driver/Src/stm32c0xx_hal_dma.c ****     /* Clear the DMAMUX synchro overrun flag */
 687:Drivers/STM32C0xx_HAL_Driver/Src/stm32c0xx_hal_dma.c ****     hdma->DMAmuxChannelStatus->CFR = hdma->DMAmuxChannelStatusMask;
 688:Drivers/STM32C0xx_HAL_Driver/Src/stm32c0xx_hal_dma.c **** 
 689:Drivers/STM32C0xx_HAL_Driver/Src/stm32c0xx_hal_dma.c ****     /* Update error code */
 690:Drivers/STM32C0xx_HAL_Driver/Src/stm32c0xx_hal_dma.c ****     hdma->ErrorCode |= HAL_DMA_ERROR_SYNC;
 691:Drivers/STM32C0xx_HAL_Driver/Src/stm32c0xx_hal_dma.c ****   }
 692:Drivers/STM32C0xx_HAL_Driver/Src/stm32c0xx_hal_dma.c **** 
 693:Drivers/STM32C0xx_HAL_Driver/Src/stm32c0xx_hal_dma.c ****   if (HAL_DMA_FULL_TRANSFER == CompleteLevel)
 694:Drivers/STM32C0xx_HAL_Driver/Src/stm32c0xx_hal_dma.c ****   {
 695:Drivers/STM32C0xx_HAL_Driver/Src/stm32c0xx_hal_dma.c ****     /* Clear the transfer complete flag */
 696:Drivers/STM32C0xx_HAL_Driver/Src/stm32c0xx_hal_dma.c ****     __HAL_DMA_CLEAR_FLAG(hdma, (DMA_FLAG_TC1 << (hdma->ChannelIndex & 0x1cU)));
 697:Drivers/STM32C0xx_HAL_Driver/Src/stm32c0xx_hal_dma.c **** 
 698:Drivers/STM32C0xx_HAL_Driver/Src/stm32c0xx_hal_dma.c ****     /* The selected Channelx EN bit is cleared (DMA is disabled and
 699:Drivers/STM32C0xx_HAL_Driver/Src/stm32c0xx_hal_dma.c ****     all transfers are complete) */
 700:Drivers/STM32C0xx_HAL_Driver/Src/stm32c0xx_hal_dma.c ****     hdma->State = HAL_DMA_STATE_READY;
 701:Drivers/STM32C0xx_HAL_Driver/Src/stm32c0xx_hal_dma.c ****   }
 702:Drivers/STM32C0xx_HAL_Driver/Src/stm32c0xx_hal_dma.c ****   else
 703:Drivers/STM32C0xx_HAL_Driver/Src/stm32c0xx_hal_dma.c ****   {
 704:Drivers/STM32C0xx_HAL_Driver/Src/stm32c0xx_hal_dma.c ****     /* Clear the half transfer complete flag */
 705:Drivers/STM32C0xx_HAL_Driver/Src/stm32c0xx_hal_dma.c ****     __HAL_DMA_CLEAR_FLAG(hdma, (DMA_FLAG_HT1 << (hdma->ChannelIndex & 0x1cU)));
 706:Drivers/STM32C0xx_HAL_Driver/Src/stm32c0xx_hal_dma.c ****   }
 707:Drivers/STM32C0xx_HAL_Driver/Src/stm32c0xx_hal_dma.c **** 
 708:Drivers/STM32C0xx_HAL_Driver/Src/stm32c0xx_hal_dma.c ****   /* Process unlocked */
 709:Drivers/STM32C0xx_HAL_Driver/Src/stm32c0xx_hal_dma.c ****   __HAL_UNLOCK(hdma);
 710:Drivers/STM32C0xx_HAL_Driver/Src/stm32c0xx_hal_dma.c **** 
 711:Drivers/STM32C0xx_HAL_Driver/Src/stm32c0xx_hal_dma.c ****   return HAL_OK;
 712:Drivers/STM32C0xx_HAL_Driver/Src/stm32c0xx_hal_dma.c **** }
 713:Drivers/STM32C0xx_HAL_Driver/Src/stm32c0xx_hal_dma.c **** 
 714:Drivers/STM32C0xx_HAL_Driver/Src/stm32c0xx_hal_dma.c **** /**
 715:Drivers/STM32C0xx_HAL_Driver/Src/stm32c0xx_hal_dma.c ****   * @brief  Handle DMA interrupt request.
 716:Drivers/STM32C0xx_HAL_Driver/Src/stm32c0xx_hal_dma.c ****   * @param  hdma: pointer to a DMA_HandleTypeDef structure that contains
ARM GAS  C:\Users\amosd\AppData\Local\Temp\cczbCN06.s 			page 14


 717:Drivers/STM32C0xx_HAL_Driver/Src/stm32c0xx_hal_dma.c ****   *               the configuration information for the specified DMA Channel.
 718:Drivers/STM32C0xx_HAL_Driver/Src/stm32c0xx_hal_dma.c ****   * @retval None
 719:Drivers/STM32C0xx_HAL_Driver/Src/stm32c0xx_hal_dma.c ****   */
 720:Drivers/STM32C0xx_HAL_Driver/Src/stm32c0xx_hal_dma.c **** void HAL_DMA_IRQHandler(DMA_HandleTypeDef *hdma)
 721:Drivers/STM32C0xx_HAL_Driver/Src/stm32c0xx_hal_dma.c **** {
 722:Drivers/STM32C0xx_HAL_Driver/Src/stm32c0xx_hal_dma.c ****   uint32_t flag_it = DMA1->ISR;
 723:Drivers/STM32C0xx_HAL_Driver/Src/stm32c0xx_hal_dma.c ****   uint32_t source_it = hdma->Instance->CCR;
 724:Drivers/STM32C0xx_HAL_Driver/Src/stm32c0xx_hal_dma.c **** 
 725:Drivers/STM32C0xx_HAL_Driver/Src/stm32c0xx_hal_dma.c ****   /* Half Transfer Complete Interrupt management ******************************/
 726:Drivers/STM32C0xx_HAL_Driver/Src/stm32c0xx_hal_dma.c ****   if (((flag_it & (DMA_FLAG_HT1 << (hdma->ChannelIndex & 0x1cU))) != 0U) && ((source_it & DMA_IT_HT
 727:Drivers/STM32C0xx_HAL_Driver/Src/stm32c0xx_hal_dma.c ****   {
 728:Drivers/STM32C0xx_HAL_Driver/Src/stm32c0xx_hal_dma.c ****     /* Disable the half transfer interrupt if the DMA mode is not CIRCULAR */
 729:Drivers/STM32C0xx_HAL_Driver/Src/stm32c0xx_hal_dma.c ****     if ((hdma->Instance->CCR & DMA_CCR_CIRC) == 0U)
 730:Drivers/STM32C0xx_HAL_Driver/Src/stm32c0xx_hal_dma.c ****     {
 731:Drivers/STM32C0xx_HAL_Driver/Src/stm32c0xx_hal_dma.c ****       /* Disable the half transfer interrupt */
 732:Drivers/STM32C0xx_HAL_Driver/Src/stm32c0xx_hal_dma.c ****       __HAL_DMA_DISABLE_IT(hdma, DMA_IT_HT);
 733:Drivers/STM32C0xx_HAL_Driver/Src/stm32c0xx_hal_dma.c ****     }
 734:Drivers/STM32C0xx_HAL_Driver/Src/stm32c0xx_hal_dma.c ****     /* Clear the half transfer complete flag */
 735:Drivers/STM32C0xx_HAL_Driver/Src/stm32c0xx_hal_dma.c ****     __HAL_DMA_CLEAR_FLAG(hdma, (DMA_FLAG_HT1 << (hdma->ChannelIndex & 0x1cU)));
 736:Drivers/STM32C0xx_HAL_Driver/Src/stm32c0xx_hal_dma.c **** 
 737:Drivers/STM32C0xx_HAL_Driver/Src/stm32c0xx_hal_dma.c ****     /* DMA peripheral state is not updated in Half Transfer */
 738:Drivers/STM32C0xx_HAL_Driver/Src/stm32c0xx_hal_dma.c ****     /* but in Transfer Complete case */
 739:Drivers/STM32C0xx_HAL_Driver/Src/stm32c0xx_hal_dma.c **** 
 740:Drivers/STM32C0xx_HAL_Driver/Src/stm32c0xx_hal_dma.c ****     if (hdma->XferHalfCpltCallback != NULL)
 741:Drivers/STM32C0xx_HAL_Driver/Src/stm32c0xx_hal_dma.c ****     {
 742:Drivers/STM32C0xx_HAL_Driver/Src/stm32c0xx_hal_dma.c ****       /* Half transfer callback */
 743:Drivers/STM32C0xx_HAL_Driver/Src/stm32c0xx_hal_dma.c ****       hdma->XferHalfCpltCallback(hdma);
 744:Drivers/STM32C0xx_HAL_Driver/Src/stm32c0xx_hal_dma.c ****     }
 745:Drivers/STM32C0xx_HAL_Driver/Src/stm32c0xx_hal_dma.c ****   }
 746:Drivers/STM32C0xx_HAL_Driver/Src/stm32c0xx_hal_dma.c **** 
 747:Drivers/STM32C0xx_HAL_Driver/Src/stm32c0xx_hal_dma.c ****   /* Transfer Complete Interrupt management ***********************************/
 748:Drivers/STM32C0xx_HAL_Driver/Src/stm32c0xx_hal_dma.c ****   else if ((0U != (flag_it & (DMA_FLAG_TC1 << (hdma->ChannelIndex & 0x1cU)))) && (0U != (source_it 
 749:Drivers/STM32C0xx_HAL_Driver/Src/stm32c0xx_hal_dma.c ****   {
 750:Drivers/STM32C0xx_HAL_Driver/Src/stm32c0xx_hal_dma.c ****     if ((hdma->Instance->CCR & DMA_CCR_CIRC) == 0U)
 751:Drivers/STM32C0xx_HAL_Driver/Src/stm32c0xx_hal_dma.c ****     {
 752:Drivers/STM32C0xx_HAL_Driver/Src/stm32c0xx_hal_dma.c ****       /* Disable the transfer complete and error interrupt */
 753:Drivers/STM32C0xx_HAL_Driver/Src/stm32c0xx_hal_dma.c ****       __HAL_DMA_DISABLE_IT(hdma, DMA_IT_TE | DMA_IT_TC);
 754:Drivers/STM32C0xx_HAL_Driver/Src/stm32c0xx_hal_dma.c **** 
 755:Drivers/STM32C0xx_HAL_Driver/Src/stm32c0xx_hal_dma.c ****       /* Change the DMA state */
 756:Drivers/STM32C0xx_HAL_Driver/Src/stm32c0xx_hal_dma.c ****       hdma->State = HAL_DMA_STATE_READY;
 757:Drivers/STM32C0xx_HAL_Driver/Src/stm32c0xx_hal_dma.c ****     }
 758:Drivers/STM32C0xx_HAL_Driver/Src/stm32c0xx_hal_dma.c ****     /* Clear the transfer complete flag */
 759:Drivers/STM32C0xx_HAL_Driver/Src/stm32c0xx_hal_dma.c ****     __HAL_DMA_CLEAR_FLAG(hdma, (DMA_FLAG_TC1 << (hdma->ChannelIndex & 0x1cU)));
 760:Drivers/STM32C0xx_HAL_Driver/Src/stm32c0xx_hal_dma.c **** 
 761:Drivers/STM32C0xx_HAL_Driver/Src/stm32c0xx_hal_dma.c ****     /* Process Unlocked */
 762:Drivers/STM32C0xx_HAL_Driver/Src/stm32c0xx_hal_dma.c ****     __HAL_UNLOCK(hdma);
 763:Drivers/STM32C0xx_HAL_Driver/Src/stm32c0xx_hal_dma.c **** 
 764:Drivers/STM32C0xx_HAL_Driver/Src/stm32c0xx_hal_dma.c ****     if (hdma->XferCpltCallback != NULL)
 765:Drivers/STM32C0xx_HAL_Driver/Src/stm32c0xx_hal_dma.c ****     {
 766:Drivers/STM32C0xx_HAL_Driver/Src/stm32c0xx_hal_dma.c ****       /* Transfer complete callback */
 767:Drivers/STM32C0xx_HAL_Driver/Src/stm32c0xx_hal_dma.c ****       hdma->XferCpltCallback(hdma);
 768:Drivers/STM32C0xx_HAL_Driver/Src/stm32c0xx_hal_dma.c ****     }
 769:Drivers/STM32C0xx_HAL_Driver/Src/stm32c0xx_hal_dma.c ****   }
 770:Drivers/STM32C0xx_HAL_Driver/Src/stm32c0xx_hal_dma.c **** 
 771:Drivers/STM32C0xx_HAL_Driver/Src/stm32c0xx_hal_dma.c ****   /* Transfer Error Interrupt management **************************************/
 772:Drivers/STM32C0xx_HAL_Driver/Src/stm32c0xx_hal_dma.c ****   else if (((flag_it & (DMA_FLAG_TE1 << (hdma->ChannelIndex & 0x1cU))) != 0U) && ((source_it & DMA_
 773:Drivers/STM32C0xx_HAL_Driver/Src/stm32c0xx_hal_dma.c ****   {
ARM GAS  C:\Users\amosd\AppData\Local\Temp\cczbCN06.s 			page 15


 774:Drivers/STM32C0xx_HAL_Driver/Src/stm32c0xx_hal_dma.c ****     /* When a DMA transfer error occurs */
 775:Drivers/STM32C0xx_HAL_Driver/Src/stm32c0xx_hal_dma.c ****     /* A hardware clear of its EN bits is performed */
 776:Drivers/STM32C0xx_HAL_Driver/Src/stm32c0xx_hal_dma.c ****     /* Disable ALL DMA IT */
 777:Drivers/STM32C0xx_HAL_Driver/Src/stm32c0xx_hal_dma.c ****     __HAL_DMA_DISABLE_IT(hdma, (DMA_IT_TC | DMA_IT_HT | DMA_IT_TE));
 778:Drivers/STM32C0xx_HAL_Driver/Src/stm32c0xx_hal_dma.c **** 
 779:Drivers/STM32C0xx_HAL_Driver/Src/stm32c0xx_hal_dma.c ****     /* Clear all flags */
 780:Drivers/STM32C0xx_HAL_Driver/Src/stm32c0xx_hal_dma.c ****     __HAL_DMA_CLEAR_FLAG(hdma, (DMA_FLAG_GI1 << (hdma->ChannelIndex & 0x1cU)));
 781:Drivers/STM32C0xx_HAL_Driver/Src/stm32c0xx_hal_dma.c **** 
 782:Drivers/STM32C0xx_HAL_Driver/Src/stm32c0xx_hal_dma.c ****     /* Update error code */
 783:Drivers/STM32C0xx_HAL_Driver/Src/stm32c0xx_hal_dma.c ****     hdma->ErrorCode = HAL_DMA_ERROR_TE;
 784:Drivers/STM32C0xx_HAL_Driver/Src/stm32c0xx_hal_dma.c **** 
 785:Drivers/STM32C0xx_HAL_Driver/Src/stm32c0xx_hal_dma.c ****     /* Change the DMA state */
 786:Drivers/STM32C0xx_HAL_Driver/Src/stm32c0xx_hal_dma.c ****     hdma->State = HAL_DMA_STATE_READY;
 787:Drivers/STM32C0xx_HAL_Driver/Src/stm32c0xx_hal_dma.c **** 
 788:Drivers/STM32C0xx_HAL_Driver/Src/stm32c0xx_hal_dma.c ****     /* Process Unlocked */
 789:Drivers/STM32C0xx_HAL_Driver/Src/stm32c0xx_hal_dma.c ****     __HAL_UNLOCK(hdma);
 790:Drivers/STM32C0xx_HAL_Driver/Src/stm32c0xx_hal_dma.c **** 
 791:Drivers/STM32C0xx_HAL_Driver/Src/stm32c0xx_hal_dma.c ****     if (hdma->XferErrorCallback != NULL)
 792:Drivers/STM32C0xx_HAL_Driver/Src/stm32c0xx_hal_dma.c ****     {
 793:Drivers/STM32C0xx_HAL_Driver/Src/stm32c0xx_hal_dma.c ****       /* Transfer error callback */
 794:Drivers/STM32C0xx_HAL_Driver/Src/stm32c0xx_hal_dma.c ****       hdma->XferErrorCallback(hdma);
 795:Drivers/STM32C0xx_HAL_Driver/Src/stm32c0xx_hal_dma.c ****     }
 796:Drivers/STM32C0xx_HAL_Driver/Src/stm32c0xx_hal_dma.c ****   }
 797:Drivers/STM32C0xx_HAL_Driver/Src/stm32c0xx_hal_dma.c ****   else
 798:Drivers/STM32C0xx_HAL_Driver/Src/stm32c0xx_hal_dma.c ****   {
 799:Drivers/STM32C0xx_HAL_Driver/Src/stm32c0xx_hal_dma.c ****     /* Nothing To Do */
 800:Drivers/STM32C0xx_HAL_Driver/Src/stm32c0xx_hal_dma.c ****   }
 801:Drivers/STM32C0xx_HAL_Driver/Src/stm32c0xx_hal_dma.c ****   return;
 802:Drivers/STM32C0xx_HAL_Driver/Src/stm32c0xx_hal_dma.c **** }
 803:Drivers/STM32C0xx_HAL_Driver/Src/stm32c0xx_hal_dma.c **** 
 804:Drivers/STM32C0xx_HAL_Driver/Src/stm32c0xx_hal_dma.c **** /**
 805:Drivers/STM32C0xx_HAL_Driver/Src/stm32c0xx_hal_dma.c ****   * @brief  Register callbacks
 806:Drivers/STM32C0xx_HAL_Driver/Src/stm32c0xx_hal_dma.c ****   * @param  hdma                  pointer to a DMA_HandleTypeDef structure that contains
 807:Drivers/STM32C0xx_HAL_Driver/Src/stm32c0xx_hal_dma.c ****   *                               the configuration information for the specified DMA Stream.
 808:Drivers/STM32C0xx_HAL_Driver/Src/stm32c0xx_hal_dma.c ****   * @param  CallbackID            User Callback identifier
 809:Drivers/STM32C0xx_HAL_Driver/Src/stm32c0xx_hal_dma.c ****   *                               a HAL_DMA_CallbackIDTypeDef ENUM as parameter.
 810:Drivers/STM32C0xx_HAL_Driver/Src/stm32c0xx_hal_dma.c ****   * @param  pCallback             pointer to private callback function which has pointer to
 811:Drivers/STM32C0xx_HAL_Driver/Src/stm32c0xx_hal_dma.c ****   *                               a DMA_HandleTypeDef structure as parameter.
 812:Drivers/STM32C0xx_HAL_Driver/Src/stm32c0xx_hal_dma.c ****   * @retval HAL status
 813:Drivers/STM32C0xx_HAL_Driver/Src/stm32c0xx_hal_dma.c ****   */
 814:Drivers/STM32C0xx_HAL_Driver/Src/stm32c0xx_hal_dma.c **** HAL_StatusTypeDef HAL_DMA_RegisterCallback(DMA_HandleTypeDef *hdma, HAL_DMA_CallbackIDTypeDef Callb
 815:Drivers/STM32C0xx_HAL_Driver/Src/stm32c0xx_hal_dma.c ****                                            void (* pCallback)(DMA_HandleTypeDef *_hdma))
 816:Drivers/STM32C0xx_HAL_Driver/Src/stm32c0xx_hal_dma.c **** {
 817:Drivers/STM32C0xx_HAL_Driver/Src/stm32c0xx_hal_dma.c ****   HAL_StatusTypeDef status = HAL_OK;
 818:Drivers/STM32C0xx_HAL_Driver/Src/stm32c0xx_hal_dma.c **** 
 819:Drivers/STM32C0xx_HAL_Driver/Src/stm32c0xx_hal_dma.c ****   /* Process locked */
 820:Drivers/STM32C0xx_HAL_Driver/Src/stm32c0xx_hal_dma.c ****   __HAL_LOCK(hdma);
 821:Drivers/STM32C0xx_HAL_Driver/Src/stm32c0xx_hal_dma.c **** 
 822:Drivers/STM32C0xx_HAL_Driver/Src/stm32c0xx_hal_dma.c ****   if (HAL_DMA_STATE_READY == hdma->State)
 823:Drivers/STM32C0xx_HAL_Driver/Src/stm32c0xx_hal_dma.c ****   {
 824:Drivers/STM32C0xx_HAL_Driver/Src/stm32c0xx_hal_dma.c ****     switch (CallbackID)
 825:Drivers/STM32C0xx_HAL_Driver/Src/stm32c0xx_hal_dma.c ****     {
 826:Drivers/STM32C0xx_HAL_Driver/Src/stm32c0xx_hal_dma.c ****       case  HAL_DMA_XFER_CPLT_CB_ID:
 827:Drivers/STM32C0xx_HAL_Driver/Src/stm32c0xx_hal_dma.c ****         hdma->XferCpltCallback = pCallback;
 828:Drivers/STM32C0xx_HAL_Driver/Src/stm32c0xx_hal_dma.c ****         break;
 829:Drivers/STM32C0xx_HAL_Driver/Src/stm32c0xx_hal_dma.c **** 
 830:Drivers/STM32C0xx_HAL_Driver/Src/stm32c0xx_hal_dma.c ****       case  HAL_DMA_XFER_HALFCPLT_CB_ID:
ARM GAS  C:\Users\amosd\AppData\Local\Temp\cczbCN06.s 			page 16


 831:Drivers/STM32C0xx_HAL_Driver/Src/stm32c0xx_hal_dma.c ****         hdma->XferHalfCpltCallback = pCallback;
 832:Drivers/STM32C0xx_HAL_Driver/Src/stm32c0xx_hal_dma.c ****         break;
 833:Drivers/STM32C0xx_HAL_Driver/Src/stm32c0xx_hal_dma.c **** 
 834:Drivers/STM32C0xx_HAL_Driver/Src/stm32c0xx_hal_dma.c ****       case  HAL_DMA_XFER_ERROR_CB_ID:
 835:Drivers/STM32C0xx_HAL_Driver/Src/stm32c0xx_hal_dma.c ****         hdma->XferErrorCallback = pCallback;
 836:Drivers/STM32C0xx_HAL_Driver/Src/stm32c0xx_hal_dma.c ****         break;
 837:Drivers/STM32C0xx_HAL_Driver/Src/stm32c0xx_hal_dma.c **** 
 838:Drivers/STM32C0xx_HAL_Driver/Src/stm32c0xx_hal_dma.c ****       case  HAL_DMA_XFER_ABORT_CB_ID:
 839:Drivers/STM32C0xx_HAL_Driver/Src/stm32c0xx_hal_dma.c ****         hdma->XferAbortCallback = pCallback;
 840:Drivers/STM32C0xx_HAL_Driver/Src/stm32c0xx_hal_dma.c ****         break;
 841:Drivers/STM32C0xx_HAL_Driver/Src/stm32c0xx_hal_dma.c **** 
 842:Drivers/STM32C0xx_HAL_Driver/Src/stm32c0xx_hal_dma.c ****       default:
 843:Drivers/STM32C0xx_HAL_Driver/Src/stm32c0xx_hal_dma.c ****         status = HAL_ERROR;
 844:Drivers/STM32C0xx_HAL_Driver/Src/stm32c0xx_hal_dma.c ****         break;
 845:Drivers/STM32C0xx_HAL_Driver/Src/stm32c0xx_hal_dma.c ****     }
 846:Drivers/STM32C0xx_HAL_Driver/Src/stm32c0xx_hal_dma.c ****   }
 847:Drivers/STM32C0xx_HAL_Driver/Src/stm32c0xx_hal_dma.c ****   else
 848:Drivers/STM32C0xx_HAL_Driver/Src/stm32c0xx_hal_dma.c ****   {
 849:Drivers/STM32C0xx_HAL_Driver/Src/stm32c0xx_hal_dma.c ****     status = HAL_ERROR;
 850:Drivers/STM32C0xx_HAL_Driver/Src/stm32c0xx_hal_dma.c ****   }
 851:Drivers/STM32C0xx_HAL_Driver/Src/stm32c0xx_hal_dma.c **** 
 852:Drivers/STM32C0xx_HAL_Driver/Src/stm32c0xx_hal_dma.c ****   /* Release Lock */
 853:Drivers/STM32C0xx_HAL_Driver/Src/stm32c0xx_hal_dma.c ****   __HAL_UNLOCK(hdma);
 854:Drivers/STM32C0xx_HAL_Driver/Src/stm32c0xx_hal_dma.c **** 
 855:Drivers/STM32C0xx_HAL_Driver/Src/stm32c0xx_hal_dma.c ****   return status;
 856:Drivers/STM32C0xx_HAL_Driver/Src/stm32c0xx_hal_dma.c **** }
 857:Drivers/STM32C0xx_HAL_Driver/Src/stm32c0xx_hal_dma.c **** 
 858:Drivers/STM32C0xx_HAL_Driver/Src/stm32c0xx_hal_dma.c **** /**
 859:Drivers/STM32C0xx_HAL_Driver/Src/stm32c0xx_hal_dma.c ****   * @brief  UnRegister callbacks
 860:Drivers/STM32C0xx_HAL_Driver/Src/stm32c0xx_hal_dma.c ****   * @param  hdma                  pointer to a DMA_HandleTypeDef structure that contains
 861:Drivers/STM32C0xx_HAL_Driver/Src/stm32c0xx_hal_dma.c ****   *                               the configuration information for the specified DMA Stream.
 862:Drivers/STM32C0xx_HAL_Driver/Src/stm32c0xx_hal_dma.c ****   * @param  CallbackID            User Callback identifier
 863:Drivers/STM32C0xx_HAL_Driver/Src/stm32c0xx_hal_dma.c ****   *                               a HAL_DMA_CallbackIDTypeDef ENUM as parameter.
 864:Drivers/STM32C0xx_HAL_Driver/Src/stm32c0xx_hal_dma.c ****   * @retval HAL status
 865:Drivers/STM32C0xx_HAL_Driver/Src/stm32c0xx_hal_dma.c ****   */
 866:Drivers/STM32C0xx_HAL_Driver/Src/stm32c0xx_hal_dma.c **** HAL_StatusTypeDef HAL_DMA_UnRegisterCallback(DMA_HandleTypeDef *hdma, HAL_DMA_CallbackIDTypeDef Cal
 867:Drivers/STM32C0xx_HAL_Driver/Src/stm32c0xx_hal_dma.c **** {
 868:Drivers/STM32C0xx_HAL_Driver/Src/stm32c0xx_hal_dma.c ****   HAL_StatusTypeDef status = HAL_OK;
 869:Drivers/STM32C0xx_HAL_Driver/Src/stm32c0xx_hal_dma.c **** 
 870:Drivers/STM32C0xx_HAL_Driver/Src/stm32c0xx_hal_dma.c ****   /* Process locked */
 871:Drivers/STM32C0xx_HAL_Driver/Src/stm32c0xx_hal_dma.c ****   __HAL_LOCK(hdma);
 872:Drivers/STM32C0xx_HAL_Driver/Src/stm32c0xx_hal_dma.c **** 
 873:Drivers/STM32C0xx_HAL_Driver/Src/stm32c0xx_hal_dma.c ****   if (HAL_DMA_STATE_READY == hdma->State)
 874:Drivers/STM32C0xx_HAL_Driver/Src/stm32c0xx_hal_dma.c ****   {
 875:Drivers/STM32C0xx_HAL_Driver/Src/stm32c0xx_hal_dma.c ****     switch (CallbackID)
 876:Drivers/STM32C0xx_HAL_Driver/Src/stm32c0xx_hal_dma.c ****     {
 877:Drivers/STM32C0xx_HAL_Driver/Src/stm32c0xx_hal_dma.c ****       case  HAL_DMA_XFER_CPLT_CB_ID:
 878:Drivers/STM32C0xx_HAL_Driver/Src/stm32c0xx_hal_dma.c ****         hdma->XferCpltCallback = NULL;
 879:Drivers/STM32C0xx_HAL_Driver/Src/stm32c0xx_hal_dma.c ****         break;
 880:Drivers/STM32C0xx_HAL_Driver/Src/stm32c0xx_hal_dma.c **** 
 881:Drivers/STM32C0xx_HAL_Driver/Src/stm32c0xx_hal_dma.c ****       case  HAL_DMA_XFER_HALFCPLT_CB_ID:
 882:Drivers/STM32C0xx_HAL_Driver/Src/stm32c0xx_hal_dma.c ****         hdma->XferHalfCpltCallback = NULL;
 883:Drivers/STM32C0xx_HAL_Driver/Src/stm32c0xx_hal_dma.c ****         break;
 884:Drivers/STM32C0xx_HAL_Driver/Src/stm32c0xx_hal_dma.c **** 
 885:Drivers/STM32C0xx_HAL_Driver/Src/stm32c0xx_hal_dma.c ****       case  HAL_DMA_XFER_ERROR_CB_ID:
 886:Drivers/STM32C0xx_HAL_Driver/Src/stm32c0xx_hal_dma.c ****         hdma->XferErrorCallback = NULL;
 887:Drivers/STM32C0xx_HAL_Driver/Src/stm32c0xx_hal_dma.c ****         break;
ARM GAS  C:\Users\amosd\AppData\Local\Temp\cczbCN06.s 			page 17


 888:Drivers/STM32C0xx_HAL_Driver/Src/stm32c0xx_hal_dma.c **** 
 889:Drivers/STM32C0xx_HAL_Driver/Src/stm32c0xx_hal_dma.c ****       case  HAL_DMA_XFER_ABORT_CB_ID:
 890:Drivers/STM32C0xx_HAL_Driver/Src/stm32c0xx_hal_dma.c ****         hdma->XferAbortCallback = NULL;
 891:Drivers/STM32C0xx_HAL_Driver/Src/stm32c0xx_hal_dma.c ****         break;
 892:Drivers/STM32C0xx_HAL_Driver/Src/stm32c0xx_hal_dma.c **** 
 893:Drivers/STM32C0xx_HAL_Driver/Src/stm32c0xx_hal_dma.c ****       case   HAL_DMA_XFER_ALL_CB_ID:
 894:Drivers/STM32C0xx_HAL_Driver/Src/stm32c0xx_hal_dma.c ****         hdma->XferCpltCallback = NULL;
 895:Drivers/STM32C0xx_HAL_Driver/Src/stm32c0xx_hal_dma.c ****         hdma->XferHalfCpltCallback = NULL;
 896:Drivers/STM32C0xx_HAL_Driver/Src/stm32c0xx_hal_dma.c ****         hdma->XferErrorCallback = NULL;
 897:Drivers/STM32C0xx_HAL_Driver/Src/stm32c0xx_hal_dma.c ****         hdma->XferAbortCallback = NULL;
 898:Drivers/STM32C0xx_HAL_Driver/Src/stm32c0xx_hal_dma.c ****         break;
 899:Drivers/STM32C0xx_HAL_Driver/Src/stm32c0xx_hal_dma.c **** 
 900:Drivers/STM32C0xx_HAL_Driver/Src/stm32c0xx_hal_dma.c ****       default:
 901:Drivers/STM32C0xx_HAL_Driver/Src/stm32c0xx_hal_dma.c ****         status = HAL_ERROR;
 902:Drivers/STM32C0xx_HAL_Driver/Src/stm32c0xx_hal_dma.c ****         break;
 903:Drivers/STM32C0xx_HAL_Driver/Src/stm32c0xx_hal_dma.c ****     }
 904:Drivers/STM32C0xx_HAL_Driver/Src/stm32c0xx_hal_dma.c ****   }
 905:Drivers/STM32C0xx_HAL_Driver/Src/stm32c0xx_hal_dma.c ****   else
 906:Drivers/STM32C0xx_HAL_Driver/Src/stm32c0xx_hal_dma.c ****   {
 907:Drivers/STM32C0xx_HAL_Driver/Src/stm32c0xx_hal_dma.c ****     status = HAL_ERROR;
 908:Drivers/STM32C0xx_HAL_Driver/Src/stm32c0xx_hal_dma.c ****   }
 909:Drivers/STM32C0xx_HAL_Driver/Src/stm32c0xx_hal_dma.c **** 
 910:Drivers/STM32C0xx_HAL_Driver/Src/stm32c0xx_hal_dma.c ****   /* Release Lock */
 911:Drivers/STM32C0xx_HAL_Driver/Src/stm32c0xx_hal_dma.c ****   __HAL_UNLOCK(hdma);
 912:Drivers/STM32C0xx_HAL_Driver/Src/stm32c0xx_hal_dma.c **** 
 913:Drivers/STM32C0xx_HAL_Driver/Src/stm32c0xx_hal_dma.c ****   return status;
 914:Drivers/STM32C0xx_HAL_Driver/Src/stm32c0xx_hal_dma.c **** }
 915:Drivers/STM32C0xx_HAL_Driver/Src/stm32c0xx_hal_dma.c **** 
 916:Drivers/STM32C0xx_HAL_Driver/Src/stm32c0xx_hal_dma.c **** /**
 917:Drivers/STM32C0xx_HAL_Driver/Src/stm32c0xx_hal_dma.c ****   * @}
 918:Drivers/STM32C0xx_HAL_Driver/Src/stm32c0xx_hal_dma.c ****   */
 919:Drivers/STM32C0xx_HAL_Driver/Src/stm32c0xx_hal_dma.c **** 
 920:Drivers/STM32C0xx_HAL_Driver/Src/stm32c0xx_hal_dma.c **** /** @defgroup DMA_Exported_Functions_Group3 Peripheral State and Errors functions
 921:Drivers/STM32C0xx_HAL_Driver/Src/stm32c0xx_hal_dma.c ****   *  @brief    Peripheral State and Errors functions
 922:Drivers/STM32C0xx_HAL_Driver/Src/stm32c0xx_hal_dma.c ****   *
 923:Drivers/STM32C0xx_HAL_Driver/Src/stm32c0xx_hal_dma.c **** @verbatim
 924:Drivers/STM32C0xx_HAL_Driver/Src/stm32c0xx_hal_dma.c ****  ===============================================================================
 925:Drivers/STM32C0xx_HAL_Driver/Src/stm32c0xx_hal_dma.c ****             ##### Peripheral State and Errors functions #####
 926:Drivers/STM32C0xx_HAL_Driver/Src/stm32c0xx_hal_dma.c ****  ===============================================================================
 927:Drivers/STM32C0xx_HAL_Driver/Src/stm32c0xx_hal_dma.c ****     [..]
 928:Drivers/STM32C0xx_HAL_Driver/Src/stm32c0xx_hal_dma.c ****     This subsection provides functions allowing to
 929:Drivers/STM32C0xx_HAL_Driver/Src/stm32c0xx_hal_dma.c ****       (+) Check the DMA state
 930:Drivers/STM32C0xx_HAL_Driver/Src/stm32c0xx_hal_dma.c ****       (+) Get error code
 931:Drivers/STM32C0xx_HAL_Driver/Src/stm32c0xx_hal_dma.c **** 
 932:Drivers/STM32C0xx_HAL_Driver/Src/stm32c0xx_hal_dma.c **** @endverbatim
 933:Drivers/STM32C0xx_HAL_Driver/Src/stm32c0xx_hal_dma.c ****   * @{
 934:Drivers/STM32C0xx_HAL_Driver/Src/stm32c0xx_hal_dma.c ****   */
 935:Drivers/STM32C0xx_HAL_Driver/Src/stm32c0xx_hal_dma.c **** 
 936:Drivers/STM32C0xx_HAL_Driver/Src/stm32c0xx_hal_dma.c **** /**
 937:Drivers/STM32C0xx_HAL_Driver/Src/stm32c0xx_hal_dma.c ****   * @brief  Return the DMA handle state.
 938:Drivers/STM32C0xx_HAL_Driver/Src/stm32c0xx_hal_dma.c ****   * @param hdma Pointer to a DMA_HandleTypeDef structure that contains
 939:Drivers/STM32C0xx_HAL_Driver/Src/stm32c0xx_hal_dma.c ****   *               the configuration information for the specified DMA Channel.
 940:Drivers/STM32C0xx_HAL_Driver/Src/stm32c0xx_hal_dma.c ****   * @retval HAL state
 941:Drivers/STM32C0xx_HAL_Driver/Src/stm32c0xx_hal_dma.c ****   */
 942:Drivers/STM32C0xx_HAL_Driver/Src/stm32c0xx_hal_dma.c **** HAL_DMA_StateTypeDef HAL_DMA_GetState(const DMA_HandleTypeDef *hdma)
 943:Drivers/STM32C0xx_HAL_Driver/Src/stm32c0xx_hal_dma.c **** {
 944:Drivers/STM32C0xx_HAL_Driver/Src/stm32c0xx_hal_dma.c ****   /* Return DMA handle state */
ARM GAS  C:\Users\amosd\AppData\Local\Temp\cczbCN06.s 			page 18


 945:Drivers/STM32C0xx_HAL_Driver/Src/stm32c0xx_hal_dma.c ****   return hdma->State;
 946:Drivers/STM32C0xx_HAL_Driver/Src/stm32c0xx_hal_dma.c **** }
 947:Drivers/STM32C0xx_HAL_Driver/Src/stm32c0xx_hal_dma.c **** 
 948:Drivers/STM32C0xx_HAL_Driver/Src/stm32c0xx_hal_dma.c **** /**
 949:Drivers/STM32C0xx_HAL_Driver/Src/stm32c0xx_hal_dma.c ****   * @brief  Return the DMA error code.
 950:Drivers/STM32C0xx_HAL_Driver/Src/stm32c0xx_hal_dma.c ****   * @param  hdma Pointer to a DMA_HandleTypeDef structure that contains
 951:Drivers/STM32C0xx_HAL_Driver/Src/stm32c0xx_hal_dma.c ****   *              the configuration information for the specified DMA Channel.
 952:Drivers/STM32C0xx_HAL_Driver/Src/stm32c0xx_hal_dma.c ****   * @retval DMA Error Code
 953:Drivers/STM32C0xx_HAL_Driver/Src/stm32c0xx_hal_dma.c ****   */
 954:Drivers/STM32C0xx_HAL_Driver/Src/stm32c0xx_hal_dma.c **** uint32_t HAL_DMA_GetError(const DMA_HandleTypeDef *hdma)
 955:Drivers/STM32C0xx_HAL_Driver/Src/stm32c0xx_hal_dma.c **** {
 956:Drivers/STM32C0xx_HAL_Driver/Src/stm32c0xx_hal_dma.c ****   return hdma->ErrorCode;
 957:Drivers/STM32C0xx_HAL_Driver/Src/stm32c0xx_hal_dma.c **** }
 958:Drivers/STM32C0xx_HAL_Driver/Src/stm32c0xx_hal_dma.c **** 
 959:Drivers/STM32C0xx_HAL_Driver/Src/stm32c0xx_hal_dma.c **** /**
 960:Drivers/STM32C0xx_HAL_Driver/Src/stm32c0xx_hal_dma.c ****   * @}
 961:Drivers/STM32C0xx_HAL_Driver/Src/stm32c0xx_hal_dma.c ****   */
 962:Drivers/STM32C0xx_HAL_Driver/Src/stm32c0xx_hal_dma.c **** 
 963:Drivers/STM32C0xx_HAL_Driver/Src/stm32c0xx_hal_dma.c **** /**
 964:Drivers/STM32C0xx_HAL_Driver/Src/stm32c0xx_hal_dma.c ****   * @}
 965:Drivers/STM32C0xx_HAL_Driver/Src/stm32c0xx_hal_dma.c ****   */
 966:Drivers/STM32C0xx_HAL_Driver/Src/stm32c0xx_hal_dma.c **** 
 967:Drivers/STM32C0xx_HAL_Driver/Src/stm32c0xx_hal_dma.c **** /** @addtogroup DMA_Private_Functions
 968:Drivers/STM32C0xx_HAL_Driver/Src/stm32c0xx_hal_dma.c ****   * @{
 969:Drivers/STM32C0xx_HAL_Driver/Src/stm32c0xx_hal_dma.c ****   */
 970:Drivers/STM32C0xx_HAL_Driver/Src/stm32c0xx_hal_dma.c **** 
 971:Drivers/STM32C0xx_HAL_Driver/Src/stm32c0xx_hal_dma.c **** /**
 972:Drivers/STM32C0xx_HAL_Driver/Src/stm32c0xx_hal_dma.c ****   * @brief  Sets the DMA Transfer parameter.
 973:Drivers/STM32C0xx_HAL_Driver/Src/stm32c0xx_hal_dma.c ****   * @param hdma Pointer to a DMA_HandleTypeDef structure that contains
 974:Drivers/STM32C0xx_HAL_Driver/Src/stm32c0xx_hal_dma.c ****   *                     the configuration information for the specified DMA Channel.
 975:Drivers/STM32C0xx_HAL_Driver/Src/stm32c0xx_hal_dma.c ****   * @param SrcAddress The source memory Buffer address
 976:Drivers/STM32C0xx_HAL_Driver/Src/stm32c0xx_hal_dma.c ****   * @param DstAddress The destination memory Buffer address
 977:Drivers/STM32C0xx_HAL_Driver/Src/stm32c0xx_hal_dma.c ****   * @param DataLength The length of data to be transferred from source to destination
 978:Drivers/STM32C0xx_HAL_Driver/Src/stm32c0xx_hal_dma.c ****   * @retval HAL status
 979:Drivers/STM32C0xx_HAL_Driver/Src/stm32c0xx_hal_dma.c ****   */
 980:Drivers/STM32C0xx_HAL_Driver/Src/stm32c0xx_hal_dma.c **** static void DMA_SetConfig(DMA_HandleTypeDef *hdma, uint32_t SrcAddress, uint32_t DstAddress, uint32
 981:Drivers/STM32C0xx_HAL_Driver/Src/stm32c0xx_hal_dma.c **** {
  27              		.loc 1 981 1 view -0
  28              		.cfi_startproc
  29              		@ args = 0, pretend = 0, frame = 0
  30              		@ frame_needed = 0, uses_anonymous_args = 0
  31              		.loc 1 981 1 is_stmt 0 view .LVU1
  32 0000 F0B5     		push	{r4, r5, r6, r7, lr}
  33              	.LCFI0:
  34              		.cfi_def_cfa_offset 20
  35              		.cfi_offset 4, -20
  36              		.cfi_offset 5, -16
  37              		.cfi_offset 6, -12
  38              		.cfi_offset 7, -8
  39              		.cfi_offset 14, -4
 982:Drivers/STM32C0xx_HAL_Driver/Src/stm32c0xx_hal_dma.c ****   /* Clear the DMAMUX synchro overrun flag */
 983:Drivers/STM32C0xx_HAL_Driver/Src/stm32c0xx_hal_dma.c ****   hdma->DMAmuxChannelStatus->CFR = hdma->DMAmuxChannelStatusMask;
  40              		.loc 1 983 3 is_stmt 1 view .LVU2
  41              		.loc 1 983 7 is_stmt 0 view .LVU3
  42 0002 846C     		ldr	r4, [r0, #72]
  43              		.loc 1 983 40 view .LVU4
  44 0004 C56C     		ldr	r5, [r0, #76]
ARM GAS  C:\Users\amosd\AppData\Local\Temp\cczbCN06.s 			page 19


  45              		.loc 1 983 34 view .LVU5
  46 0006 6560     		str	r5, [r4, #4]
 984:Drivers/STM32C0xx_HAL_Driver/Src/stm32c0xx_hal_dma.c **** 
 985:Drivers/STM32C0xx_HAL_Driver/Src/stm32c0xx_hal_dma.c ****   if (hdma->DMAmuxRequestGen != 0U)
  47              		.loc 1 985 3 is_stmt 1 view .LVU6
  48              		.loc 1 985 11 is_stmt 0 view .LVU7
  49 0008 046D     		ldr	r4, [r0, #80]
  50              		.loc 1 985 6 view .LVU8
  51 000a 002C     		cmp	r4, #0
  52 000c 02D0     		beq	.L2
 986:Drivers/STM32C0xx_HAL_Driver/Src/stm32c0xx_hal_dma.c ****   {
 987:Drivers/STM32C0xx_HAL_Driver/Src/stm32c0xx_hal_dma.c ****     /* Clear the DMAMUX request generator overrun flag */
 988:Drivers/STM32C0xx_HAL_Driver/Src/stm32c0xx_hal_dma.c ****     hdma->DMAmuxRequestGenStatus->RGCFR = hdma->DMAmuxRequestGenStatusMask;
  53              		.loc 1 988 5 is_stmt 1 view .LVU9
  54              		.loc 1 988 9 is_stmt 0 view .LVU10
  55 000e 446D     		ldr	r4, [r0, #84]
  56              		.loc 1 988 47 view .LVU11
  57 0010 856D     		ldr	r5, [r0, #88]
  58              		.loc 1 988 41 view .LVU12
  59 0012 6560     		str	r5, [r4, #4]
  60              	.L2:
 989:Drivers/STM32C0xx_HAL_Driver/Src/stm32c0xx_hal_dma.c ****   }
 990:Drivers/STM32C0xx_HAL_Driver/Src/stm32c0xx_hal_dma.c **** 
 991:Drivers/STM32C0xx_HAL_Driver/Src/stm32c0xx_hal_dma.c ****   /* Clear all flags */
 992:Drivers/STM32C0xx_HAL_Driver/Src/stm32c0xx_hal_dma.c ****   __HAL_DMA_CLEAR_FLAG(hdma, (DMA_FLAG_GI1 << (hdma->ChannelIndex & 0x1cU)));
  61              		.loc 1 992 3 is_stmt 1 view .LVU13
  62 0014 0B4F     		ldr	r7, .L6
  63 0016 7C68     		ldr	r4, [r7, #4]
  64 0018 056C     		ldr	r5, [r0, #64]
  65 001a 1C26     		movs	r6, #28
  66 001c 2E40     		ands	r6, r5
  67 001e 0125     		movs	r5, #1
  68 0020 B540     		lsls	r5, r5, r6
  69 0022 2C43     		orrs	r4, r5
  70 0024 7C60     		str	r4, [r7, #4]
 993:Drivers/STM32C0xx_HAL_Driver/Src/stm32c0xx_hal_dma.c **** 
 994:Drivers/STM32C0xx_HAL_Driver/Src/stm32c0xx_hal_dma.c ****   /* Configure DMA Channel data length */
 995:Drivers/STM32C0xx_HAL_Driver/Src/stm32c0xx_hal_dma.c ****   hdma->Instance->CNDTR = DataLength;
  71              		.loc 1 995 3 view .LVU14
  72              		.loc 1 995 7 is_stmt 0 view .LVU15
  73 0026 0468     		ldr	r4, [r0]
  74              		.loc 1 995 25 view .LVU16
  75 0028 6360     		str	r3, [r4, #4]
 996:Drivers/STM32C0xx_HAL_Driver/Src/stm32c0xx_hal_dma.c **** 
 997:Drivers/STM32C0xx_HAL_Driver/Src/stm32c0xx_hal_dma.c ****   /* Peripheral to Memory */
 998:Drivers/STM32C0xx_HAL_Driver/Src/stm32c0xx_hal_dma.c ****   if ((hdma->Init.Direction) == DMA_MEMORY_TO_PERIPH)
  76              		.loc 1 998 3 is_stmt 1 view .LVU17
  77              		.loc 1 998 18 is_stmt 0 view .LVU18
  78 002a 8368     		ldr	r3, [r0, #8]
  79              	.LVL1:
  80              		.loc 1 998 6 view .LVU19
  81 002c 102B     		cmp	r3, #16
  82 002e 04D0     		beq	.L5
 999:Drivers/STM32C0xx_HAL_Driver/Src/stm32c0xx_hal_dma.c ****   {
1000:Drivers/STM32C0xx_HAL_Driver/Src/stm32c0xx_hal_dma.c ****     /* Configure DMA Channel destination address */
1001:Drivers/STM32C0xx_HAL_Driver/Src/stm32c0xx_hal_dma.c ****     hdma->Instance->CPAR = DstAddress;
1002:Drivers/STM32C0xx_HAL_Driver/Src/stm32c0xx_hal_dma.c **** 
ARM GAS  C:\Users\amosd\AppData\Local\Temp\cczbCN06.s 			page 20


1003:Drivers/STM32C0xx_HAL_Driver/Src/stm32c0xx_hal_dma.c ****     /* Configure DMA Channel source address */
1004:Drivers/STM32C0xx_HAL_Driver/Src/stm32c0xx_hal_dma.c ****     hdma->Instance->CMAR = SrcAddress;
1005:Drivers/STM32C0xx_HAL_Driver/Src/stm32c0xx_hal_dma.c ****   }
1006:Drivers/STM32C0xx_HAL_Driver/Src/stm32c0xx_hal_dma.c ****   /* Memory to Peripheral */
1007:Drivers/STM32C0xx_HAL_Driver/Src/stm32c0xx_hal_dma.c ****   else
1008:Drivers/STM32C0xx_HAL_Driver/Src/stm32c0xx_hal_dma.c ****   {
1009:Drivers/STM32C0xx_HAL_Driver/Src/stm32c0xx_hal_dma.c ****     /* Configure DMA Channel source address */
1010:Drivers/STM32C0xx_HAL_Driver/Src/stm32c0xx_hal_dma.c ****     hdma->Instance->CPAR = SrcAddress;
  83              		.loc 1 1010 5 is_stmt 1 view .LVU20
  84              		.loc 1 1010 9 is_stmt 0 view .LVU21
  85 0030 0368     		ldr	r3, [r0]
  86              		.loc 1 1010 26 view .LVU22
  87 0032 9960     		str	r1, [r3, #8]
  88              	.LVL2:
1011:Drivers/STM32C0xx_HAL_Driver/Src/stm32c0xx_hal_dma.c **** 
1012:Drivers/STM32C0xx_HAL_Driver/Src/stm32c0xx_hal_dma.c ****     /* Configure DMA Channel destination address */
1013:Drivers/STM32C0xx_HAL_Driver/Src/stm32c0xx_hal_dma.c ****     hdma->Instance->CMAR = DstAddress;
  89              		.loc 1 1013 5 is_stmt 1 view .LVU23
  90              		.loc 1 1013 9 is_stmt 0 view .LVU24
  91 0034 0368     		ldr	r3, [r0]
  92              		.loc 1 1013 26 view .LVU25
  93 0036 DA60     		str	r2, [r3, #12]
  94              	.L1:
1014:Drivers/STM32C0xx_HAL_Driver/Src/stm32c0xx_hal_dma.c ****   }
1015:Drivers/STM32C0xx_HAL_Driver/Src/stm32c0xx_hal_dma.c **** }
  95              		.loc 1 1015 1 view .LVU26
  96              		@ sp needed
  97 0038 F0BD     		pop	{r4, r5, r6, r7, pc}
  98              	.LVL3:
  99              	.L5:
1001:Drivers/STM32C0xx_HAL_Driver/Src/stm32c0xx_hal_dma.c **** 
 100              		.loc 1 1001 5 is_stmt 1 view .LVU27
1001:Drivers/STM32C0xx_HAL_Driver/Src/stm32c0xx_hal_dma.c **** 
 101              		.loc 1 1001 9 is_stmt 0 view .LVU28
 102 003a 0368     		ldr	r3, [r0]
1001:Drivers/STM32C0xx_HAL_Driver/Src/stm32c0xx_hal_dma.c **** 
 103              		.loc 1 1001 26 view .LVU29
 104 003c 9A60     		str	r2, [r3, #8]
 105              	.LVL4:
1004:Drivers/STM32C0xx_HAL_Driver/Src/stm32c0xx_hal_dma.c ****   }
 106              		.loc 1 1004 5 is_stmt 1 view .LVU30
1004:Drivers/STM32C0xx_HAL_Driver/Src/stm32c0xx_hal_dma.c ****   }
 107              		.loc 1 1004 9 is_stmt 0 view .LVU31
 108 003e 0368     		ldr	r3, [r0]
1004:Drivers/STM32C0xx_HAL_Driver/Src/stm32c0xx_hal_dma.c ****   }
 109              		.loc 1 1004 26 view .LVU32
 110 0040 D960     		str	r1, [r3, #12]
 111 0042 F9E7     		b	.L1
 112              	.L7:
 113              		.align	2
 114              	.L6:
 115 0044 00000240 		.word	1073872896
 116              		.cfi_endproc
 117              	.LFE226:
 119              		.section	.text.DMA_CalcDMAMUXChannelBaseAndMask,"ax",%progbits
 120              		.align	1
 121              		.syntax unified
ARM GAS  C:\Users\amosd\AppData\Local\Temp\cczbCN06.s 			page 21


 122              		.code	16
 123              		.thumb_func
 125              	DMA_CalcDMAMUXChannelBaseAndMask:
 126              	.LVL5:
 127              	.LFB227:
1016:Drivers/STM32C0xx_HAL_Driver/Src/stm32c0xx_hal_dma.c **** 
1017:Drivers/STM32C0xx_HAL_Driver/Src/stm32c0xx_hal_dma.c **** /**
1018:Drivers/STM32C0xx_HAL_Driver/Src/stm32c0xx_hal_dma.c ****   * @brief  Updates the DMA handle with the DMAMUX  channel and status mask depending on stream num
1019:Drivers/STM32C0xx_HAL_Driver/Src/stm32c0xx_hal_dma.c ****   * @param  hdma Pointer to a DMA_HandleTypeDef structure that contains
1020:Drivers/STM32C0xx_HAL_Driver/Src/stm32c0xx_hal_dma.c ****   *                     the configuration information for the specified DMA Stream.
1021:Drivers/STM32C0xx_HAL_Driver/Src/stm32c0xx_hal_dma.c ****   * @retval None
1022:Drivers/STM32C0xx_HAL_Driver/Src/stm32c0xx_hal_dma.c ****   */
1023:Drivers/STM32C0xx_HAL_Driver/Src/stm32c0xx_hal_dma.c **** static void DMA_CalcDMAMUXChannelBaseAndMask(DMA_HandleTypeDef *hdma)
1024:Drivers/STM32C0xx_HAL_Driver/Src/stm32c0xx_hal_dma.c **** {
 128              		.loc 1 1024 1 is_stmt 1 view -0
 129              		.cfi_startproc
 130              		@ args = 0, pretend = 0, frame = 0
 131              		@ frame_needed = 0, uses_anonymous_args = 0
 132              		.loc 1 1024 1 is_stmt 0 view .LVU34
 133 0000 10B5     		push	{r4, lr}
 134              	.LCFI1:
 135              		.cfi_def_cfa_offset 8
 136              		.cfi_offset 4, -8
 137              		.cfi_offset 14, -4
 138 0002 0400     		movs	r4, r0
1025:Drivers/STM32C0xx_HAL_Driver/Src/stm32c0xx_hal_dma.c ****   uint32_t channel_number;
 139              		.loc 1 1025 3 is_stmt 1 view .LVU35
1026:Drivers/STM32C0xx_HAL_Driver/Src/stm32c0xx_hal_dma.c **** 
1027:Drivers/STM32C0xx_HAL_Driver/Src/stm32c0xx_hal_dma.c ****   channel_number = (((uint32_t)hdma->Instance & 0xFFU) - 8U) / 20U;
 140              		.loc 1 1027 3 view .LVU36
 141              		.loc 1 1027 36 is_stmt 0 view .LVU37
 142 0004 0368     		ldr	r3, [r0]
 143              		.loc 1 1027 47 view .LVU38
 144 0006 FF20     		movs	r0, #255
 145              	.LVL6:
 146              		.loc 1 1027 47 view .LVU39
 147 0008 1840     		ands	r0, r3
 148              		.loc 1 1027 56 view .LVU40
 149 000a 0838     		subs	r0, r0, #8
 150              		.loc 1 1027 18 view .LVU41
 151 000c 1421     		movs	r1, #20
 152 000e FFF7FEFF 		bl	__aeabi_uidiv
 153              	.LVL7:
1028:Drivers/STM32C0xx_HAL_Driver/Src/stm32c0xx_hal_dma.c ****   hdma->DMAmuxChannel = (DMAMUX_Channel_TypeDef *)(uint32_t)((uint32_t)DMAMUX1_Channel0 + \
 154              		.loc 1 1028 3 is_stmt 1 view .LVU42
1029:Drivers/STM32C0xx_HAL_Driver/Src/stm32c0xx_hal_dma.c ****                                                              ((hdma->ChannelIndex >> 2U) * \
 155              		.loc 1 1029 68 is_stmt 0 view .LVU43
 156 0012 236C     		ldr	r3, [r4, #64]
 157              		.loc 1 1029 83 view .LVU44
 158 0014 9B08     		lsrs	r3, r3, #2
1028:Drivers/STM32C0xx_HAL_Driver/Src/stm32c0xx_hal_dma.c ****   hdma->DMAmuxChannel = (DMAMUX_Channel_TypeDef *)(uint32_t)((uint32_t)DMAMUX1_Channel0 + \
 159              		.loc 1 1028 51 view .LVU45
 160 0016 064A     		ldr	r2, .L9
 161 0018 9446     		mov	ip, r2
 162 001a 6344     		add	r3, r3, ip
 163 001c 9B00     		lsls	r3, r3, #2
1028:Drivers/STM32C0xx_HAL_Driver/Src/stm32c0xx_hal_dma.c ****   hdma->DMAmuxChannel = (DMAMUX_Channel_TypeDef *)(uint32_t)((uint32_t)DMAMUX1_Channel0 + \
ARM GAS  C:\Users\amosd\AppData\Local\Temp\cczbCN06.s 			page 22


 164              		.loc 1 1028 23 view .LVU46
 165 001e 6364     		str	r3, [r4, #68]
1030:Drivers/STM32C0xx_HAL_Driver/Src/stm32c0xx_hal_dma.c ****                                                               ((uint32_t)DMAMUX1_Channel1 - \
1031:Drivers/STM32C0xx_HAL_Driver/Src/stm32c0xx_hal_dma.c ****                                                                (uint32_t)DMAMUX1_Channel0)));
1032:Drivers/STM32C0xx_HAL_Driver/Src/stm32c0xx_hal_dma.c ****   hdma->DMAmuxChannelStatus = DMAMUX1_ChannelStatus;
 166              		.loc 1 1032 3 is_stmt 1 view .LVU47
 167              		.loc 1 1032 29 is_stmt 0 view .LVU48
 168 0020 044B     		ldr	r3, .L9+4
 169 0022 A364     		str	r3, [r4, #72]
1033:Drivers/STM32C0xx_HAL_Driver/Src/stm32c0xx_hal_dma.c ****   hdma->DMAmuxChannelStatusMask = 1UL << (channel_number & 0x1cU);
 170              		.loc 1 1033 3 is_stmt 1 view .LVU49
 171              		.loc 1 1033 58 is_stmt 0 view .LVU50
 172 0024 1C23     		movs	r3, #28
 173 0026 1840     		ands	r0, r3
 174              	.LVL8:
 175              		.loc 1 1033 39 view .LVU51
 176 0028 1B3B     		subs	r3, r3, #27
 177 002a 8340     		lsls	r3, r3, r0
 178              		.loc 1 1033 33 view .LVU52
 179 002c E364     		str	r3, [r4, #76]
1034:Drivers/STM32C0xx_HAL_Driver/Src/stm32c0xx_hal_dma.c **** }
 180              		.loc 1 1034 1 view .LVU53
 181              		@ sp needed
 182              	.LVL9:
 183              		.loc 1 1034 1 view .LVU54
 184 002e 10BD     		pop	{r4, pc}
 185              	.L10:
 186              		.align	2
 187              	.L9:
 188 0030 00820010 		.word	268468736
 189 0034 80080240 		.word	1073875072
 190              		.cfi_endproc
 191              	.LFE227:
 193              		.section	.text.DMA_CalcDMAMUXRequestGenBaseAndMask,"ax",%progbits
 194              		.align	1
 195              		.syntax unified
 196              		.code	16
 197              		.thumb_func
 199              	DMA_CalcDMAMUXRequestGenBaseAndMask:
 200              	.LVL10:
 201              	.LFB228:
1035:Drivers/STM32C0xx_HAL_Driver/Src/stm32c0xx_hal_dma.c **** 
1036:Drivers/STM32C0xx_HAL_Driver/Src/stm32c0xx_hal_dma.c **** /**
1037:Drivers/STM32C0xx_HAL_Driver/Src/stm32c0xx_hal_dma.c ****   * @brief  Updates the DMA handle with the DMAMUX  request generator params
1038:Drivers/STM32C0xx_HAL_Driver/Src/stm32c0xx_hal_dma.c ****   * @param  hdma Pointer to a DMA_HandleTypeDef structure that contains
1039:Drivers/STM32C0xx_HAL_Driver/Src/stm32c0xx_hal_dma.c ****   *                     the configuration information for the specified DMA Stream.
1040:Drivers/STM32C0xx_HAL_Driver/Src/stm32c0xx_hal_dma.c ****   * @retval None
1041:Drivers/STM32C0xx_HAL_Driver/Src/stm32c0xx_hal_dma.c ****   */
1042:Drivers/STM32C0xx_HAL_Driver/Src/stm32c0xx_hal_dma.c **** 
1043:Drivers/STM32C0xx_HAL_Driver/Src/stm32c0xx_hal_dma.c **** static void DMA_CalcDMAMUXRequestGenBaseAndMask(DMA_HandleTypeDef *hdma)
1044:Drivers/STM32C0xx_HAL_Driver/Src/stm32c0xx_hal_dma.c **** {
 202              		.loc 1 1044 1 is_stmt 1 view -0
 203              		.cfi_startproc
 204              		@ args = 0, pretend = 0, frame = 0
 205              		@ frame_needed = 0, uses_anonymous_args = 0
 206              		@ link register save eliminated.
1045:Drivers/STM32C0xx_HAL_Driver/Src/stm32c0xx_hal_dma.c ****   uint32_t request =  hdma->Init.Request & DMAMUX_CxCR_DMAREQ_ID;
ARM GAS  C:\Users\amosd\AppData\Local\Temp\cczbCN06.s 			page 23


 207              		.loc 1 1045 3 view .LVU56
 208              		.loc 1 1045 33 is_stmt 0 view .LVU57
 209 0000 4268     		ldr	r2, [r0, #4]
 210              		.loc 1 1045 12 view .LVU58
 211 0002 FF23     		movs	r3, #255
 212 0004 1340     		ands	r3, r2
 213              	.LVL11:
1046:Drivers/STM32C0xx_HAL_Driver/Src/stm32c0xx_hal_dma.c **** 
1047:Drivers/STM32C0xx_HAL_Driver/Src/stm32c0xx_hal_dma.c ****   /* DMA Channels are connected to DMAMUX1 request generator blocks*/
1048:Drivers/STM32C0xx_HAL_Driver/Src/stm32c0xx_hal_dma.c ****   hdma->DMAmuxRequestGen = (DMAMUX_RequestGen_TypeDef *)((uint32_t)(((uint32_t)DMAMUX1_RequestGener
 214              		.loc 1 1048 3 is_stmt 1 view .LVU59
 215              		.loc 1 1048 58 is_stmt 0 view .LVU60
 216 0006 064A     		ldr	r2, .L12
 217 0008 9A18     		adds	r2, r3, r2
 218 000a 9200     		lsls	r2, r2, #2
 219              		.loc 1 1048 26 view .LVU61
 220 000c 0265     		str	r2, [r0, #80]
1049:Drivers/STM32C0xx_HAL_Driver/Src/stm32c0xx_hal_dma.c ****                                                                     ((request - 1U) * 4U)));
1050:Drivers/STM32C0xx_HAL_Driver/Src/stm32c0xx_hal_dma.c **** 
1051:Drivers/STM32C0xx_HAL_Driver/Src/stm32c0xx_hal_dma.c ****   hdma->DMAmuxRequestGenStatus = DMAMUX1_RequestGenStatus;
 221              		.loc 1 1051 3 is_stmt 1 view .LVU62
 222              		.loc 1 1051 32 is_stmt 0 view .LVU63
 223 000e 054A     		ldr	r2, .L12+4
 224 0010 4265     		str	r2, [r0, #84]
1052:Drivers/STM32C0xx_HAL_Driver/Src/stm32c0xx_hal_dma.c **** 
1053:Drivers/STM32C0xx_HAL_Driver/Src/stm32c0xx_hal_dma.c ****   /* here "Request" is either DMA_REQUEST_GENERATOR0 to 4, i.e. <= 4*/
1054:Drivers/STM32C0xx_HAL_Driver/Src/stm32c0xx_hal_dma.c ****   hdma->DMAmuxRequestGenStatusMask = 1UL << ((request - 1U) & 0x3U);
 225              		.loc 1 1054 3 is_stmt 1 view .LVU64
 226              		.loc 1 1054 55 is_stmt 0 view .LVU65
 227 0012 013B     		subs	r3, r3, #1
 228              	.LVL12:
 229              		.loc 1 1054 61 view .LVU66
 230 0014 0322     		movs	r2, #3
 231 0016 1A40     		ands	r2, r3
 232              		.loc 1 1054 42 view .LVU67
 233 0018 0123     		movs	r3, #1
 234              	.LVL13:
 235              		.loc 1 1054 42 view .LVU68
 236 001a 9340     		lsls	r3, r3, r2
 237              		.loc 1 1054 36 view .LVU69
 238 001c 8365     		str	r3, [r0, #88]
1055:Drivers/STM32C0xx_HAL_Driver/Src/stm32c0xx_hal_dma.c **** }
 239              		.loc 1 1055 1 view .LVU70
 240              		@ sp needed
 241 001e 7047     		bx	lr
 242              	.L13:
 243              		.align	2
 244              	.L12:
 245 0020 3F820010 		.word	268468799
 246 0024 40090240 		.word	1073875264
 247              		.cfi_endproc
 248              	.LFE228:
 250              		.section	.text.HAL_DMA_Init,"ax",%progbits
 251              		.align	1
 252              		.global	HAL_DMA_Init
 253              		.syntax unified
 254              		.code	16
ARM GAS  C:\Users\amosd\AppData\Local\Temp\cczbCN06.s 			page 24


 255              		.thumb_func
 257              	HAL_DMA_Init:
 258              	.LVL14:
 259              	.LFB214:
 152:Drivers/STM32C0xx_HAL_Driver/Src/stm32c0xx_hal_dma.c ****   /* Check the DMA handle allocation */
 260              		.loc 1 152 1 is_stmt 1 view -0
 261              		.cfi_startproc
 262              		@ args = 0, pretend = 0, frame = 0
 263              		@ frame_needed = 0, uses_anonymous_args = 0
 152:Drivers/STM32C0xx_HAL_Driver/Src/stm32c0xx_hal_dma.c ****   /* Check the DMA handle allocation */
 264              		.loc 1 152 1 is_stmt 0 view .LVU72
 265 0000 70B5     		push	{r4, r5, r6, lr}
 266              	.LCFI2:
 267              		.cfi_def_cfa_offset 16
 268              		.cfi_offset 4, -16
 269              		.cfi_offset 5, -12
 270              		.cfi_offset 6, -8
 271              		.cfi_offset 14, -4
 272 0002 041E     		subs	r4, r0, #0
 154:Drivers/STM32C0xx_HAL_Driver/Src/stm32c0xx_hal_dma.c ****   {
 273              		.loc 1 154 3 is_stmt 1 view .LVU73
 154:Drivers/STM32C0xx_HAL_Driver/Src/stm32c0xx_hal_dma.c ****   {
 274              		.loc 1 154 6 is_stmt 0 view .LVU74
 275 0004 4DD0     		beq	.L19
 160:Drivers/STM32C0xx_HAL_Driver/Src/stm32c0xx_hal_dma.c ****   assert_param(IS_DMA_DIRECTION(hdma->Init.Direction));
 276              		.loc 1 160 3 is_stmt 1 view .LVU75
 161:Drivers/STM32C0xx_HAL_Driver/Src/stm32c0xx_hal_dma.c ****   assert_param(IS_DMA_PERIPHERAL_INC_STATE(hdma->Init.PeriphInc));
 277              		.loc 1 161 3 view .LVU76
 162:Drivers/STM32C0xx_HAL_Driver/Src/stm32c0xx_hal_dma.c ****   assert_param(IS_DMA_MEMORY_INC_STATE(hdma->Init.MemInc));
 278              		.loc 1 162 3 view .LVU77
 163:Drivers/STM32C0xx_HAL_Driver/Src/stm32c0xx_hal_dma.c ****   assert_param(IS_DMA_PERIPHERAL_DATA_SIZE(hdma->Init.PeriphDataAlignment));
 279              		.loc 1 163 3 view .LVU78
 164:Drivers/STM32C0xx_HAL_Driver/Src/stm32c0xx_hal_dma.c ****   assert_param(IS_DMA_MEMORY_DATA_SIZE(hdma->Init.MemDataAlignment));
 280              		.loc 1 164 3 view .LVU79
 165:Drivers/STM32C0xx_HAL_Driver/Src/stm32c0xx_hal_dma.c ****   assert_param(IS_DMA_MODE(hdma->Init.Mode));
 281              		.loc 1 165 3 view .LVU80
 166:Drivers/STM32C0xx_HAL_Driver/Src/stm32c0xx_hal_dma.c ****   assert_param(IS_DMA_PRIORITY(hdma->Init.Priority));
 282              		.loc 1 166 3 view .LVU81
 167:Drivers/STM32C0xx_HAL_Driver/Src/stm32c0xx_hal_dma.c **** 
 283              		.loc 1 167 3 view .LVU82
 170:Drivers/STM32C0xx_HAL_Driver/Src/stm32c0xx_hal_dma.c ****                                                                                 (uint32_t)DMA1_Chan
 284              		.loc 1 170 3 view .LVU83
 170:Drivers/STM32C0xx_HAL_Driver/Src/stm32c0xx_hal_dma.c ****                                                                                 (uint32_t)DMA1_Chan
 285              		.loc 1 170 40 is_stmt 0 view .LVU84
 286 0006 0568     		ldr	r5, [r0]
 170:Drivers/STM32C0xx_HAL_Driver/Src/stm32c0xx_hal_dma.c ****                                                                                 (uint32_t)DMA1_Chan
 287              		.loc 1 170 51 view .LVU85
 288 0008 274B     		ldr	r3, .L22
 289 000a E818     		adds	r0, r5, r3
 290              	.LVL15:
 170:Drivers/STM32C0xx_HAL_Driver/Src/stm32c0xx_hal_dma.c ****                                                                                 (uint32_t)DMA1_Chan
 291              		.loc 1 170 78 view .LVU86
 292 000c 1421     		movs	r1, #20
 293 000e FFF7FEFF 		bl	__aeabi_uidiv
 294              	.LVL16:
 171:Drivers/STM32C0xx_HAL_Driver/Src/stm32c0xx_hal_dma.c ****   /* Change DMA peripheral state */
 295              		.loc 1 171 107 view .LVU87
ARM GAS  C:\Users\amosd\AppData\Local\Temp\cczbCN06.s 			page 25


 296 0012 8000     		lsls	r0, r0, #2
 170:Drivers/STM32C0xx_HAL_Driver/Src/stm32c0xx_hal_dma.c ****                                                                                 (uint32_t)DMA1_Chan
 297              		.loc 1 170 22 view .LVU88
 298 0014 2064     		str	r0, [r4, #64]
 173:Drivers/STM32C0xx_HAL_Driver/Src/stm32c0xx_hal_dma.c **** 
 299              		.loc 1 173 3 is_stmt 1 view .LVU89
 173:Drivers/STM32C0xx_HAL_Driver/Src/stm32c0xx_hal_dma.c **** 
 300              		.loc 1 173 15 is_stmt 0 view .LVU90
 301 0016 2523     		movs	r3, #37
 302 0018 0222     		movs	r2, #2
 303 001a E254     		strb	r2, [r4, r3]
 176:Drivers/STM32C0xx_HAL_Driver/Src/stm32c0xx_hal_dma.c ****                                   DMA_CCR_MINC  | DMA_CCR_PINC   | DMA_CCR_CIRC   | \
 304              		.loc 1 176 3 is_stmt 1 view .LVU91
 305 001c 2B68     		ldr	r3, [r5]
 306 001e 234A     		ldr	r2, .L22+4
 307 0020 1340     		ands	r3, r2
 308 0022 2B60     		str	r3, [r5]
 181:Drivers/STM32C0xx_HAL_Driver/Src/stm32c0xx_hal_dma.c ****                                 hdma->Init.PeriphInc           | hdma->Init.MemInc           | \
 309              		.loc 1 181 3 view .LVU92
 310 0024 2168     		ldr	r1, [r4]
 311 0026 0A68     		ldr	r2, [r1]
 312 0028 A368     		ldr	r3, [r4, #8]
 313 002a E068     		ldr	r0, [r4, #12]
 314 002c 0343     		orrs	r3, r0
 315 002e 2069     		ldr	r0, [r4, #16]
 316 0030 0343     		orrs	r3, r0
 317 0032 6069     		ldr	r0, [r4, #20]
 318 0034 0343     		orrs	r3, r0
 319 0036 A069     		ldr	r0, [r4, #24]
 320 0038 0343     		orrs	r3, r0
 321 003a E069     		ldr	r0, [r4, #28]
 322 003c 0343     		orrs	r3, r0
 323 003e 206A     		ldr	r0, [r4, #32]
 324 0040 0343     		orrs	r3, r0
 325 0042 1343     		orrs	r3, r2
 326 0044 0B60     		str	r3, [r1]
 189:Drivers/STM32C0xx_HAL_Driver/Src/stm32c0xx_hal_dma.c **** 
 327              		.loc 1 189 3 view .LVU93
 328 0046 2000     		movs	r0, r4
 329 0048 FFF7FEFF 		bl	DMA_CalcDMAMUXChannelBaseAndMask
 330              	.LVL17:
 191:Drivers/STM32C0xx_HAL_Driver/Src/stm32c0xx_hal_dma.c ****   {
 331              		.loc 1 191 3 view .LVU94
 191:Drivers/STM32C0xx_HAL_Driver/Src/stm32c0xx_hal_dma.c ****   {
 332              		.loc 1 191 17 is_stmt 0 view .LVU95
 333 004c A268     		ldr	r2, [r4, #8]
 191:Drivers/STM32C0xx_HAL_Driver/Src/stm32c0xx_hal_dma.c ****   {
 334              		.loc 1 191 6 view .LVU96
 335 004e 8023     		movs	r3, #128
 336 0050 DB01     		lsls	r3, r3, #7
 337 0052 9A42     		cmp	r2, r3
 338 0054 18D0     		beq	.L20
 339              	.L16:
 198:Drivers/STM32C0xx_HAL_Driver/Src/stm32c0xx_hal_dma.c **** 
 340              		.loc 1 198 3 is_stmt 1 view .LVU97
 198:Drivers/STM32C0xx_HAL_Driver/Src/stm32c0xx_hal_dma.c **** 
 341              		.loc 1 198 41 is_stmt 0 view .LVU98
ARM GAS  C:\Users\amosd\AppData\Local\Temp\cczbCN06.s 			page 26


 342 0056 6168     		ldr	r1, [r4, #4]
 198:Drivers/STM32C0xx_HAL_Driver/Src/stm32c0xx_hal_dma.c **** 
 343              		.loc 1 198 7 view .LVU99
 344 0058 626C     		ldr	r2, [r4, #68]
 198:Drivers/STM32C0xx_HAL_Driver/Src/stm32c0xx_hal_dma.c **** 
 345              		.loc 1 198 50 view .LVU100
 346 005a FF23     		movs	r3, #255
 347 005c 0B40     		ands	r3, r1
 198:Drivers/STM32C0xx_HAL_Driver/Src/stm32c0xx_hal_dma.c **** 
 348              		.loc 1 198 28 view .LVU101
 349 005e 1360     		str	r3, [r2]
 201:Drivers/STM32C0xx_HAL_Driver/Src/stm32c0xx_hal_dma.c **** 
 350              		.loc 1 201 3 is_stmt 1 view .LVU102
 201:Drivers/STM32C0xx_HAL_Driver/Src/stm32c0xx_hal_dma.c **** 
 351              		.loc 1 201 7 is_stmt 0 view .LVU103
 352 0060 A36C     		ldr	r3, [r4, #72]
 201:Drivers/STM32C0xx_HAL_Driver/Src/stm32c0xx_hal_dma.c **** 
 353              		.loc 1 201 40 view .LVU104
 354 0062 E26C     		ldr	r2, [r4, #76]
 201:Drivers/STM32C0xx_HAL_Driver/Src/stm32c0xx_hal_dma.c **** 
 355              		.loc 1 201 34 view .LVU105
 356 0064 5A60     		str	r2, [r3, #4]
 203:Drivers/STM32C0xx_HAL_Driver/Src/stm32c0xx_hal_dma.c ****   {
 357              		.loc 1 203 3 is_stmt 1 view .LVU106
 203:Drivers/STM32C0xx_HAL_Driver/Src/stm32c0xx_hal_dma.c ****   {
 358              		.loc 1 203 19 is_stmt 0 view .LVU107
 359 0066 6368     		ldr	r3, [r4, #4]
 203:Drivers/STM32C0xx_HAL_Driver/Src/stm32c0xx_hal_dma.c ****   {
 360              		.loc 1 203 35 view .LVU108
 361 0068 013B     		subs	r3, r3, #1
 203:Drivers/STM32C0xx_HAL_Driver/Src/stm32c0xx_hal_dma.c ****   {
 362              		.loc 1 203 6 view .LVU109
 363 006a 032B     		cmp	r3, #3
 364 006c 0FD9     		bls	.L21
 218:Drivers/STM32C0xx_HAL_Driver/Src/stm32c0xx_hal_dma.c ****     hdma->DMAmuxRequestGenStatus = 0U;
 365              		.loc 1 218 5 is_stmt 1 view .LVU110
 218:Drivers/STM32C0xx_HAL_Driver/Src/stm32c0xx_hal_dma.c ****     hdma->DMAmuxRequestGenStatus = 0U;
 366              		.loc 1 218 28 is_stmt 0 view .LVU111
 367 006e 0023     		movs	r3, #0
 368 0070 2365     		str	r3, [r4, #80]
 219:Drivers/STM32C0xx_HAL_Driver/Src/stm32c0xx_hal_dma.c ****     hdma->DMAmuxRequestGenStatusMask = 0U;
 369              		.loc 1 219 5 is_stmt 1 view .LVU112
 219:Drivers/STM32C0xx_HAL_Driver/Src/stm32c0xx_hal_dma.c ****     hdma->DMAmuxRequestGenStatusMask = 0U;
 370              		.loc 1 219 34 is_stmt 0 view .LVU113
 371 0072 6365     		str	r3, [r4, #84]
 220:Drivers/STM32C0xx_HAL_Driver/Src/stm32c0xx_hal_dma.c ****   }
 372              		.loc 1 220 5 is_stmt 1 view .LVU114
 220:Drivers/STM32C0xx_HAL_Driver/Src/stm32c0xx_hal_dma.c ****   }
 373              		.loc 1 220 38 is_stmt 0 view .LVU115
 374 0074 A365     		str	r3, [r4, #88]
 375              	.L18:
 224:Drivers/STM32C0xx_HAL_Driver/Src/stm32c0xx_hal_dma.c **** 
 376              		.loc 1 224 3 is_stmt 1 view .LVU116
 224:Drivers/STM32C0xx_HAL_Driver/Src/stm32c0xx_hal_dma.c **** 
 377              		.loc 1 224 19 is_stmt 0 view .LVU117
 378 0076 0023     		movs	r3, #0
 379 0078 E363     		str	r3, [r4, #60]
ARM GAS  C:\Users\amosd\AppData\Local\Temp\cczbCN06.s 			page 27


 227:Drivers/STM32C0xx_HAL_Driver/Src/stm32c0xx_hal_dma.c **** 
 380              		.loc 1 227 3 is_stmt 1 view .LVU118
 227:Drivers/STM32C0xx_HAL_Driver/Src/stm32c0xx_hal_dma.c **** 
 381              		.loc 1 227 16 is_stmt 0 view .LVU119
 382 007a 2522     		movs	r2, #37
 383 007c 0121     		movs	r1, #1
 384 007e A154     		strb	r1, [r4, r2]
 230:Drivers/STM32C0xx_HAL_Driver/Src/stm32c0xx_hal_dma.c **** 
 385              		.loc 1 230 3 is_stmt 1 view .LVU120
 230:Drivers/STM32C0xx_HAL_Driver/Src/stm32c0xx_hal_dma.c **** 
 386              		.loc 1 230 3 view .LVU121
 387 0080 013A     		subs	r2, r2, #1
 388 0082 A354     		strb	r3, [r4, r2]
 230:Drivers/STM32C0xx_HAL_Driver/Src/stm32c0xx_hal_dma.c **** 
 389              		.loc 1 230 3 view .LVU122
 232:Drivers/STM32C0xx_HAL_Driver/Src/stm32c0xx_hal_dma.c **** }
 390              		.loc 1 232 3 view .LVU123
 232:Drivers/STM32C0xx_HAL_Driver/Src/stm32c0xx_hal_dma.c **** }
 391              		.loc 1 232 10 is_stmt 0 view .LVU124
 392 0084 0020     		movs	r0, #0
 393              	.L15:
 233:Drivers/STM32C0xx_HAL_Driver/Src/stm32c0xx_hal_dma.c **** 
 394              		.loc 1 233 1 view .LVU125
 395              		@ sp needed
 396              	.LVL18:
 233:Drivers/STM32C0xx_HAL_Driver/Src/stm32c0xx_hal_dma.c **** 
 397              		.loc 1 233 1 view .LVU126
 398 0086 70BD     		pop	{r4, r5, r6, pc}
 399              	.LVL19:
 400              	.L20:
 194:Drivers/STM32C0xx_HAL_Driver/Src/stm32c0xx_hal_dma.c ****   }
 401              		.loc 1 194 5 is_stmt 1 view .LVU127
 194:Drivers/STM32C0xx_HAL_Driver/Src/stm32c0xx_hal_dma.c ****   }
 402              		.loc 1 194 24 is_stmt 0 view .LVU128
 403 0088 0023     		movs	r3, #0
 404 008a 6360     		str	r3, [r4, #4]
 405 008c E3E7     		b	.L16
 406              	.L21:
 208:Drivers/STM32C0xx_HAL_Driver/Src/stm32c0xx_hal_dma.c **** 
 407              		.loc 1 208 5 is_stmt 1 view .LVU129
 408 008e 2000     		movs	r0, r4
 409 0090 FFF7FEFF 		bl	DMA_CalcDMAMUXRequestGenBaseAndMask
 410              	.LVL20:
 211:Drivers/STM32C0xx_HAL_Driver/Src/stm32c0xx_hal_dma.c **** 
 411              		.loc 1 211 5 view .LVU130
 211:Drivers/STM32C0xx_HAL_Driver/Src/stm32c0xx_hal_dma.c **** 
 412              		.loc 1 211 9 is_stmt 0 view .LVU131
 413 0094 236D     		ldr	r3, [r4, #80]
 211:Drivers/STM32C0xx_HAL_Driver/Src/stm32c0xx_hal_dma.c **** 
 414              		.loc 1 211 34 view .LVU132
 415 0096 0022     		movs	r2, #0
 416 0098 1A60     		str	r2, [r3]
 214:Drivers/STM32C0xx_HAL_Driver/Src/stm32c0xx_hal_dma.c ****   }
 417              		.loc 1 214 5 is_stmt 1 view .LVU133
 214:Drivers/STM32C0xx_HAL_Driver/Src/stm32c0xx_hal_dma.c ****   }
 418              		.loc 1 214 9 is_stmt 0 view .LVU134
 419 009a 636D     		ldr	r3, [r4, #84]
ARM GAS  C:\Users\amosd\AppData\Local\Temp\cczbCN06.s 			page 28


 214:Drivers/STM32C0xx_HAL_Driver/Src/stm32c0xx_hal_dma.c ****   }
 420              		.loc 1 214 47 view .LVU135
 421 009c A26D     		ldr	r2, [r4, #88]
 214:Drivers/STM32C0xx_HAL_Driver/Src/stm32c0xx_hal_dma.c ****   }
 422              		.loc 1 214 41 view .LVU136
 423 009e 5A60     		str	r2, [r3, #4]
 424 00a0 E9E7     		b	.L18
 425              	.LVL21:
 426              	.L19:
 156:Drivers/STM32C0xx_HAL_Driver/Src/stm32c0xx_hal_dma.c ****   }
 427              		.loc 1 156 12 view .LVU137
 428 00a2 0120     		movs	r0, #1
 429              	.LVL22:
 156:Drivers/STM32C0xx_HAL_Driver/Src/stm32c0xx_hal_dma.c ****   }
 430              		.loc 1 156 12 view .LVU138
 431 00a4 EFE7     		b	.L15
 432              	.L23:
 433 00a6 C046     		.align	2
 434              	.L22:
 435 00a8 F8FFFDBF 		.word	-1073872904
 436 00ac 0F80FFFF 		.word	-32753
 437              		.cfi_endproc
 438              	.LFE214:
 440              		.section	.text.HAL_DMA_DeInit,"ax",%progbits
 441              		.align	1
 442              		.global	HAL_DMA_DeInit
 443              		.syntax unified
 444              		.code	16
 445              		.thumb_func
 447              	HAL_DMA_DeInit:
 448              	.LVL23:
 449              	.LFB215:
 242:Drivers/STM32C0xx_HAL_Driver/Src/stm32c0xx_hal_dma.c ****   /* Check the DMA handle allocation */
 450              		.loc 1 242 1 is_stmt 1 view -0
 451              		.cfi_startproc
 452              		@ args = 0, pretend = 0, frame = 0
 453              		@ frame_needed = 0, uses_anonymous_args = 0
 242:Drivers/STM32C0xx_HAL_Driver/Src/stm32c0xx_hal_dma.c ****   /* Check the DMA handle allocation */
 454              		.loc 1 242 1 is_stmt 0 view .LVU140
 455 0000 F8B5     		push	{r3, r4, r5, r6, r7, lr}
 456              	.LCFI3:
 457              		.cfi_def_cfa_offset 24
 458              		.cfi_offset 3, -24
 459              		.cfi_offset 4, -20
 460              		.cfi_offset 5, -16
 461              		.cfi_offset 6, -12
 462              		.cfi_offset 7, -8
 463              		.cfi_offset 14, -4
 464 0002 041E     		subs	r4, r0, #0
 244:Drivers/STM32C0xx_HAL_Driver/Src/stm32c0xx_hal_dma.c ****   {
 465              		.loc 1 244 3 is_stmt 1 view .LVU141
 244:Drivers/STM32C0xx_HAL_Driver/Src/stm32c0xx_hal_dma.c ****   {
 466              		.loc 1 244 6 is_stmt 0 view .LVU142
 467 0004 3BD0     		beq	.L27
 250:Drivers/STM32C0xx_HAL_Driver/Src/stm32c0xx_hal_dma.c **** 
 468              		.loc 1 250 3 is_stmt 1 view .LVU143
 253:Drivers/STM32C0xx_HAL_Driver/Src/stm32c0xx_hal_dma.c **** 
ARM GAS  C:\Users\amosd\AppData\Local\Temp\cczbCN06.s 			page 29


 469              		.loc 1 253 3 view .LVU144
 470 0006 0268     		ldr	r2, [r0]
 471 0008 1368     		ldr	r3, [r2]
 472 000a 0125     		movs	r5, #1
 473 000c AB43     		bics	r3, r5
 474 000e 1360     		str	r3, [r2]
 256:Drivers/STM32C0xx_HAL_Driver/Src/stm32c0xx_hal_dma.c ****                                                                                 (uint32_t)DMA1_Chan
 475              		.loc 1 256 3 view .LVU145
 256:Drivers/STM32C0xx_HAL_Driver/Src/stm32c0xx_hal_dma.c ****                                                                                 (uint32_t)DMA1_Chan
 476              		.loc 1 256 40 is_stmt 0 view .LVU146
 477 0010 0768     		ldr	r7, [r0]
 256:Drivers/STM32C0xx_HAL_Driver/Src/stm32c0xx_hal_dma.c ****                                                                                 (uint32_t)DMA1_Chan
 478              		.loc 1 256 51 view .LVU147
 479 0012 1C4B     		ldr	r3, .L29
 480 0014 F818     		adds	r0, r7, r3
 481              	.LVL24:
 256:Drivers/STM32C0xx_HAL_Driver/Src/stm32c0xx_hal_dma.c ****                                                                                 (uint32_t)DMA1_Chan
 482              		.loc 1 256 78 view .LVU148
 483 0016 1421     		movs	r1, #20
 484 0018 FFF7FEFF 		bl	__aeabi_uidiv
 485              	.LVL25:
 257:Drivers/STM32C0xx_HAL_Driver/Src/stm32c0xx_hal_dma.c **** 
 486              		.loc 1 257 107 view .LVU149
 487 001c 8000     		lsls	r0, r0, #2
 256:Drivers/STM32C0xx_HAL_Driver/Src/stm32c0xx_hal_dma.c ****                                                                                 (uint32_t)DMA1_Chan
 488              		.loc 1 256 22 view .LVU150
 489 001e 2064     		str	r0, [r4, #64]
 260:Drivers/STM32C0xx_HAL_Driver/Src/stm32c0xx_hal_dma.c **** 
 490              		.loc 1 260 3 is_stmt 1 view .LVU151
 260:Drivers/STM32C0xx_HAL_Driver/Src/stm32c0xx_hal_dma.c **** 
 491              		.loc 1 260 24 is_stmt 0 view .LVU152
 492 0020 0026     		movs	r6, #0
 493 0022 3E60     		str	r6, [r7]
 263:Drivers/STM32C0xx_HAL_Driver/Src/stm32c0xx_hal_dma.c **** 
 494              		.loc 1 263 3 is_stmt 1 view .LVU153
 495 0024 1849     		ldr	r1, .L29+4
 496 0026 4B68     		ldr	r3, [r1, #4]
 497 0028 206C     		ldr	r0, [r4, #64]
 498 002a 1C22     		movs	r2, #28
 499 002c 0240     		ands	r2, r0
 500 002e 9540     		lsls	r5, r5, r2
 501 0030 2B43     		orrs	r3, r5
 502 0032 4B60     		str	r3, [r1, #4]
 268:Drivers/STM32C0xx_HAL_Driver/Src/stm32c0xx_hal_dma.c **** 
 503              		.loc 1 268 3 view .LVU154
 504 0034 2000     		movs	r0, r4
 505 0036 FFF7FEFF 		bl	DMA_CalcDMAMUXChannelBaseAndMask
 506              	.LVL26:
 271:Drivers/STM32C0xx_HAL_Driver/Src/stm32c0xx_hal_dma.c **** 
 507              		.loc 1 271 3 view .LVU155
 271:Drivers/STM32C0xx_HAL_Driver/Src/stm32c0xx_hal_dma.c **** 
 508              		.loc 1 271 7 is_stmt 0 view .LVU156
 509 003a 636C     		ldr	r3, [r4, #68]
 271:Drivers/STM32C0xx_HAL_Driver/Src/stm32c0xx_hal_dma.c **** 
 510              		.loc 1 271 28 view .LVU157
 511 003c 1E60     		str	r6, [r3]
 274:Drivers/STM32C0xx_HAL_Driver/Src/stm32c0xx_hal_dma.c **** 
ARM GAS  C:\Users\amosd\AppData\Local\Temp\cczbCN06.s 			page 30


 512              		.loc 1 274 3 is_stmt 1 view .LVU158
 274:Drivers/STM32C0xx_HAL_Driver/Src/stm32c0xx_hal_dma.c **** 
 513              		.loc 1 274 7 is_stmt 0 view .LVU159
 514 003e A36C     		ldr	r3, [r4, #72]
 274:Drivers/STM32C0xx_HAL_Driver/Src/stm32c0xx_hal_dma.c **** 
 515              		.loc 1 274 40 view .LVU160
 516 0040 E26C     		ldr	r2, [r4, #76]
 274:Drivers/STM32C0xx_HAL_Driver/Src/stm32c0xx_hal_dma.c **** 
 517              		.loc 1 274 34 view .LVU161
 518 0042 5A60     		str	r2, [r3, #4]
 277:Drivers/STM32C0xx_HAL_Driver/Src/stm32c0xx_hal_dma.c ****   {
 519              		.loc 1 277 3 is_stmt 1 view .LVU162
 277:Drivers/STM32C0xx_HAL_Driver/Src/stm32c0xx_hal_dma.c ****   {
 520              		.loc 1 277 19 is_stmt 0 view .LVU163
 521 0044 6368     		ldr	r3, [r4, #4]
 277:Drivers/STM32C0xx_HAL_Driver/Src/stm32c0xx_hal_dma.c ****   {
 522              		.loc 1 277 36 view .LVU164
 523 0046 013B     		subs	r3, r3, #1
 277:Drivers/STM32C0xx_HAL_Driver/Src/stm32c0xx_hal_dma.c ****   {
 524              		.loc 1 277 6 view .LVU165
 525 0048 032B     		cmp	r3, #3
 526 004a 0ED9     		bls	.L28
 527              	.L26:
 292:Drivers/STM32C0xx_HAL_Driver/Src/stm32c0xx_hal_dma.c ****   hdma->XferHalfCpltCallback = NULL;
 528              		.loc 1 292 3 is_stmt 1 view .LVU166
 292:Drivers/STM32C0xx_HAL_Driver/Src/stm32c0xx_hal_dma.c ****   hdma->XferHalfCpltCallback = NULL;
 529              		.loc 1 292 26 is_stmt 0 view .LVU167
 530 004c 0023     		movs	r3, #0
 531 004e E362     		str	r3, [r4, #44]
 293:Drivers/STM32C0xx_HAL_Driver/Src/stm32c0xx_hal_dma.c ****   hdma->XferErrorCallback = NULL;
 532              		.loc 1 293 3 is_stmt 1 view .LVU168
 293:Drivers/STM32C0xx_HAL_Driver/Src/stm32c0xx_hal_dma.c ****   hdma->XferErrorCallback = NULL;
 533              		.loc 1 293 30 is_stmt 0 view .LVU169
 534 0050 2363     		str	r3, [r4, #48]
 294:Drivers/STM32C0xx_HAL_Driver/Src/stm32c0xx_hal_dma.c ****   hdma->XferAbortCallback = NULL;
 535              		.loc 1 294 3 is_stmt 1 view .LVU170
 294:Drivers/STM32C0xx_HAL_Driver/Src/stm32c0xx_hal_dma.c ****   hdma->XferAbortCallback = NULL;
 536              		.loc 1 294 27 is_stmt 0 view .LVU171
 537 0052 6363     		str	r3, [r4, #52]
 295:Drivers/STM32C0xx_HAL_Driver/Src/stm32c0xx_hal_dma.c **** 
 538              		.loc 1 295 3 is_stmt 1 view .LVU172
 295:Drivers/STM32C0xx_HAL_Driver/Src/stm32c0xx_hal_dma.c **** 
 539              		.loc 1 295 27 is_stmt 0 view .LVU173
 540 0054 A363     		str	r3, [r4, #56]
 297:Drivers/STM32C0xx_HAL_Driver/Src/stm32c0xx_hal_dma.c ****   hdma->DMAmuxRequestGenStatus = 0U;
 541              		.loc 1 297 3 is_stmt 1 view .LVU174
 297:Drivers/STM32C0xx_HAL_Driver/Src/stm32c0xx_hal_dma.c ****   hdma->DMAmuxRequestGenStatus = 0U;
 542              		.loc 1 297 26 is_stmt 0 view .LVU175
 543 0056 2365     		str	r3, [r4, #80]
 298:Drivers/STM32C0xx_HAL_Driver/Src/stm32c0xx_hal_dma.c ****   hdma->DMAmuxRequestGenStatusMask = 0U;
 544              		.loc 1 298 3 is_stmt 1 view .LVU176
 298:Drivers/STM32C0xx_HAL_Driver/Src/stm32c0xx_hal_dma.c ****   hdma->DMAmuxRequestGenStatusMask = 0U;
 545              		.loc 1 298 32 is_stmt 0 view .LVU177
 546 0058 6365     		str	r3, [r4, #84]
 299:Drivers/STM32C0xx_HAL_Driver/Src/stm32c0xx_hal_dma.c **** 
 547              		.loc 1 299 3 is_stmt 1 view .LVU178
 299:Drivers/STM32C0xx_HAL_Driver/Src/stm32c0xx_hal_dma.c **** 
ARM GAS  C:\Users\amosd\AppData\Local\Temp\cczbCN06.s 			page 31


 548              		.loc 1 299 36 is_stmt 0 view .LVU179
 549 005a A365     		str	r3, [r4, #88]
 302:Drivers/STM32C0xx_HAL_Driver/Src/stm32c0xx_hal_dma.c **** 
 550              		.loc 1 302 3 is_stmt 1 view .LVU180
 302:Drivers/STM32C0xx_HAL_Driver/Src/stm32c0xx_hal_dma.c **** 
 551              		.loc 1 302 19 is_stmt 0 view .LVU181
 552 005c E363     		str	r3, [r4, #60]
 305:Drivers/STM32C0xx_HAL_Driver/Src/stm32c0xx_hal_dma.c **** 
 553              		.loc 1 305 3 is_stmt 1 view .LVU182
 305:Drivers/STM32C0xx_HAL_Driver/Src/stm32c0xx_hal_dma.c **** 
 554              		.loc 1 305 15 is_stmt 0 view .LVU183
 555 005e 2522     		movs	r2, #37
 556 0060 A354     		strb	r3, [r4, r2]
 308:Drivers/STM32C0xx_HAL_Driver/Src/stm32c0xx_hal_dma.c **** 
 557              		.loc 1 308 3 is_stmt 1 view .LVU184
 308:Drivers/STM32C0xx_HAL_Driver/Src/stm32c0xx_hal_dma.c **** 
 558              		.loc 1 308 3 view .LVU185
 559 0062 013A     		subs	r2, r2, #1
 560 0064 A354     		strb	r3, [r4, r2]
 308:Drivers/STM32C0xx_HAL_Driver/Src/stm32c0xx_hal_dma.c **** 
 561              		.loc 1 308 3 view .LVU186
 310:Drivers/STM32C0xx_HAL_Driver/Src/stm32c0xx_hal_dma.c **** }
 562              		.loc 1 310 3 view .LVU187
 310:Drivers/STM32C0xx_HAL_Driver/Src/stm32c0xx_hal_dma.c **** }
 563              		.loc 1 310 10 is_stmt 0 view .LVU188
 564 0066 0020     		movs	r0, #0
 565              	.L25:
 311:Drivers/STM32C0xx_HAL_Driver/Src/stm32c0xx_hal_dma.c **** 
 566              		.loc 1 311 1 view .LVU189
 567              		@ sp needed
 568              	.LVL27:
 311:Drivers/STM32C0xx_HAL_Driver/Src/stm32c0xx_hal_dma.c **** 
 569              		.loc 1 311 1 view .LVU190
 570 0068 F8BD     		pop	{r3, r4, r5, r6, r7, pc}
 571              	.LVL28:
 572              	.L28:
 282:Drivers/STM32C0xx_HAL_Driver/Src/stm32c0xx_hal_dma.c **** 
 573              		.loc 1 282 5 is_stmt 1 view .LVU191
 574 006a 2000     		movs	r0, r4
 575 006c FFF7FEFF 		bl	DMA_CalcDMAMUXRequestGenBaseAndMask
 576              	.LVL29:
 285:Drivers/STM32C0xx_HAL_Driver/Src/stm32c0xx_hal_dma.c **** 
 577              		.loc 1 285 5 view .LVU192
 285:Drivers/STM32C0xx_HAL_Driver/Src/stm32c0xx_hal_dma.c **** 
 578              		.loc 1 285 9 is_stmt 0 view .LVU193
 579 0070 236D     		ldr	r3, [r4, #80]
 285:Drivers/STM32C0xx_HAL_Driver/Src/stm32c0xx_hal_dma.c **** 
 580              		.loc 1 285 34 view .LVU194
 581 0072 0022     		movs	r2, #0
 582 0074 1A60     		str	r2, [r3]
 288:Drivers/STM32C0xx_HAL_Driver/Src/stm32c0xx_hal_dma.c ****   }
 583              		.loc 1 288 5 is_stmt 1 view .LVU195
 288:Drivers/STM32C0xx_HAL_Driver/Src/stm32c0xx_hal_dma.c ****   }
 584              		.loc 1 288 9 is_stmt 0 view .LVU196
 585 0076 636D     		ldr	r3, [r4, #84]
 288:Drivers/STM32C0xx_HAL_Driver/Src/stm32c0xx_hal_dma.c ****   }
 586              		.loc 1 288 47 view .LVU197
ARM GAS  C:\Users\amosd\AppData\Local\Temp\cczbCN06.s 			page 32


 587 0078 A26D     		ldr	r2, [r4, #88]
 288:Drivers/STM32C0xx_HAL_Driver/Src/stm32c0xx_hal_dma.c ****   }
 588              		.loc 1 288 41 view .LVU198
 589 007a 5A60     		str	r2, [r3, #4]
 590 007c E6E7     		b	.L26
 591              	.LVL30:
 592              	.L27:
 246:Drivers/STM32C0xx_HAL_Driver/Src/stm32c0xx_hal_dma.c ****   }
 593              		.loc 1 246 12 view .LVU199
 594 007e 0120     		movs	r0, #1
 595              	.LVL31:
 246:Drivers/STM32C0xx_HAL_Driver/Src/stm32c0xx_hal_dma.c ****   }
 596              		.loc 1 246 12 view .LVU200
 597 0080 F2E7     		b	.L25
 598              	.L30:
 599 0082 C046     		.align	2
 600              	.L29:
 601 0084 F8FFFDBF 		.word	-1073872904
 602 0088 00000240 		.word	1073872896
 603              		.cfi_endproc
 604              	.LFE215:
 606              		.section	.text.HAL_DMA_Start,"ax",%progbits
 607              		.align	1
 608              		.global	HAL_DMA_Start
 609              		.syntax unified
 610              		.code	16
 611              		.thumb_func
 613              	HAL_DMA_Start:
 614              	.LVL32:
 615              	.LFB216:
 346:Drivers/STM32C0xx_HAL_Driver/Src/stm32c0xx_hal_dma.c ****   HAL_StatusTypeDef status = HAL_OK;
 616              		.loc 1 346 1 is_stmt 1 view -0
 617              		.cfi_startproc
 618              		@ args = 0, pretend = 0, frame = 0
 619              		@ frame_needed = 0, uses_anonymous_args = 0
 346:Drivers/STM32C0xx_HAL_Driver/Src/stm32c0xx_hal_dma.c ****   HAL_StatusTypeDef status = HAL_OK;
 620              		.loc 1 346 1 is_stmt 0 view .LVU202
 621 0000 70B5     		push	{r4, r5, r6, lr}
 622              	.LCFI4:
 623              		.cfi_def_cfa_offset 16
 624              		.cfi_offset 4, -16
 625              		.cfi_offset 5, -12
 626              		.cfi_offset 6, -8
 627              		.cfi_offset 14, -4
 628 0002 0400     		movs	r4, r0
 347:Drivers/STM32C0xx_HAL_Driver/Src/stm32c0xx_hal_dma.c **** 
 629              		.loc 1 347 3 is_stmt 1 view .LVU203
 630              	.LVL33:
 350:Drivers/STM32C0xx_HAL_Driver/Src/stm32c0xx_hal_dma.c **** 
 631              		.loc 1 350 3 view .LVU204
 353:Drivers/STM32C0xx_HAL_Driver/Src/stm32c0xx_hal_dma.c **** 
 632              		.loc 1 353 3 view .LVU205
 353:Drivers/STM32C0xx_HAL_Driver/Src/stm32c0xx_hal_dma.c **** 
 633              		.loc 1 353 3 view .LVU206
 634 0004 2420     		movs	r0, #36
 635              	.LVL34:
 353:Drivers/STM32C0xx_HAL_Driver/Src/stm32c0xx_hal_dma.c **** 
ARM GAS  C:\Users\amosd\AppData\Local\Temp\cczbCN06.s 			page 33


 636              		.loc 1 353 3 is_stmt 0 view .LVU207
 637 0006 205C     		ldrb	r0, [r4, r0]
 638 0008 0128     		cmp	r0, #1
 639 000a 21D0     		beq	.L35
 353:Drivers/STM32C0xx_HAL_Driver/Src/stm32c0xx_hal_dma.c **** 
 640              		.loc 1 353 3 is_stmt 1 discriminator 2 view .LVU208
 641 000c 2420     		movs	r0, #36
 642 000e 0125     		movs	r5, #1
 643 0010 2554     		strb	r5, [r4, r0]
 353:Drivers/STM32C0xx_HAL_Driver/Src/stm32c0xx_hal_dma.c **** 
 644              		.loc 1 353 3 view .LVU209
 355:Drivers/STM32C0xx_HAL_Driver/Src/stm32c0xx_hal_dma.c ****   {
 645              		.loc 1 355 3 view .LVU210
 355:Drivers/STM32C0xx_HAL_Driver/Src/stm32c0xx_hal_dma.c ****   {
 646              		.loc 1 355 34 is_stmt 0 view .LVU211
 647 0012 0130     		adds	r0, r0, #1
 648 0014 205C     		ldrb	r0, [r4, r0]
 355:Drivers/STM32C0xx_HAL_Driver/Src/stm32c0xx_hal_dma.c ****   {
 649              		.loc 1 355 6 view .LVU212
 650 0016 0128     		cmp	r0, #1
 651 0018 07D0     		beq	.L36
 373:Drivers/STM32C0xx_HAL_Driver/Src/stm32c0xx_hal_dma.c ****     status = HAL_BUSY;
 652              		.loc 1 373 5 is_stmt 1 view .LVU213
 373:Drivers/STM32C0xx_HAL_Driver/Src/stm32c0xx_hal_dma.c ****     status = HAL_BUSY;
 653              		.loc 1 373 5 view .LVU214
 654 001a 2423     		movs	r3, #36
 655              	.LVL35:
 373:Drivers/STM32C0xx_HAL_Driver/Src/stm32c0xx_hal_dma.c ****     status = HAL_BUSY;
 656              		.loc 1 373 5 is_stmt 0 view .LVU215
 657 001c 0022     		movs	r2, #0
 658              	.LVL36:
 373:Drivers/STM32C0xx_HAL_Driver/Src/stm32c0xx_hal_dma.c ****     status = HAL_BUSY;
 659              		.loc 1 373 5 view .LVU216
 660 001e E254     		strb	r2, [r4, r3]
 373:Drivers/STM32C0xx_HAL_Driver/Src/stm32c0xx_hal_dma.c ****     status = HAL_BUSY;
 661              		.loc 1 373 5 is_stmt 1 view .LVU217
 374:Drivers/STM32C0xx_HAL_Driver/Src/stm32c0xx_hal_dma.c ****   }
 662              		.loc 1 374 5 view .LVU218
 663              	.LVL37:
 374:Drivers/STM32C0xx_HAL_Driver/Src/stm32c0xx_hal_dma.c ****   }
 664              		.loc 1 374 12 is_stmt 0 view .LVU219
 665 0020 0220     		movs	r0, #2
 666              	.LVL38:
 667              	.L34:
 378:Drivers/STM32C0xx_HAL_Driver/Src/stm32c0xx_hal_dma.c **** 
 668              		.loc 1 378 3 is_stmt 1 view .LVU220
 378:Drivers/STM32C0xx_HAL_Driver/Src/stm32c0xx_hal_dma.c **** 
 669              		.loc 1 378 3 view .LVU221
 670 0022 2423     		movs	r3, #36
 671 0024 0022     		movs	r2, #0
 672 0026 E254     		strb	r2, [r4, r3]
 378:Drivers/STM32C0xx_HAL_Driver/Src/stm32c0xx_hal_dma.c **** 
 673              		.loc 1 378 3 view .LVU222
 380:Drivers/STM32C0xx_HAL_Driver/Src/stm32c0xx_hal_dma.c **** }
 674              		.loc 1 380 3 view .LVU223
 675              	.LVL39:
 676              	.L32:
ARM GAS  C:\Users\amosd\AppData\Local\Temp\cczbCN06.s 			page 34


 381:Drivers/STM32C0xx_HAL_Driver/Src/stm32c0xx_hal_dma.c **** 
 677              		.loc 1 381 1 is_stmt 0 view .LVU224
 678              		@ sp needed
 679              	.LVL40:
 381:Drivers/STM32C0xx_HAL_Driver/Src/stm32c0xx_hal_dma.c **** 
 680              		.loc 1 381 1 view .LVU225
 681 0028 70BD     		pop	{r4, r5, r6, pc}
 682              	.LVL41:
 683              	.L36:
 358:Drivers/STM32C0xx_HAL_Driver/Src/stm32c0xx_hal_dma.c ****     hdma->ErrorCode = HAL_DMA_ERROR_NONE;
 684              		.loc 1 358 5 is_stmt 1 view .LVU226
 358:Drivers/STM32C0xx_HAL_Driver/Src/stm32c0xx_hal_dma.c ****     hdma->ErrorCode = HAL_DMA_ERROR_NONE;
 685              		.loc 1 358 17 is_stmt 0 view .LVU227
 686 002a 2430     		adds	r0, r0, #36
 687 002c 0135     		adds	r5, r5, #1
 688 002e 2554     		strb	r5, [r4, r0]
 359:Drivers/STM32C0xx_HAL_Driver/Src/stm32c0xx_hal_dma.c **** 
 689              		.loc 1 359 5 is_stmt 1 view .LVU228
 359:Drivers/STM32C0xx_HAL_Driver/Src/stm32c0xx_hal_dma.c **** 
 690              		.loc 1 359 21 is_stmt 0 view .LVU229
 691 0030 0020     		movs	r0, #0
 692 0032 E063     		str	r0, [r4, #60]
 362:Drivers/STM32C0xx_HAL_Driver/Src/stm32c0xx_hal_dma.c **** 
 693              		.loc 1 362 5 is_stmt 1 view .LVU230
 694 0034 2668     		ldr	r6, [r4]
 695 0036 3068     		ldr	r0, [r6]
 696 0038 013D     		subs	r5, r5, #1
 697 003a A843     		bics	r0, r5
 698 003c 3060     		str	r0, [r6]
 365:Drivers/STM32C0xx_HAL_Driver/Src/stm32c0xx_hal_dma.c **** 
 699              		.loc 1 365 5 view .LVU231
 700 003e 2000     		movs	r0, r4
 701 0040 FFF7FEFF 		bl	DMA_SetConfig
 702              	.LVL42:
 368:Drivers/STM32C0xx_HAL_Driver/Src/stm32c0xx_hal_dma.c ****   }
 703              		.loc 1 368 5 view .LVU232
 704 0044 2268     		ldr	r2, [r4]
 705 0046 1368     		ldr	r3, [r2]
 706 0048 2B43     		orrs	r3, r5
 707 004a 1360     		str	r3, [r2]
 347:Drivers/STM32C0xx_HAL_Driver/Src/stm32c0xx_hal_dma.c **** 
 708              		.loc 1 347 21 is_stmt 0 view .LVU233
 709 004c 0020     		movs	r0, #0
 710 004e E8E7     		b	.L34
 711              	.LVL43:
 712              	.L35:
 353:Drivers/STM32C0xx_HAL_Driver/Src/stm32c0xx_hal_dma.c **** 
 713              		.loc 1 353 3 discriminator 1 view .LVU234
 714 0050 0220     		movs	r0, #2
 715 0052 E9E7     		b	.L32
 716              		.cfi_endproc
 717              	.LFE216:
 719              		.section	.text.HAL_DMA_Start_IT,"ax",%progbits
 720              		.align	1
 721              		.global	HAL_DMA_Start_IT
 722              		.syntax unified
 723              		.code	16
ARM GAS  C:\Users\amosd\AppData\Local\Temp\cczbCN06.s 			page 35


 724              		.thumb_func
 726              	HAL_DMA_Start_IT:
 727              	.LVL44:
 728              	.LFB217:
 394:Drivers/STM32C0xx_HAL_Driver/Src/stm32c0xx_hal_dma.c ****   HAL_StatusTypeDef status = HAL_OK;
 729              		.loc 1 394 1 is_stmt 1 view -0
 730              		.cfi_startproc
 731              		@ args = 0, pretend = 0, frame = 0
 732              		@ frame_needed = 0, uses_anonymous_args = 0
 394:Drivers/STM32C0xx_HAL_Driver/Src/stm32c0xx_hal_dma.c ****   HAL_StatusTypeDef status = HAL_OK;
 733              		.loc 1 394 1 is_stmt 0 view .LVU236
 734 0000 70B5     		push	{r4, r5, r6, lr}
 735              	.LCFI5:
 736              		.cfi_def_cfa_offset 16
 737              		.cfi_offset 4, -16
 738              		.cfi_offset 5, -12
 739              		.cfi_offset 6, -8
 740              		.cfi_offset 14, -4
 741 0002 0400     		movs	r4, r0
 395:Drivers/STM32C0xx_HAL_Driver/Src/stm32c0xx_hal_dma.c **** 
 742              		.loc 1 395 3 is_stmt 1 view .LVU237
 743              	.LVL45:
 398:Drivers/STM32C0xx_HAL_Driver/Src/stm32c0xx_hal_dma.c **** 
 744              		.loc 1 398 3 view .LVU238
 401:Drivers/STM32C0xx_HAL_Driver/Src/stm32c0xx_hal_dma.c **** 
 745              		.loc 1 401 3 view .LVU239
 401:Drivers/STM32C0xx_HAL_Driver/Src/stm32c0xx_hal_dma.c **** 
 746              		.loc 1 401 3 view .LVU240
 747 0004 2420     		movs	r0, #36
 748              	.LVL46:
 401:Drivers/STM32C0xx_HAL_Driver/Src/stm32c0xx_hal_dma.c **** 
 749              		.loc 1 401 3 is_stmt 0 view .LVU241
 750 0006 205C     		ldrb	r0, [r4, r0]
 751 0008 0128     		cmp	r0, #1
 752 000a 46D0     		beq	.L45
 401:Drivers/STM32C0xx_HAL_Driver/Src/stm32c0xx_hal_dma.c **** 
 753              		.loc 1 401 3 is_stmt 1 discriminator 2 view .LVU242
 754 000c 2420     		movs	r0, #36
 755 000e 0125     		movs	r5, #1
 756 0010 2554     		strb	r5, [r4, r0]
 401:Drivers/STM32C0xx_HAL_Driver/Src/stm32c0xx_hal_dma.c **** 
 757              		.loc 1 401 3 view .LVU243
 403:Drivers/STM32C0xx_HAL_Driver/Src/stm32c0xx_hal_dma.c ****   {
 758              		.loc 1 403 3 view .LVU244
 403:Drivers/STM32C0xx_HAL_Driver/Src/stm32c0xx_hal_dma.c ****   {
 759              		.loc 1 403 34 is_stmt 0 view .LVU245
 760 0012 0130     		adds	r0, r0, #1
 761 0014 205C     		ldrb	r0, [r4, r0]
 403:Drivers/STM32C0xx_HAL_Driver/Src/stm32c0xx_hal_dma.c ****   {
 762              		.loc 1 403 6 view .LVU246
 763 0016 0128     		cmp	r0, #1
 764 0018 07D0     		beq	.L47
 448:Drivers/STM32C0xx_HAL_Driver/Src/stm32c0xx_hal_dma.c **** 
 765              		.loc 1 448 5 is_stmt 1 view .LVU247
 448:Drivers/STM32C0xx_HAL_Driver/Src/stm32c0xx_hal_dma.c **** 
 766              		.loc 1 448 5 view .LVU248
 767 001a 2423     		movs	r3, #36
ARM GAS  C:\Users\amosd\AppData\Local\Temp\cczbCN06.s 			page 36


 768              	.LVL47:
 448:Drivers/STM32C0xx_HAL_Driver/Src/stm32c0xx_hal_dma.c **** 
 769              		.loc 1 448 5 is_stmt 0 view .LVU249
 770 001c 0022     		movs	r2, #0
 771              	.LVL48:
 448:Drivers/STM32C0xx_HAL_Driver/Src/stm32c0xx_hal_dma.c **** 
 772              		.loc 1 448 5 view .LVU250
 773 001e E254     		strb	r2, [r4, r3]
 448:Drivers/STM32C0xx_HAL_Driver/Src/stm32c0xx_hal_dma.c **** 
 774              		.loc 1 448 5 is_stmt 1 view .LVU251
 451:Drivers/STM32C0xx_HAL_Driver/Src/stm32c0xx_hal_dma.c ****   }
 775              		.loc 1 451 5 view .LVU252
 776              	.LVL49:
 451:Drivers/STM32C0xx_HAL_Driver/Src/stm32c0xx_hal_dma.c ****   }
 777              		.loc 1 451 12 is_stmt 0 view .LVU253
 778 0020 0220     		movs	r0, #2
 779              	.LVL50:
 780              	.L44:
 455:Drivers/STM32C0xx_HAL_Driver/Src/stm32c0xx_hal_dma.c **** 
 781              		.loc 1 455 3 is_stmt 1 view .LVU254
 455:Drivers/STM32C0xx_HAL_Driver/Src/stm32c0xx_hal_dma.c **** 
 782              		.loc 1 455 3 view .LVU255
 783 0022 2423     		movs	r3, #36
 784 0024 0022     		movs	r2, #0
 785 0026 E254     		strb	r2, [r4, r3]
 455:Drivers/STM32C0xx_HAL_Driver/Src/stm32c0xx_hal_dma.c **** 
 786              		.loc 1 455 3 view .LVU256
 457:Drivers/STM32C0xx_HAL_Driver/Src/stm32c0xx_hal_dma.c **** }
 787              		.loc 1 457 3 view .LVU257
 788              	.LVL51:
 789              	.L38:
 458:Drivers/STM32C0xx_HAL_Driver/Src/stm32c0xx_hal_dma.c **** 
 790              		.loc 1 458 1 is_stmt 0 view .LVU258
 791              		@ sp needed
 792              	.LVL52:
 458:Drivers/STM32C0xx_HAL_Driver/Src/stm32c0xx_hal_dma.c **** 
 793              		.loc 1 458 1 view .LVU259
 794 0028 70BD     		pop	{r4, r5, r6, pc}
 795              	.LVL53:
 796              	.L47:
 406:Drivers/STM32C0xx_HAL_Driver/Src/stm32c0xx_hal_dma.c ****     hdma->ErrorCode = HAL_DMA_ERROR_NONE;
 797              		.loc 1 406 5 is_stmt 1 view .LVU260
 406:Drivers/STM32C0xx_HAL_Driver/Src/stm32c0xx_hal_dma.c ****     hdma->ErrorCode = HAL_DMA_ERROR_NONE;
 798              		.loc 1 406 17 is_stmt 0 view .LVU261
 799 002a 2430     		adds	r0, r0, #36
 800 002c 0135     		adds	r5, r5, #1
 801 002e 2554     		strb	r5, [r4, r0]
 407:Drivers/STM32C0xx_HAL_Driver/Src/stm32c0xx_hal_dma.c **** 
 802              		.loc 1 407 5 is_stmt 1 view .LVU262
 407:Drivers/STM32C0xx_HAL_Driver/Src/stm32c0xx_hal_dma.c **** 
 803              		.loc 1 407 21 is_stmt 0 view .LVU263
 804 0030 0020     		movs	r0, #0
 805 0032 E063     		str	r0, [r4, #60]
 410:Drivers/STM32C0xx_HAL_Driver/Src/stm32c0xx_hal_dma.c **** 
 806              		.loc 1 410 5 is_stmt 1 view .LVU264
 807 0034 2568     		ldr	r5, [r4]
 808 0036 2868     		ldr	r0, [r5]
ARM GAS  C:\Users\amosd\AppData\Local\Temp\cczbCN06.s 			page 37


 809 0038 0126     		movs	r6, #1
 810 003a B043     		bics	r0, r6
 811 003c 2860     		str	r0, [r5]
 413:Drivers/STM32C0xx_HAL_Driver/Src/stm32c0xx_hal_dma.c **** 
 812              		.loc 1 413 5 view .LVU265
 813 003e 2000     		movs	r0, r4
 814 0040 FFF7FEFF 		bl	DMA_SetConfig
 815              	.LVL54:
 417:Drivers/STM32C0xx_HAL_Driver/Src/stm32c0xx_hal_dma.c ****     {
 816              		.loc 1 417 5 view .LVU266
 417:Drivers/STM32C0xx_HAL_Driver/Src/stm32c0xx_hal_dma.c ****     {
 817              		.loc 1 417 21 is_stmt 0 view .LVU267
 818 0044 236B     		ldr	r3, [r4, #48]
 417:Drivers/STM32C0xx_HAL_Driver/Src/stm32c0xx_hal_dma.c ****     {
 819              		.loc 1 417 8 view .LVU268
 820 0046 002B     		cmp	r3, #0
 821 0048 1CD0     		beq	.L40
 420:Drivers/STM32C0xx_HAL_Driver/Src/stm32c0xx_hal_dma.c ****     }
 822              		.loc 1 420 7 is_stmt 1 view .LVU269
 823 004a 2268     		ldr	r2, [r4]
 824 004c 1368     		ldr	r3, [r2]
 825 004e 0E21     		movs	r1, #14
 826 0050 0B43     		orrs	r3, r1
 827 0052 1360     		str	r3, [r2]
 828              	.L41:
 429:Drivers/STM32C0xx_HAL_Driver/Src/stm32c0xx_hal_dma.c ****     {
 829              		.loc 1 429 5 view .LVU270
 429:Drivers/STM32C0xx_HAL_Driver/Src/stm32c0xx_hal_dma.c ****     {
 830              		.loc 1 429 14 is_stmt 0 view .LVU271
 831 0054 626C     		ldr	r2, [r4, #68]
 429:Drivers/STM32C0xx_HAL_Driver/Src/stm32c0xx_hal_dma.c ****     {
 832              		.loc 1 429 29 view .LVU272
 833 0056 1368     		ldr	r3, [r2]
 429:Drivers/STM32C0xx_HAL_Driver/Src/stm32c0xx_hal_dma.c ****     {
 834              		.loc 1 429 8 view .LVU273
 835 0058 DB03     		lsls	r3, r3, #15
 836 005a 04D5     		bpl	.L42
 432:Drivers/STM32C0xx_HAL_Driver/Src/stm32c0xx_hal_dma.c ****     }
 837              		.loc 1 432 7 is_stmt 1 view .LVU274
 432:Drivers/STM32C0xx_HAL_Driver/Src/stm32c0xx_hal_dma.c ****     }
 838              		.loc 1 432 26 is_stmt 0 view .LVU275
 839 005c 1168     		ldr	r1, [r2]
 432:Drivers/STM32C0xx_HAL_Driver/Src/stm32c0xx_hal_dma.c ****     }
 840              		.loc 1 432 32 view .LVU276
 841 005e 8023     		movs	r3, #128
 842 0060 5B00     		lsls	r3, r3, #1
 843 0062 0B43     		orrs	r3, r1
 844 0064 1360     		str	r3, [r2]
 845              	.L42:
 435:Drivers/STM32C0xx_HAL_Driver/Src/stm32c0xx_hal_dma.c ****     {
 846              		.loc 1 435 5 is_stmt 1 view .LVU277
 435:Drivers/STM32C0xx_HAL_Driver/Src/stm32c0xx_hal_dma.c ****     {
 847              		.loc 1 435 13 is_stmt 0 view .LVU278
 848 0066 236D     		ldr	r3, [r4, #80]
 435:Drivers/STM32C0xx_HAL_Driver/Src/stm32c0xx_hal_dma.c ****     {
 849              		.loc 1 435 8 view .LVU279
 850 0068 002B     		cmp	r3, #0
ARM GAS  C:\Users\amosd\AppData\Local\Temp\cczbCN06.s 			page 38


 851 006a 04D0     		beq	.L43
 439:Drivers/STM32C0xx_HAL_Driver/Src/stm32c0xx_hal_dma.c ****     }
 852              		.loc 1 439 7 is_stmt 1 view .LVU280
 439:Drivers/STM32C0xx_HAL_Driver/Src/stm32c0xx_hal_dma.c ****     }
 853              		.loc 1 439 29 is_stmt 0 view .LVU281
 854 006c 1968     		ldr	r1, [r3]
 439:Drivers/STM32C0xx_HAL_Driver/Src/stm32c0xx_hal_dma.c ****     }
 855              		.loc 1 439 36 view .LVU282
 856 006e 8022     		movs	r2, #128
 857 0070 5200     		lsls	r2, r2, #1
 858 0072 0A43     		orrs	r2, r1
 859 0074 1A60     		str	r2, [r3]
 860              	.L43:
 443:Drivers/STM32C0xx_HAL_Driver/Src/stm32c0xx_hal_dma.c ****   }
 861              		.loc 1 443 5 is_stmt 1 view .LVU283
 862 0076 2268     		ldr	r2, [r4]
 863 0078 1368     		ldr	r3, [r2]
 864 007a 0121     		movs	r1, #1
 865 007c 0B43     		orrs	r3, r1
 866 007e 1360     		str	r3, [r2]
 395:Drivers/STM32C0xx_HAL_Driver/Src/stm32c0xx_hal_dma.c **** 
 867              		.loc 1 395 21 is_stmt 0 view .LVU284
 868 0080 0020     		movs	r0, #0
 869 0082 CEE7     		b	.L44
 870              	.L40:
 424:Drivers/STM32C0xx_HAL_Driver/Src/stm32c0xx_hal_dma.c ****       __HAL_DMA_ENABLE_IT(hdma, (DMA_IT_TC | DMA_IT_TE));
 871              		.loc 1 424 7 is_stmt 1 view .LVU285
 872 0084 2268     		ldr	r2, [r4]
 873 0086 1368     		ldr	r3, [r2]
 874 0088 0421     		movs	r1, #4
 875 008a 8B43     		bics	r3, r1
 876 008c 1360     		str	r3, [r2]
 425:Drivers/STM32C0xx_HAL_Driver/Src/stm32c0xx_hal_dma.c ****     }
 877              		.loc 1 425 7 view .LVU286
 878 008e 2268     		ldr	r2, [r4]
 879 0090 1368     		ldr	r3, [r2]
 880 0092 0631     		adds	r1, r1, #6
 881 0094 0B43     		orrs	r3, r1
 882 0096 1360     		str	r3, [r2]
 883 0098 DCE7     		b	.L41
 884              	.LVL55:
 885              	.L45:
 401:Drivers/STM32C0xx_HAL_Driver/Src/stm32c0xx_hal_dma.c **** 
 886              		.loc 1 401 3 is_stmt 0 discriminator 1 view .LVU287
 887 009a 0220     		movs	r0, #2
 888 009c C4E7     		b	.L38
 889              		.cfi_endproc
 890              	.LFE217:
 892              		.section	.text.HAL_DMA_Abort,"ax",%progbits
 893              		.align	1
 894              		.global	HAL_DMA_Abort
 895              		.syntax unified
 896              		.code	16
 897              		.thumb_func
 899              	HAL_DMA_Abort:
 900              	.LVL56:
 901              	.LFB218:
ARM GAS  C:\Users\amosd\AppData\Local\Temp\cczbCN06.s 			page 39


 467:Drivers/STM32C0xx_HAL_Driver/Src/stm32c0xx_hal_dma.c ****   /* Check the DMA peripheral handle */
 902              		.loc 1 467 1 is_stmt 1 view -0
 903              		.cfi_startproc
 904              		@ args = 0, pretend = 0, frame = 0
 905              		@ frame_needed = 0, uses_anonymous_args = 0
 467:Drivers/STM32C0xx_HAL_Driver/Src/stm32c0xx_hal_dma.c ****   /* Check the DMA peripheral handle */
 906              		.loc 1 467 1 is_stmt 0 view .LVU289
 907 0000 30B5     		push	{r4, r5, lr}
 908              	.LCFI6:
 909              		.cfi_def_cfa_offset 12
 910              		.cfi_offset 4, -12
 911              		.cfi_offset 5, -8
 912              		.cfi_offset 14, -4
 469:Drivers/STM32C0xx_HAL_Driver/Src/stm32c0xx_hal_dma.c ****   {
 913              		.loc 1 469 3 is_stmt 1 view .LVU290
 469:Drivers/STM32C0xx_HAL_Driver/Src/stm32c0xx_hal_dma.c ****   {
 914              		.loc 1 469 6 is_stmt 0 view .LVU291
 915 0002 0028     		cmp	r0, #0
 916 0004 36D0     		beq	.L52
 475:Drivers/STM32C0xx_HAL_Driver/Src/stm32c0xx_hal_dma.c ****   {
 917              		.loc 1 475 3 is_stmt 1 view .LVU292
 475:Drivers/STM32C0xx_HAL_Driver/Src/stm32c0xx_hal_dma.c ****   {
 918              		.loc 1 475 11 is_stmt 0 view .LVU293
 919 0006 2523     		movs	r3, #37
 920 0008 C35C     		ldrb	r3, [r0, r3]
 475:Drivers/STM32C0xx_HAL_Driver/Src/stm32c0xx_hal_dma.c ****   {
 921              		.loc 1 475 6 view .LVU294
 922 000a 022B     		cmp	r3, #2
 923 000c 06D0     		beq	.L50
 477:Drivers/STM32C0xx_HAL_Driver/Src/stm32c0xx_hal_dma.c **** 
 924              		.loc 1 477 5 is_stmt 1 view .LVU295
 477:Drivers/STM32C0xx_HAL_Driver/Src/stm32c0xx_hal_dma.c **** 
 925              		.loc 1 477 21 is_stmt 0 view .LVU296
 926 000e 0423     		movs	r3, #4
 927 0010 C363     		str	r3, [r0, #60]
 480:Drivers/STM32C0xx_HAL_Driver/Src/stm32c0xx_hal_dma.c **** 
 928              		.loc 1 480 5 is_stmt 1 view .LVU297
 480:Drivers/STM32C0xx_HAL_Driver/Src/stm32c0xx_hal_dma.c **** 
 929              		.loc 1 480 5 view .LVU298
 930 0012 2033     		adds	r3, r3, #32
 931 0014 0022     		movs	r2, #0
 932 0016 C254     		strb	r2, [r0, r3]
 480:Drivers/STM32C0xx_HAL_Driver/Src/stm32c0xx_hal_dma.c **** 
 933              		.loc 1 480 5 view .LVU299
 482:Drivers/STM32C0xx_HAL_Driver/Src/stm32c0xx_hal_dma.c ****   }
 934              		.loc 1 482 5 view .LVU300
 482:Drivers/STM32C0xx_HAL_Driver/Src/stm32c0xx_hal_dma.c ****   }
 935              		.loc 1 482 12 is_stmt 0 view .LVU301
 936 0018 0120     		movs	r0, #1
 937              	.LVL57:
 938              	.L49:
 519:Drivers/STM32C0xx_HAL_Driver/Src/stm32c0xx_hal_dma.c **** 
 939              		.loc 1 519 1 view .LVU302
 940              		@ sp needed
 941 001a 30BD     		pop	{r4, r5, pc}
 942              	.LVL58:
 943              	.L50:
ARM GAS  C:\Users\amosd\AppData\Local\Temp\cczbCN06.s 			page 40


 487:Drivers/STM32C0xx_HAL_Driver/Src/stm32c0xx_hal_dma.c **** 
 944              		.loc 1 487 5 is_stmt 1 view .LVU303
 945 001c 0268     		ldr	r2, [r0]
 946 001e 1368     		ldr	r3, [r2]
 947 0020 0E21     		movs	r1, #14
 948 0022 8B43     		bics	r3, r1
 949 0024 1360     		str	r3, [r2]
 490:Drivers/STM32C0xx_HAL_Driver/Src/stm32c0xx_hal_dma.c **** 
 950              		.loc 1 490 5 view .LVU304
 490:Drivers/STM32C0xx_HAL_Driver/Src/stm32c0xx_hal_dma.c **** 
 951              		.loc 1 490 9 is_stmt 0 view .LVU305
 952 0026 426C     		ldr	r2, [r0, #68]
 490:Drivers/STM32C0xx_HAL_Driver/Src/stm32c0xx_hal_dma.c **** 
 953              		.loc 1 490 24 view .LVU306
 954 0028 1368     		ldr	r3, [r2]
 490:Drivers/STM32C0xx_HAL_Driver/Src/stm32c0xx_hal_dma.c **** 
 955              		.loc 1 490 30 view .LVU307
 956 002a 1349     		ldr	r1, .L53
 957 002c 0B40     		ands	r3, r1
 958 002e 1360     		str	r3, [r2]
 493:Drivers/STM32C0xx_HAL_Driver/Src/stm32c0xx_hal_dma.c **** 
 959              		.loc 1 493 5 is_stmt 1 view .LVU308
 960 0030 0168     		ldr	r1, [r0]
 961 0032 0A68     		ldr	r2, [r1]
 962 0034 0123     		movs	r3, #1
 963 0036 9A43     		bics	r2, r3
 964 0038 0A60     		str	r2, [r1]
 496:Drivers/STM32C0xx_HAL_Driver/Src/stm32c0xx_hal_dma.c **** 
 965              		.loc 1 496 5 view .LVU309
 966 003a 104C     		ldr	r4, .L53+4
 967 003c 6268     		ldr	r2, [r4, #4]
 968 003e 056C     		ldr	r5, [r0, #64]
 969 0040 1C21     		movs	r1, #28
 970 0042 2940     		ands	r1, r5
 971 0044 8B40     		lsls	r3, r3, r1
 972 0046 1343     		orrs	r3, r2
 973 0048 6360     		str	r3, [r4, #4]
 499:Drivers/STM32C0xx_HAL_Driver/Src/stm32c0xx_hal_dma.c **** 
 974              		.loc 1 499 5 view .LVU310
 499:Drivers/STM32C0xx_HAL_Driver/Src/stm32c0xx_hal_dma.c **** 
 975              		.loc 1 499 9 is_stmt 0 view .LVU311
 976 004a 836C     		ldr	r3, [r0, #72]
 499:Drivers/STM32C0xx_HAL_Driver/Src/stm32c0xx_hal_dma.c **** 
 977              		.loc 1 499 42 view .LVU312
 978 004c C26C     		ldr	r2, [r0, #76]
 499:Drivers/STM32C0xx_HAL_Driver/Src/stm32c0xx_hal_dma.c **** 
 979              		.loc 1 499 36 view .LVU313
 980 004e 5A60     		str	r2, [r3, #4]
 501:Drivers/STM32C0xx_HAL_Driver/Src/stm32c0xx_hal_dma.c ****     {
 981              		.loc 1 501 5 is_stmt 1 view .LVU314
 501:Drivers/STM32C0xx_HAL_Driver/Src/stm32c0xx_hal_dma.c ****     {
 982              		.loc 1 501 13 is_stmt 0 view .LVU315
 983 0050 036D     		ldr	r3, [r0, #80]
 501:Drivers/STM32C0xx_HAL_Driver/Src/stm32c0xx_hal_dma.c ****     {
 984              		.loc 1 501 8 view .LVU316
 985 0052 002B     		cmp	r3, #0
 986 0054 06D0     		beq	.L51
ARM GAS  C:\Users\amosd\AppData\Local\Temp\cczbCN06.s 			page 41


 505:Drivers/STM32C0xx_HAL_Driver/Src/stm32c0xx_hal_dma.c **** 
 987              		.loc 1 505 7 is_stmt 1 view .LVU317
 505:Drivers/STM32C0xx_HAL_Driver/Src/stm32c0xx_hal_dma.c **** 
 988              		.loc 1 505 29 is_stmt 0 view .LVU318
 989 0056 1A68     		ldr	r2, [r3]
 505:Drivers/STM32C0xx_HAL_Driver/Src/stm32c0xx_hal_dma.c **** 
 990              		.loc 1 505 36 view .LVU319
 991 0058 0749     		ldr	r1, .L53
 992 005a 0A40     		ands	r2, r1
 993 005c 1A60     		str	r2, [r3]
 508:Drivers/STM32C0xx_HAL_Driver/Src/stm32c0xx_hal_dma.c ****     }
 994              		.loc 1 508 7 is_stmt 1 view .LVU320
 508:Drivers/STM32C0xx_HAL_Driver/Src/stm32c0xx_hal_dma.c ****     }
 995              		.loc 1 508 11 is_stmt 0 view .LVU321
 996 005e 436D     		ldr	r3, [r0, #84]
 508:Drivers/STM32C0xx_HAL_Driver/Src/stm32c0xx_hal_dma.c ****     }
 997              		.loc 1 508 49 view .LVU322
 998 0060 826D     		ldr	r2, [r0, #88]
 508:Drivers/STM32C0xx_HAL_Driver/Src/stm32c0xx_hal_dma.c ****     }
 999              		.loc 1 508 43 view .LVU323
 1000 0062 5A60     		str	r2, [r3, #4]
 1001              	.L51:
 512:Drivers/STM32C0xx_HAL_Driver/Src/stm32c0xx_hal_dma.c **** 
 1002              		.loc 1 512 5 is_stmt 1 view .LVU324
 512:Drivers/STM32C0xx_HAL_Driver/Src/stm32c0xx_hal_dma.c **** 
 1003              		.loc 1 512 17 is_stmt 0 view .LVU325
 1004 0064 2523     		movs	r3, #37
 1005 0066 0122     		movs	r2, #1
 1006 0068 C254     		strb	r2, [r0, r3]
 515:Drivers/STM32C0xx_HAL_Driver/Src/stm32c0xx_hal_dma.c ****   }
 1007              		.loc 1 515 5 is_stmt 1 view .LVU326
 515:Drivers/STM32C0xx_HAL_Driver/Src/stm32c0xx_hal_dma.c ****   }
 1008              		.loc 1 515 5 view .LVU327
 1009 006a 013B     		subs	r3, r3, #1
 1010 006c 0022     		movs	r2, #0
 1011 006e C254     		strb	r2, [r0, r3]
 515:Drivers/STM32C0xx_HAL_Driver/Src/stm32c0xx_hal_dma.c ****   }
 1012              		.loc 1 515 5 view .LVU328
 518:Drivers/STM32C0xx_HAL_Driver/Src/stm32c0xx_hal_dma.c **** }
 1013              		.loc 1 518 3 view .LVU329
 518:Drivers/STM32C0xx_HAL_Driver/Src/stm32c0xx_hal_dma.c **** }
 1014              		.loc 1 518 10 is_stmt 0 view .LVU330
 1015 0070 0020     		movs	r0, #0
 1016              	.LVL59:
 518:Drivers/STM32C0xx_HAL_Driver/Src/stm32c0xx_hal_dma.c **** }
 1017              		.loc 1 518 10 view .LVU331
 1018 0072 D2E7     		b	.L49
 1019              	.LVL60:
 1020              	.L52:
 471:Drivers/STM32C0xx_HAL_Driver/Src/stm32c0xx_hal_dma.c ****   }
 1021              		.loc 1 471 12 view .LVU332
 1022 0074 0120     		movs	r0, #1
 1023              	.LVL61:
 471:Drivers/STM32C0xx_HAL_Driver/Src/stm32c0xx_hal_dma.c ****   }
 1024              		.loc 1 471 12 view .LVU333
 1025 0076 D0E7     		b	.L49
 1026              	.L54:
ARM GAS  C:\Users\amosd\AppData\Local\Temp\cczbCN06.s 			page 42


 1027              		.align	2
 1028              	.L53:
 1029 0078 FFFEFFFF 		.word	-257
 1030 007c 00000240 		.word	1073872896
 1031              		.cfi_endproc
 1032              	.LFE218:
 1034              		.section	.text.HAL_DMA_Abort_IT,"ax",%progbits
 1035              		.align	1
 1036              		.global	HAL_DMA_Abort_IT
 1037              		.syntax unified
 1038              		.code	16
 1039              		.thumb_func
 1041              	HAL_DMA_Abort_IT:
 1042              	.LVL62:
 1043              	.LFB219:
 528:Drivers/STM32C0xx_HAL_Driver/Src/stm32c0xx_hal_dma.c ****   HAL_StatusTypeDef status = HAL_OK;
 1044              		.loc 1 528 1 is_stmt 1 view -0
 1045              		.cfi_startproc
 1046              		@ args = 0, pretend = 0, frame = 0
 1047              		@ frame_needed = 0, uses_anonymous_args = 0
 528:Drivers/STM32C0xx_HAL_Driver/Src/stm32c0xx_hal_dma.c ****   HAL_StatusTypeDef status = HAL_OK;
 1048              		.loc 1 528 1 is_stmt 0 view .LVU335
 1049 0000 70B5     		push	{r4, r5, r6, lr}
 1050              	.LCFI7:
 1051              		.cfi_def_cfa_offset 16
 1052              		.cfi_offset 4, -16
 1053              		.cfi_offset 5, -12
 1054              		.cfi_offset 6, -8
 1055              		.cfi_offset 14, -4
 529:Drivers/STM32C0xx_HAL_Driver/Src/stm32c0xx_hal_dma.c **** 
 1056              		.loc 1 529 3 is_stmt 1 view .LVU336
 1057              	.LVL63:
 531:Drivers/STM32C0xx_HAL_Driver/Src/stm32c0xx_hal_dma.c ****   {
 1058              		.loc 1 531 3 view .LVU337
 531:Drivers/STM32C0xx_HAL_Driver/Src/stm32c0xx_hal_dma.c ****   {
 1059              		.loc 1 531 33 is_stmt 0 view .LVU338
 1060 0002 2523     		movs	r3, #37
 1061 0004 C35C     		ldrb	r3, [r0, r3]
 531:Drivers/STM32C0xx_HAL_Driver/Src/stm32c0xx_hal_dma.c ****   {
 1062              		.loc 1 531 6 view .LVU339
 1063 0006 022B     		cmp	r3, #2
 1064 0008 03D0     		beq	.L56
 534:Drivers/STM32C0xx_HAL_Driver/Src/stm32c0xx_hal_dma.c **** 
 1065              		.loc 1 534 5 is_stmt 1 view .LVU340
 534:Drivers/STM32C0xx_HAL_Driver/Src/stm32c0xx_hal_dma.c **** 
 1066              		.loc 1 534 21 is_stmt 0 view .LVU341
 1067 000a 0423     		movs	r3, #4
 1068 000c C363     		str	r3, [r0, #60]
 536:Drivers/STM32C0xx_HAL_Driver/Src/stm32c0xx_hal_dma.c ****   }
 1069              		.loc 1 536 5 is_stmt 1 view .LVU342
 1070              	.LVL64:
 536:Drivers/STM32C0xx_HAL_Driver/Src/stm32c0xx_hal_dma.c ****   }
 1071              		.loc 1 536 12 is_stmt 0 view .LVU343
 1072 000e 0120     		movs	r0, #1
 1073              	.LVL65:
 1074              	.L57:
 577:Drivers/STM32C0xx_HAL_Driver/Src/stm32c0xx_hal_dma.c **** }
ARM GAS  C:\Users\amosd\AppData\Local\Temp\cczbCN06.s 			page 43


 1075              		.loc 1 577 3 is_stmt 1 view .LVU344
 578:Drivers/STM32C0xx_HAL_Driver/Src/stm32c0xx_hal_dma.c **** 
 1076              		.loc 1 578 1 is_stmt 0 view .LVU345
 1077              		@ sp needed
 1078 0010 70BD     		pop	{r4, r5, r6, pc}
 1079              	.LVL66:
 1080              	.L56:
 541:Drivers/STM32C0xx_HAL_Driver/Src/stm32c0xx_hal_dma.c **** 
 1081              		.loc 1 541 5 is_stmt 1 view .LVU346
 1082 0012 0268     		ldr	r2, [r0]
 1083 0014 1368     		ldr	r3, [r2]
 1084 0016 0E21     		movs	r1, #14
 1085 0018 8B43     		bics	r3, r1
 1086 001a 1360     		str	r3, [r2]
 544:Drivers/STM32C0xx_HAL_Driver/Src/stm32c0xx_hal_dma.c **** 
 1087              		.loc 1 544 5 view .LVU347
 1088 001c 0168     		ldr	r1, [r0]
 1089 001e 0A68     		ldr	r2, [r1]
 1090 0020 0123     		movs	r3, #1
 1091 0022 9A43     		bics	r2, r3
 1092 0024 0A60     		str	r2, [r1]
 547:Drivers/STM32C0xx_HAL_Driver/Src/stm32c0xx_hal_dma.c **** 
 1093              		.loc 1 547 5 view .LVU348
 547:Drivers/STM32C0xx_HAL_Driver/Src/stm32c0xx_hal_dma.c **** 
 1094              		.loc 1 547 9 is_stmt 0 view .LVU349
 1095 0026 416C     		ldr	r1, [r0, #68]
 547:Drivers/STM32C0xx_HAL_Driver/Src/stm32c0xx_hal_dma.c **** 
 1096              		.loc 1 547 24 view .LVU350
 1097 0028 0A68     		ldr	r2, [r1]
 547:Drivers/STM32C0xx_HAL_Driver/Src/stm32c0xx_hal_dma.c **** 
 1098              		.loc 1 547 30 view .LVU351
 1099 002a 134C     		ldr	r4, .L60
 1100 002c 2240     		ands	r2, r4
 1101 002e 0A60     		str	r2, [r1]
 550:Drivers/STM32C0xx_HAL_Driver/Src/stm32c0xx_hal_dma.c **** 
 1102              		.loc 1 550 5 is_stmt 1 view .LVU352
 1103 0030 124C     		ldr	r4, .L60+4
 1104 0032 6268     		ldr	r2, [r4, #4]
 1105 0034 056C     		ldr	r5, [r0, #64]
 1106 0036 1C21     		movs	r1, #28
 1107 0038 2940     		ands	r1, r5
 1108 003a 8B40     		lsls	r3, r3, r1
 1109 003c 1343     		orrs	r3, r2
 1110 003e 6360     		str	r3, [r4, #4]
 553:Drivers/STM32C0xx_HAL_Driver/Src/stm32c0xx_hal_dma.c **** 
 1111              		.loc 1 553 5 view .LVU353
 553:Drivers/STM32C0xx_HAL_Driver/Src/stm32c0xx_hal_dma.c **** 
 1112              		.loc 1 553 9 is_stmt 0 view .LVU354
 1113 0040 836C     		ldr	r3, [r0, #72]
 553:Drivers/STM32C0xx_HAL_Driver/Src/stm32c0xx_hal_dma.c **** 
 1114              		.loc 1 553 42 view .LVU355
 1115 0042 C26C     		ldr	r2, [r0, #76]
 553:Drivers/STM32C0xx_HAL_Driver/Src/stm32c0xx_hal_dma.c **** 
 1116              		.loc 1 553 36 view .LVU356
 1117 0044 5A60     		str	r2, [r3, #4]
 555:Drivers/STM32C0xx_HAL_Driver/Src/stm32c0xx_hal_dma.c ****     {
 1118              		.loc 1 555 5 is_stmt 1 view .LVU357
ARM GAS  C:\Users\amosd\AppData\Local\Temp\cczbCN06.s 			page 44


 555:Drivers/STM32C0xx_HAL_Driver/Src/stm32c0xx_hal_dma.c ****     {
 1119              		.loc 1 555 13 is_stmt 0 view .LVU358
 1120 0046 036D     		ldr	r3, [r0, #80]
 555:Drivers/STM32C0xx_HAL_Driver/Src/stm32c0xx_hal_dma.c ****     {
 1121              		.loc 1 555 8 view .LVU359
 1122 0048 002B     		cmp	r3, #0
 1123 004a 06D0     		beq	.L58
 559:Drivers/STM32C0xx_HAL_Driver/Src/stm32c0xx_hal_dma.c **** 
 1124              		.loc 1 559 7 is_stmt 1 view .LVU360
 559:Drivers/STM32C0xx_HAL_Driver/Src/stm32c0xx_hal_dma.c **** 
 1125              		.loc 1 559 29 is_stmt 0 view .LVU361
 1126 004c 1A68     		ldr	r2, [r3]
 559:Drivers/STM32C0xx_HAL_Driver/Src/stm32c0xx_hal_dma.c **** 
 1127              		.loc 1 559 36 view .LVU362
 1128 004e 0A49     		ldr	r1, .L60
 1129 0050 0A40     		ands	r2, r1
 1130 0052 1A60     		str	r2, [r3]
 562:Drivers/STM32C0xx_HAL_Driver/Src/stm32c0xx_hal_dma.c ****     }
 1131              		.loc 1 562 7 is_stmt 1 view .LVU363
 562:Drivers/STM32C0xx_HAL_Driver/Src/stm32c0xx_hal_dma.c ****     }
 1132              		.loc 1 562 11 is_stmt 0 view .LVU364
 1133 0054 436D     		ldr	r3, [r0, #84]
 562:Drivers/STM32C0xx_HAL_Driver/Src/stm32c0xx_hal_dma.c ****     }
 1134              		.loc 1 562 49 view .LVU365
 1135 0056 826D     		ldr	r2, [r0, #88]
 562:Drivers/STM32C0xx_HAL_Driver/Src/stm32c0xx_hal_dma.c ****     }
 1136              		.loc 1 562 43 view .LVU366
 1137 0058 5A60     		str	r2, [r3, #4]
 1138              	.L58:
 566:Drivers/STM32C0xx_HAL_Driver/Src/stm32c0xx_hal_dma.c **** 
 1139              		.loc 1 566 5 is_stmt 1 view .LVU367
 566:Drivers/STM32C0xx_HAL_Driver/Src/stm32c0xx_hal_dma.c **** 
 1140              		.loc 1 566 17 is_stmt 0 view .LVU368
 1141 005a 2523     		movs	r3, #37
 1142 005c 0122     		movs	r2, #1
 1143 005e C254     		strb	r2, [r0, r3]
 569:Drivers/STM32C0xx_HAL_Driver/Src/stm32c0xx_hal_dma.c **** 
 1144              		.loc 1 569 5 is_stmt 1 view .LVU369
 569:Drivers/STM32C0xx_HAL_Driver/Src/stm32c0xx_hal_dma.c **** 
 1145              		.loc 1 569 5 view .LVU370
 1146 0060 013B     		subs	r3, r3, #1
 1147 0062 0022     		movs	r2, #0
 1148 0064 C254     		strb	r2, [r0, r3]
 569:Drivers/STM32C0xx_HAL_Driver/Src/stm32c0xx_hal_dma.c **** 
 1149              		.loc 1 569 5 view .LVU371
 572:Drivers/STM32C0xx_HAL_Driver/Src/stm32c0xx_hal_dma.c ****     {
 1150              		.loc 1 572 5 view .LVU372
 572:Drivers/STM32C0xx_HAL_Driver/Src/stm32c0xx_hal_dma.c ****     {
 1151              		.loc 1 572 13 is_stmt 0 view .LVU373
 1152 0066 836B     		ldr	r3, [r0, #56]
 572:Drivers/STM32C0xx_HAL_Driver/Src/stm32c0xx_hal_dma.c ****     {
 1153              		.loc 1 572 8 view .LVU374
 1154 0068 002B     		cmp	r3, #0
 1155 006a 02D0     		beq	.L59
 574:Drivers/STM32C0xx_HAL_Driver/Src/stm32c0xx_hal_dma.c ****     }
 1156              		.loc 1 574 7 is_stmt 1 view .LVU375
 1157 006c 9847     		blx	r3
ARM GAS  C:\Users\amosd\AppData\Local\Temp\cczbCN06.s 			page 45


 1158              	.LVL67:
 529:Drivers/STM32C0xx_HAL_Driver/Src/stm32c0xx_hal_dma.c **** 
 1159              		.loc 1 529 21 is_stmt 0 view .LVU376
 1160 006e 0020     		movs	r0, #0
 1161 0070 CEE7     		b	.L57
 1162              	.LVL68:
 1163              	.L59:
 529:Drivers/STM32C0xx_HAL_Driver/Src/stm32c0xx_hal_dma.c **** 
 1164              		.loc 1 529 21 view .LVU377
 1165 0072 0020     		movs	r0, #0
 1166              	.LVL69:
 529:Drivers/STM32C0xx_HAL_Driver/Src/stm32c0xx_hal_dma.c **** 
 1167              		.loc 1 529 21 view .LVU378
 1168 0074 CCE7     		b	.L57
 1169              	.L61:
 1170 0076 C046     		.align	2
 1171              	.L60:
 1172 0078 FFFEFFFF 		.word	-257
 1173 007c 00000240 		.word	1073872896
 1174              		.cfi_endproc
 1175              	.LFE219:
 1177              		.section	.text.HAL_DMA_PollForTransfer,"ax",%progbits
 1178              		.align	1
 1179              		.global	HAL_DMA_PollForTransfer
 1180              		.syntax unified
 1181              		.code	16
 1182              		.thumb_func
 1184              	HAL_DMA_PollForTransfer:
 1185              	.LVL70:
 1186              	.LFB220:
 590:Drivers/STM32C0xx_HAL_Driver/Src/stm32c0xx_hal_dma.c ****   uint32_t temp;
 1187              		.loc 1 590 1 is_stmt 1 view -0
 1188              		.cfi_startproc
 1189              		@ args = 0, pretend = 0, frame = 8
 1190              		@ frame_needed = 0, uses_anonymous_args = 0
 590:Drivers/STM32C0xx_HAL_Driver/Src/stm32c0xx_hal_dma.c ****   uint32_t temp;
 1191              		.loc 1 590 1 is_stmt 0 view .LVU380
 1192 0000 F0B5     		push	{r4, r5, r6, r7, lr}
 1193              	.LCFI8:
 1194              		.cfi_def_cfa_offset 20
 1195              		.cfi_offset 4, -20
 1196              		.cfi_offset 5, -16
 1197              		.cfi_offset 6, -12
 1198              		.cfi_offset 7, -8
 1199              		.cfi_offset 14, -4
 1200 0002 83B0     		sub	sp, sp, #12
 1201              	.LCFI9:
 1202              		.cfi_def_cfa_offset 32
 1203 0004 0600     		movs	r6, r0
 1204 0006 0C00     		movs	r4, r1
 1205 0008 1700     		movs	r7, r2
 591:Drivers/STM32C0xx_HAL_Driver/Src/stm32c0xx_hal_dma.c ****   uint32_t tickstart;
 1206              		.loc 1 591 3 is_stmt 1 view .LVU381
 592:Drivers/STM32C0xx_HAL_Driver/Src/stm32c0xx_hal_dma.c **** 
 1207              		.loc 1 592 3 view .LVU382
 595:Drivers/STM32C0xx_HAL_Driver/Src/stm32c0xx_hal_dma.c **** 
 1208              		.loc 1 595 3 view .LVU383
ARM GAS  C:\Users\amosd\AppData\Local\Temp\cczbCN06.s 			page 46


 595:Drivers/STM32C0xx_HAL_Driver/Src/stm32c0xx_hal_dma.c **** 
 1209              		.loc 1 595 3 view .LVU384
 1210 000a 2423     		movs	r3, #36
 1211 000c 0022     		movs	r2, #0
 1212              	.LVL71:
 595:Drivers/STM32C0xx_HAL_Driver/Src/stm32c0xx_hal_dma.c **** 
 1213              		.loc 1 595 3 is_stmt 0 view .LVU385
 1214 000e C254     		strb	r2, [r0, r3]
 595:Drivers/STM32C0xx_HAL_Driver/Src/stm32c0xx_hal_dma.c **** 
 1215              		.loc 1 595 3 is_stmt 1 view .LVU386
 597:Drivers/STM32C0xx_HAL_Driver/Src/stm32c0xx_hal_dma.c ****   {
 1216              		.loc 1 597 3 view .LVU387
 597:Drivers/STM32C0xx_HAL_Driver/Src/stm32c0xx_hal_dma.c ****   {
 1217              		.loc 1 597 33 is_stmt 0 view .LVU388
 1218 0010 0133     		adds	r3, r3, #1
 1219 0012 C35C     		ldrb	r3, [r0, r3]
 597:Drivers/STM32C0xx_HAL_Driver/Src/stm32c0xx_hal_dma.c ****   {
 1220              		.loc 1 597 6 view .LVU389
 1221 0014 022B     		cmp	r3, #2
 1222 0016 04D0     		beq	.L63
 600:Drivers/STM32C0xx_HAL_Driver/Src/stm32c0xx_hal_dma.c ****     __HAL_UNLOCK(hdma);
 1223              		.loc 1 600 5 is_stmt 1 view .LVU390
 600:Drivers/STM32C0xx_HAL_Driver/Src/stm32c0xx_hal_dma.c ****     __HAL_UNLOCK(hdma);
 1224              		.loc 1 600 21 is_stmt 0 view .LVU391
 1225 0018 0423     		movs	r3, #4
 1226 001a C363     		str	r3, [r0, #60]
 601:Drivers/STM32C0xx_HAL_Driver/Src/stm32c0xx_hal_dma.c ****     return HAL_ERROR;
 1227              		.loc 1 601 5 is_stmt 1 view .LVU392
 601:Drivers/STM32C0xx_HAL_Driver/Src/stm32c0xx_hal_dma.c ****     return HAL_ERROR;
 1228              		.loc 1 601 5 view .LVU393
 601:Drivers/STM32C0xx_HAL_Driver/Src/stm32c0xx_hal_dma.c ****     return HAL_ERROR;
 1229              		.loc 1 601 5 view .LVU394
 602:Drivers/STM32C0xx_HAL_Driver/Src/stm32c0xx_hal_dma.c ****   }
 1230              		.loc 1 602 5 view .LVU395
 602:Drivers/STM32C0xx_HAL_Driver/Src/stm32c0xx_hal_dma.c ****   }
 1231              		.loc 1 602 12 is_stmt 0 view .LVU396
 1232 001c 0120     		movs	r0, #1
 1233              	.LVL72:
 1234              	.L64:
 712:Drivers/STM32C0xx_HAL_Driver/Src/stm32c0xx_hal_dma.c **** 
 1235              		.loc 1 712 1 view .LVU397
 1236 001e 03B0     		add	sp, sp, #12
 1237              		@ sp needed
 1238              	.LVL73:
 1239              	.LVL74:
 712:Drivers/STM32C0xx_HAL_Driver/Src/stm32c0xx_hal_dma.c **** 
 1240              		.loc 1 712 1 view .LVU398
 1241 0020 F0BD     		pop	{r4, r5, r6, r7, pc}
 1242              	.LVL75:
 1243              	.L63:
 606:Drivers/STM32C0xx_HAL_Driver/Src/stm32c0xx_hal_dma.c ****   {
 1244              		.loc 1 606 3 is_stmt 1 view .LVU399
 606:Drivers/STM32C0xx_HAL_Driver/Src/stm32c0xx_hal_dma.c ****   {
 1245              		.loc 1 606 12 is_stmt 0 view .LVU400
 1246 0022 0368     		ldr	r3, [r0]
 606:Drivers/STM32C0xx_HAL_Driver/Src/stm32c0xx_hal_dma.c ****   {
 1247              		.loc 1 606 22 view .LVU401
ARM GAS  C:\Users\amosd\AppData\Local\Temp\cczbCN06.s 			page 47


 1248 0024 1B68     		ldr	r3, [r3]
 606:Drivers/STM32C0xx_HAL_Driver/Src/stm32c0xx_hal_dma.c ****   {
 1249              		.loc 1 606 6 view .LVU402
 1250 0026 9B06     		lsls	r3, r3, #26
 1251 0028 2AD4     		bmi	.L78
 613:Drivers/STM32C0xx_HAL_Driver/Src/stm32c0xx_hal_dma.c ****   {
 1252              		.loc 1 613 3 is_stmt 1 view .LVU403
 613:Drivers/STM32C0xx_HAL_Driver/Src/stm32c0xx_hal_dma.c ****   {
 1253              		.loc 1 613 6 is_stmt 0 view .LVU404
 1254 002a 0029     		cmp	r1, #0
 1255 002c 2DD1     		bne	.L66
 616:Drivers/STM32C0xx_HAL_Driver/Src/stm32c0xx_hal_dma.c ****   }
 1256              		.loc 1 616 5 is_stmt 1 view .LVU405
 616:Drivers/STM32C0xx_HAL_Driver/Src/stm32c0xx_hal_dma.c ****   }
 1257              		.loc 1 616 33 is_stmt 0 view .LVU406
 1258 002e 026C     		ldr	r2, [r0, #64]
 616:Drivers/STM32C0xx_HAL_Driver/Src/stm32c0xx_hal_dma.c ****   }
 1259              		.loc 1 616 48 view .LVU407
 1260 0030 1C23     		movs	r3, #28
 1261 0032 1340     		ands	r3, r2
 616:Drivers/STM32C0xx_HAL_Driver/Src/stm32c0xx_hal_dma.c ****   }
 1262              		.loc 1 616 10 view .LVU408
 1263 0034 0225     		movs	r5, #2
 1264 0036 9D40     		lsls	r5, r5, r3
 1265              	.LVL76:
 1266              	.L67:
 625:Drivers/STM32C0xx_HAL_Driver/Src/stm32c0xx_hal_dma.c **** 
 1267              		.loc 1 625 3 is_stmt 1 view .LVU409
 625:Drivers/STM32C0xx_HAL_Driver/Src/stm32c0xx_hal_dma.c **** 
 1268              		.loc 1 625 15 is_stmt 0 view .LVU410
 1269 0038 FFF7FEFF 		bl	HAL_GetTick
 1270              	.LVL77:
 625:Drivers/STM32C0xx_HAL_Driver/Src/stm32c0xx_hal_dma.c **** 
 1271              		.loc 1 625 15 view .LVU411
 1272 003c 0190     		str	r0, [sp, #4]
 1273              	.LVL78:
 627:Drivers/STM32C0xx_HAL_Driver/Src/stm32c0xx_hal_dma.c ****   {
 1274              		.loc 1 627 3 is_stmt 1 view .LVU412
 1275              	.L70:
 627:Drivers/STM32C0xx_HAL_Driver/Src/stm32c0xx_hal_dma.c ****   {
 1276              		.loc 1 627 13 view .LVU413
 627:Drivers/STM32C0xx_HAL_Driver/Src/stm32c0xx_hal_dma.c ****   {
 1277              		.loc 1 627 16 is_stmt 0 view .LVU414
 1278 003e 3C4B     		ldr	r3, .L81
 1279 0040 1B68     		ldr	r3, [r3]
 627:Drivers/STM32C0xx_HAL_Driver/Src/stm32c0xx_hal_dma.c ****   {
 1280              		.loc 1 627 13 view .LVU415
 1281 0042 1D42     		tst	r5, r3
 1282 0044 37D1     		bne	.L79
 629:Drivers/STM32C0xx_HAL_Driver/Src/stm32c0xx_hal_dma.c ****     {
 1283              		.loc 1 629 5 is_stmt 1 view .LVU416
 629:Drivers/STM32C0xx_HAL_Driver/Src/stm32c0xx_hal_dma.c ****     {
 1284              		.loc 1 629 15 is_stmt 0 view .LVU417
 1285 0046 3A4B     		ldr	r3, .L81
 1286 0048 1A68     		ldr	r2, [r3]
 1287 004a 316C     		ldr	r1, [r6, #64]
 1288 004c 1C23     		movs	r3, #28
ARM GAS  C:\Users\amosd\AppData\Local\Temp\cczbCN06.s 			page 48


 1289 004e 0B40     		ands	r3, r1
 1290 0050 0821     		movs	r1, #8
 1291 0052 9940     		lsls	r1, r1, r3
 629:Drivers/STM32C0xx_HAL_Driver/Src/stm32c0xx_hal_dma.c ****     {
 1292              		.loc 1 629 8 view .LVU418
 1293 0054 1142     		tst	r1, r2
 1294 0056 1ED1     		bne	.L80
 648:Drivers/STM32C0xx_HAL_Driver/Src/stm32c0xx_hal_dma.c ****     {
 1295              		.loc 1 648 5 is_stmt 1 view .LVU419
 648:Drivers/STM32C0xx_HAL_Driver/Src/stm32c0xx_hal_dma.c ****     {
 1296              		.loc 1 648 8 is_stmt 0 view .LVU420
 1297 0058 7B1C     		adds	r3, r7, #1
 1298 005a F0D0     		beq	.L70
 650:Drivers/STM32C0xx_HAL_Driver/Src/stm32c0xx_hal_dma.c ****       {
 1299              		.loc 1 650 7 is_stmt 1 view .LVU421
 650:Drivers/STM32C0xx_HAL_Driver/Src/stm32c0xx_hal_dma.c ****       {
 1300              		.loc 1 650 13 is_stmt 0 view .LVU422
 1301 005c FFF7FEFF 		bl	HAL_GetTick
 1302              	.LVL79:
 650:Drivers/STM32C0xx_HAL_Driver/Src/stm32c0xx_hal_dma.c ****       {
 1303              		.loc 1 650 27 discriminator 1 view .LVU423
 1304 0060 019B     		ldr	r3, [sp, #4]
 1305 0062 C01A     		subs	r0, r0, r3
 650:Drivers/STM32C0xx_HAL_Driver/Src/stm32c0xx_hal_dma.c ****       {
 1306              		.loc 1 650 10 discriminator 1 view .LVU424
 1307 0064 B842     		cmp	r0, r7
 1308 0066 01D8     		bhi	.L71
 650:Drivers/STM32C0xx_HAL_Driver/Src/stm32c0xx_hal_dma.c ****       {
 1309              		.loc 1 650 51 discriminator 1 view .LVU425
 1310 0068 002F     		cmp	r7, #0
 1311 006a E8D1     		bne	.L70
 1312              	.L71:
 653:Drivers/STM32C0xx_HAL_Driver/Src/stm32c0xx_hal_dma.c **** 
 1313              		.loc 1 653 9 is_stmt 1 view .LVU426
 653:Drivers/STM32C0xx_HAL_Driver/Src/stm32c0xx_hal_dma.c **** 
 1314              		.loc 1 653 25 is_stmt 0 view .LVU427
 1315 006c 2023     		movs	r3, #32
 1316 006e F363     		str	r3, [r6, #60]
 656:Drivers/STM32C0xx_HAL_Driver/Src/stm32c0xx_hal_dma.c **** 
 1317              		.loc 1 656 9 is_stmt 1 view .LVU428
 656:Drivers/STM32C0xx_HAL_Driver/Src/stm32c0xx_hal_dma.c **** 
 1318              		.loc 1 656 21 is_stmt 0 view .LVU429
 1319 0070 0533     		adds	r3, r3, #5
 1320 0072 0122     		movs	r2, #1
 1321 0074 F254     		strb	r2, [r6, r3]
 659:Drivers/STM32C0xx_HAL_Driver/Src/stm32c0xx_hal_dma.c **** 
 1322              		.loc 1 659 9 is_stmt 1 view .LVU430
 659:Drivers/STM32C0xx_HAL_Driver/Src/stm32c0xx_hal_dma.c **** 
 1323              		.loc 1 659 9 view .LVU431
 1324 0076 013B     		subs	r3, r3, #1
 1325 0078 0022     		movs	r2, #0
 1326 007a F254     		strb	r2, [r6, r3]
 659:Drivers/STM32C0xx_HAL_Driver/Src/stm32c0xx_hal_dma.c **** 
 1327              		.loc 1 659 9 view .LVU432
 661:Drivers/STM32C0xx_HAL_Driver/Src/stm32c0xx_hal_dma.c ****       }
 1328              		.loc 1 661 9 view .LVU433
 661:Drivers/STM32C0xx_HAL_Driver/Src/stm32c0xx_hal_dma.c ****       }
ARM GAS  C:\Users\amosd\AppData\Local\Temp\cczbCN06.s 			page 49


 1329              		.loc 1 661 16 is_stmt 0 view .LVU434
 1330 007c 0120     		movs	r0, #1
 1331 007e CEE7     		b	.L64
 1332              	.LVL80:
 1333              	.L78:
 608:Drivers/STM32C0xx_HAL_Driver/Src/stm32c0xx_hal_dma.c ****     return HAL_ERROR;
 1334              		.loc 1 608 5 is_stmt 1 view .LVU435
 608:Drivers/STM32C0xx_HAL_Driver/Src/stm32c0xx_hal_dma.c ****     return HAL_ERROR;
 1335              		.loc 1 608 21 is_stmt 0 view .LVU436
 1336 0080 8023     		movs	r3, #128
 1337 0082 5B00     		lsls	r3, r3, #1
 1338 0084 C363     		str	r3, [r0, #60]
 609:Drivers/STM32C0xx_HAL_Driver/Src/stm32c0xx_hal_dma.c ****   }
 1339              		.loc 1 609 5 is_stmt 1 view .LVU437
 609:Drivers/STM32C0xx_HAL_Driver/Src/stm32c0xx_hal_dma.c ****   }
 1340              		.loc 1 609 12 is_stmt 0 view .LVU438
 1341 0086 0120     		movs	r0, #1
 1342              	.LVL81:
 609:Drivers/STM32C0xx_HAL_Driver/Src/stm32c0xx_hal_dma.c ****   }
 1343              		.loc 1 609 12 view .LVU439
 1344 0088 C9E7     		b	.L64
 1345              	.LVL82:
 1346              	.L66:
 621:Drivers/STM32C0xx_HAL_Driver/Src/stm32c0xx_hal_dma.c ****   }
 1347              		.loc 1 621 5 is_stmt 1 view .LVU440
 621:Drivers/STM32C0xx_HAL_Driver/Src/stm32c0xx_hal_dma.c ****   }
 1348              		.loc 1 621 33 is_stmt 0 view .LVU441
 1349 008a 026C     		ldr	r2, [r0, #64]
 621:Drivers/STM32C0xx_HAL_Driver/Src/stm32c0xx_hal_dma.c ****   }
 1350              		.loc 1 621 49 view .LVU442
 1351 008c 1C23     		movs	r3, #28
 1352 008e 1340     		ands	r3, r2
 621:Drivers/STM32C0xx_HAL_Driver/Src/stm32c0xx_hal_dma.c ****   }
 1353              		.loc 1 621 10 view .LVU443
 1354 0090 0425     		movs	r5, #4
 1355 0092 9D40     		lsls	r5, r5, r3
 1356 0094 D0E7     		b	.L67
 1357              	.LVL83:
 1358              	.L80:
 634:Drivers/STM32C0xx_HAL_Driver/Src/stm32c0xx_hal_dma.c **** 
 1359              		.loc 1 634 7 is_stmt 1 view .LVU444
 1360 0096 2648     		ldr	r0, .L81
 1361 0098 4168     		ldr	r1, [r0, #4]
 1362 009a 0122     		movs	r2, #1
 1363 009c 1400     		movs	r4, r2
 1364              	.LVL84:
 634:Drivers/STM32C0xx_HAL_Driver/Src/stm32c0xx_hal_dma.c **** 
 1365              		.loc 1 634 7 is_stmt 0 view .LVU445
 1366 009e 9C40     		lsls	r4, r4, r3
 1367 00a0 2300     		movs	r3, r4
 1368 00a2 0B43     		orrs	r3, r1
 1369 00a4 4360     		str	r3, [r0, #4]
 1370              	.LVL85:
 637:Drivers/STM32C0xx_HAL_Driver/Src/stm32c0xx_hal_dma.c **** 
 1371              		.loc 1 637 7 is_stmt 1 view .LVU446
 637:Drivers/STM32C0xx_HAL_Driver/Src/stm32c0xx_hal_dma.c **** 
 1372              		.loc 1 637 23 is_stmt 0 view .LVU447
ARM GAS  C:\Users\amosd\AppData\Local\Temp\cczbCN06.s 			page 50


 1373 00a6 F263     		str	r2, [r6, #60]
 640:Drivers/STM32C0xx_HAL_Driver/Src/stm32c0xx_hal_dma.c **** 
 1374              		.loc 1 640 7 is_stmt 1 view .LVU448
 640:Drivers/STM32C0xx_HAL_Driver/Src/stm32c0xx_hal_dma.c **** 
 1375              		.loc 1 640 19 is_stmt 0 view .LVU449
 1376 00a8 2523     		movs	r3, #37
 1377 00aa F254     		strb	r2, [r6, r3]
 643:Drivers/STM32C0xx_HAL_Driver/Src/stm32c0xx_hal_dma.c **** 
 1378              		.loc 1 643 7 is_stmt 1 view .LVU450
 643:Drivers/STM32C0xx_HAL_Driver/Src/stm32c0xx_hal_dma.c **** 
 1379              		.loc 1 643 7 view .LVU451
 1380 00ac 013B     		subs	r3, r3, #1
 1381 00ae 0022     		movs	r2, #0
 1382 00b0 F254     		strb	r2, [r6, r3]
 643:Drivers/STM32C0xx_HAL_Driver/Src/stm32c0xx_hal_dma.c **** 
 1383              		.loc 1 643 7 view .LVU452
 645:Drivers/STM32C0xx_HAL_Driver/Src/stm32c0xx_hal_dma.c ****     }
 1384              		.loc 1 645 7 view .LVU453
 645:Drivers/STM32C0xx_HAL_Driver/Src/stm32c0xx_hal_dma.c ****     }
 1385              		.loc 1 645 14 is_stmt 0 view .LVU454
 1386 00b2 0120     		movs	r0, #1
 1387 00b4 B3E7     		b	.L64
 1388              	.LVL86:
 1389              	.L79:
 667:Drivers/STM32C0xx_HAL_Driver/Src/stm32c0xx_hal_dma.c ****   {
 1390              		.loc 1 667 3 is_stmt 1 view .LVU455
 667:Drivers/STM32C0xx_HAL_Driver/Src/stm32c0xx_hal_dma.c ****   {
 1391              		.loc 1 667 11 is_stmt 0 view .LVU456
 1392 00b6 336D     		ldr	r3, [r6, #80]
 667:Drivers/STM32C0xx_HAL_Driver/Src/stm32c0xx_hal_dma.c ****   {
 1393              		.loc 1 667 6 view .LVU457
 1394 00b8 002B     		cmp	r3, #0
 1395 00ba 11D0     		beq	.L73
 670:Drivers/STM32C0xx_HAL_Driver/Src/stm32c0xx_hal_dma.c ****     {
 1396              		.loc 1 670 5 is_stmt 1 view .LVU458
 670:Drivers/STM32C0xx_HAL_Driver/Src/stm32c0xx_hal_dma.c ****     {
 1397              		.loc 1 670 14 is_stmt 0 view .LVU459
 1398 00bc 726D     		ldr	r2, [r6, #84]
 670:Drivers/STM32C0xx_HAL_Driver/Src/stm32c0xx_hal_dma.c ****     {
 1399              		.loc 1 670 38 view .LVU460
 1400 00be 1268     		ldr	r2, [r2]
 670:Drivers/STM32C0xx_HAL_Driver/Src/stm32c0xx_hal_dma.c ****     {
 1401              		.loc 1 670 51 view .LVU461
 1402 00c0 B16D     		ldr	r1, [r6, #88]
 670:Drivers/STM32C0xx_HAL_Driver/Src/stm32c0xx_hal_dma.c ****     {
 1403              		.loc 1 670 8 view .LVU462
 1404 00c2 1142     		tst	r1, r2
 1405 00c4 0CD0     		beq	.L73
 673:Drivers/STM32C0xx_HAL_Driver/Src/stm32c0xx_hal_dma.c **** 
 1406              		.loc 1 673 7 is_stmt 1 view .LVU463
 673:Drivers/STM32C0xx_HAL_Driver/Src/stm32c0xx_hal_dma.c **** 
 1407              		.loc 1 673 29 is_stmt 0 view .LVU464
 1408 00c6 1968     		ldr	r1, [r3]
 673:Drivers/STM32C0xx_HAL_Driver/Src/stm32c0xx_hal_dma.c **** 
 1409              		.loc 1 673 36 view .LVU465
 1410 00c8 8022     		movs	r2, #128
 1411 00ca 5200     		lsls	r2, r2, #1
ARM GAS  C:\Users\amosd\AppData\Local\Temp\cczbCN06.s 			page 51


 1412 00cc 0A43     		orrs	r2, r1
 1413 00ce 1A60     		str	r2, [r3]
 676:Drivers/STM32C0xx_HAL_Driver/Src/stm32c0xx_hal_dma.c **** 
 1414              		.loc 1 676 7 is_stmt 1 view .LVU466
 676:Drivers/STM32C0xx_HAL_Driver/Src/stm32c0xx_hal_dma.c **** 
 1415              		.loc 1 676 11 is_stmt 0 view .LVU467
 1416 00d0 736D     		ldr	r3, [r6, #84]
 676:Drivers/STM32C0xx_HAL_Driver/Src/stm32c0xx_hal_dma.c **** 
 1417              		.loc 1 676 49 view .LVU468
 1418 00d2 B26D     		ldr	r2, [r6, #88]
 676:Drivers/STM32C0xx_HAL_Driver/Src/stm32c0xx_hal_dma.c **** 
 1419              		.loc 1 676 43 view .LVU469
 1420 00d4 5A60     		str	r2, [r3, #4]
 679:Drivers/STM32C0xx_HAL_Driver/Src/stm32c0xx_hal_dma.c ****     }
 1421              		.loc 1 679 7 is_stmt 1 view .LVU470
 679:Drivers/STM32C0xx_HAL_Driver/Src/stm32c0xx_hal_dma.c ****     }
 1422              		.loc 1 679 11 is_stmt 0 view .LVU471
 1423 00d6 F26B     		ldr	r2, [r6, #60]
 679:Drivers/STM32C0xx_HAL_Driver/Src/stm32c0xx_hal_dma.c ****     }
 1424              		.loc 1 679 23 view .LVU472
 1425 00d8 8023     		movs	r3, #128
 1426 00da DB00     		lsls	r3, r3, #3
 1427 00dc 1343     		orrs	r3, r2
 1428 00de F363     		str	r3, [r6, #60]
 1429              	.L73:
 684:Drivers/STM32C0xx_HAL_Driver/Src/stm32c0xx_hal_dma.c ****   {
 1430              		.loc 1 684 3 is_stmt 1 view .LVU473
 684:Drivers/STM32C0xx_HAL_Driver/Src/stm32c0xx_hal_dma.c ****   {
 1431              		.loc 1 684 12 is_stmt 0 view .LVU474
 1432 00e0 B36C     		ldr	r3, [r6, #72]
 684:Drivers/STM32C0xx_HAL_Driver/Src/stm32c0xx_hal_dma.c ****   {
 1433              		.loc 1 684 33 view .LVU475
 1434 00e2 1968     		ldr	r1, [r3]
 684:Drivers/STM32C0xx_HAL_Driver/Src/stm32c0xx_hal_dma.c ****   {
 1435              		.loc 1 684 45 view .LVU476
 1436 00e4 F26C     		ldr	r2, [r6, #76]
 684:Drivers/STM32C0xx_HAL_Driver/Src/stm32c0xx_hal_dma.c ****   {
 1437              		.loc 1 684 6 view .LVU477
 1438 00e6 0A42     		tst	r2, r1
 1439 00e8 05D0     		beq	.L74
 687:Drivers/STM32C0xx_HAL_Driver/Src/stm32c0xx_hal_dma.c **** 
 1440              		.loc 1 687 5 is_stmt 1 view .LVU478
 687:Drivers/STM32C0xx_HAL_Driver/Src/stm32c0xx_hal_dma.c **** 
 1441              		.loc 1 687 36 is_stmt 0 view .LVU479
 1442 00ea 5A60     		str	r2, [r3, #4]
 690:Drivers/STM32C0xx_HAL_Driver/Src/stm32c0xx_hal_dma.c ****   }
 1443              		.loc 1 690 5 is_stmt 1 view .LVU480
 690:Drivers/STM32C0xx_HAL_Driver/Src/stm32c0xx_hal_dma.c ****   }
 1444              		.loc 1 690 9 is_stmt 0 view .LVU481
 1445 00ec F26B     		ldr	r2, [r6, #60]
 690:Drivers/STM32C0xx_HAL_Driver/Src/stm32c0xx_hal_dma.c ****   }
 1446              		.loc 1 690 21 view .LVU482
 1447 00ee 8023     		movs	r3, #128
 1448 00f0 9B00     		lsls	r3, r3, #2
 1449 00f2 1343     		orrs	r3, r2
 1450 00f4 F363     		str	r3, [r6, #60]
 1451              	.L74:
ARM GAS  C:\Users\amosd\AppData\Local\Temp\cczbCN06.s 			page 52


 693:Drivers/STM32C0xx_HAL_Driver/Src/stm32c0xx_hal_dma.c ****   {
 1452              		.loc 1 693 3 is_stmt 1 view .LVU483
 693:Drivers/STM32C0xx_HAL_Driver/Src/stm32c0xx_hal_dma.c ****   {
 1453              		.loc 1 693 6 is_stmt 0 view .LVU484
 1454 00f6 002C     		cmp	r4, #0
 1455 00f8 10D1     		bne	.L75
 696:Drivers/STM32C0xx_HAL_Driver/Src/stm32c0xx_hal_dma.c **** 
 1456              		.loc 1 696 5 is_stmt 1 view .LVU485
 1457 00fa 0D48     		ldr	r0, .L81
 1458 00fc 4368     		ldr	r3, [r0, #4]
 1459 00fe 326C     		ldr	r2, [r6, #64]
 1460 0100 1C21     		movs	r1, #28
 1461 0102 1140     		ands	r1, r2
 1462 0104 0222     		movs	r2, #2
 1463 0106 8A40     		lsls	r2, r2, r1
 1464 0108 1343     		orrs	r3, r2
 1465 010a 4360     		str	r3, [r0, #4]
 1466              	.LVL87:
 700:Drivers/STM32C0xx_HAL_Driver/Src/stm32c0xx_hal_dma.c ****   }
 1467              		.loc 1 700 5 view .LVU486
 700:Drivers/STM32C0xx_HAL_Driver/Src/stm32c0xx_hal_dma.c ****   }
 1468              		.loc 1 700 17 is_stmt 0 view .LVU487
 1469 010c 2523     		movs	r3, #37
 1470 010e 0122     		movs	r2, #1
 1471 0110 F254     		strb	r2, [r6, r3]
 1472              	.L76:
 709:Drivers/STM32C0xx_HAL_Driver/Src/stm32c0xx_hal_dma.c **** 
 1473              		.loc 1 709 3 is_stmt 1 view .LVU488
 709:Drivers/STM32C0xx_HAL_Driver/Src/stm32c0xx_hal_dma.c **** 
 1474              		.loc 1 709 3 view .LVU489
 1475 0112 2423     		movs	r3, #36
 1476 0114 0022     		movs	r2, #0
 1477 0116 F254     		strb	r2, [r6, r3]
 709:Drivers/STM32C0xx_HAL_Driver/Src/stm32c0xx_hal_dma.c **** 
 1478              		.loc 1 709 3 view .LVU490
 711:Drivers/STM32C0xx_HAL_Driver/Src/stm32c0xx_hal_dma.c **** }
 1479              		.loc 1 711 3 view .LVU491
 711:Drivers/STM32C0xx_HAL_Driver/Src/stm32c0xx_hal_dma.c **** }
 1480              		.loc 1 711 10 is_stmt 0 view .LVU492
 1481 0118 0020     		movs	r0, #0
 1482 011a 80E7     		b	.L64
 1483              	.LVL88:
 1484              	.L75:
 705:Drivers/STM32C0xx_HAL_Driver/Src/stm32c0xx_hal_dma.c ****   }
 1485              		.loc 1 705 5 is_stmt 1 view .LVU493
 1486 011c 0448     		ldr	r0, .L81
 1487 011e 4368     		ldr	r3, [r0, #4]
 1488 0120 326C     		ldr	r2, [r6, #64]
 1489 0122 1C21     		movs	r1, #28
 1490 0124 1140     		ands	r1, r2
 1491 0126 0422     		movs	r2, #4
 1492 0128 8A40     		lsls	r2, r2, r1
 1493 012a 1343     		orrs	r3, r2
 1494 012c 4360     		str	r3, [r0, #4]
 1495              	.LVL89:
 705:Drivers/STM32C0xx_HAL_Driver/Src/stm32c0xx_hal_dma.c ****   }
 1496              		.loc 1 705 5 is_stmt 0 view .LVU494
ARM GAS  C:\Users\amosd\AppData\Local\Temp\cczbCN06.s 			page 53


 1497 012e F0E7     		b	.L76
 1498              	.L82:
 1499              		.align	2
 1500              	.L81:
 1501 0130 00000240 		.word	1073872896
 1502              		.cfi_endproc
 1503              	.LFE220:
 1505              		.section	.text.HAL_DMA_IRQHandler,"ax",%progbits
 1506              		.align	1
 1507              		.global	HAL_DMA_IRQHandler
 1508              		.syntax unified
 1509              		.code	16
 1510              		.thumb_func
 1512              	HAL_DMA_IRQHandler:
 1513              	.LVL90:
 1514              	.LFB221:
 721:Drivers/STM32C0xx_HAL_Driver/Src/stm32c0xx_hal_dma.c ****   uint32_t flag_it = DMA1->ISR;
 1515              		.loc 1 721 1 is_stmt 1 view -0
 1516              		.cfi_startproc
 1517              		@ args = 0, pretend = 0, frame = 0
 1518              		@ frame_needed = 0, uses_anonymous_args = 0
 721:Drivers/STM32C0xx_HAL_Driver/Src/stm32c0xx_hal_dma.c ****   uint32_t flag_it = DMA1->ISR;
 1519              		.loc 1 721 1 is_stmt 0 view .LVU496
 1520 0000 70B5     		push	{r4, r5, r6, lr}
 1521              	.LCFI10:
 1522              		.cfi_def_cfa_offset 16
 1523              		.cfi_offset 4, -16
 1524              		.cfi_offset 5, -12
 1525              		.cfi_offset 6, -8
 1526              		.cfi_offset 14, -4
 722:Drivers/STM32C0xx_HAL_Driver/Src/stm32c0xx_hal_dma.c ****   uint32_t source_it = hdma->Instance->CCR;
 1527              		.loc 1 722 3 is_stmt 1 view .LVU497
 722:Drivers/STM32C0xx_HAL_Driver/Src/stm32c0xx_hal_dma.c ****   uint32_t source_it = hdma->Instance->CCR;
 1528              		.loc 1 722 12 is_stmt 0 view .LVU498
 1529 0002 314B     		ldr	r3, .L94
 1530 0004 1968     		ldr	r1, [r3]
 1531              	.LVL91:
 723:Drivers/STM32C0xx_HAL_Driver/Src/stm32c0xx_hal_dma.c **** 
 1532              		.loc 1 723 3 is_stmt 1 view .LVU499
 723:Drivers/STM32C0xx_HAL_Driver/Src/stm32c0xx_hal_dma.c **** 
 1533              		.loc 1 723 28 is_stmt 0 view .LVU500
 1534 0006 0468     		ldr	r4, [r0]
 723:Drivers/STM32C0xx_HAL_Driver/Src/stm32c0xx_hal_dma.c **** 
 1535              		.loc 1 723 12 view .LVU501
 1536 0008 2568     		ldr	r5, [r4]
 1537              	.LVL92:
 726:Drivers/STM32C0xx_HAL_Driver/Src/stm32c0xx_hal_dma.c ****   {
 1538              		.loc 1 726 3 is_stmt 1 view .LVU502
 726:Drivers/STM32C0xx_HAL_Driver/Src/stm32c0xx_hal_dma.c ****   {
 1539              		.loc 1 726 41 is_stmt 0 view .LVU503
 1540 000a 026C     		ldr	r2, [r0, #64]
 726:Drivers/STM32C0xx_HAL_Driver/Src/stm32c0xx_hal_dma.c ****   {
 1541              		.loc 1 726 56 view .LVU504
 1542 000c 1C23     		movs	r3, #28
 1543 000e 1340     		ands	r3, r2
 726:Drivers/STM32C0xx_HAL_Driver/Src/stm32c0xx_hal_dma.c ****   {
 1544              		.loc 1 726 33 view .LVU505
ARM GAS  C:\Users\amosd\AppData\Local\Temp\cczbCN06.s 			page 54


 1545 0010 0422     		movs	r2, #4
 1546 0012 9A40     		lsls	r2, r2, r3
 726:Drivers/STM32C0xx_HAL_Driver/Src/stm32c0xx_hal_dma.c ****   {
 1547              		.loc 1 726 6 view .LVU506
 1548 0014 1142     		tst	r1, r2
 1549 0016 16D0     		beq	.L84
 726:Drivers/STM32C0xx_HAL_Driver/Src/stm32c0xx_hal_dma.c ****   {
 1550              		.loc 1 726 74 discriminator 1 view .LVU507
 1551 0018 6A07     		lsls	r2, r5, #29
 1552 001a 14D5     		bpl	.L84
 729:Drivers/STM32C0xx_HAL_Driver/Src/stm32c0xx_hal_dma.c ****     {
 1553              		.loc 1 729 5 is_stmt 1 view .LVU508
 729:Drivers/STM32C0xx_HAL_Driver/Src/stm32c0xx_hal_dma.c ****     {
 1554              		.loc 1 729 24 is_stmt 0 view .LVU509
 1555 001c 2368     		ldr	r3, [r4]
 729:Drivers/STM32C0xx_HAL_Driver/Src/stm32c0xx_hal_dma.c ****     {
 1556              		.loc 1 729 8 view .LVU510
 1557 001e 9B06     		lsls	r3, r3, #26
 1558 0020 03D4     		bmi	.L85
 732:Drivers/STM32C0xx_HAL_Driver/Src/stm32c0xx_hal_dma.c ****     }
 1559              		.loc 1 732 7 is_stmt 1 view .LVU511
 1560 0022 2368     		ldr	r3, [r4]
 1561 0024 0422     		movs	r2, #4
 1562 0026 9343     		bics	r3, r2
 1563 0028 2360     		str	r3, [r4]
 1564              	.L85:
 735:Drivers/STM32C0xx_HAL_Driver/Src/stm32c0xx_hal_dma.c **** 
 1565              		.loc 1 735 5 view .LVU512
 1566 002a 274C     		ldr	r4, .L94
 1567 002c 6368     		ldr	r3, [r4, #4]
 1568 002e 026C     		ldr	r2, [r0, #64]
 1569 0030 1C21     		movs	r1, #28
 1570              	.LVL93:
 735:Drivers/STM32C0xx_HAL_Driver/Src/stm32c0xx_hal_dma.c **** 
 1571              		.loc 1 735 5 is_stmt 0 view .LVU513
 1572 0032 1140     		ands	r1, r2
 1573 0034 0422     		movs	r2, #4
 1574 0036 8A40     		lsls	r2, r2, r1
 1575 0038 1343     		orrs	r3, r2
 1576 003a 6360     		str	r3, [r4, #4]
 740:Drivers/STM32C0xx_HAL_Driver/Src/stm32c0xx_hal_dma.c ****     {
 1577              		.loc 1 740 5 is_stmt 1 view .LVU514
 740:Drivers/STM32C0xx_HAL_Driver/Src/stm32c0xx_hal_dma.c ****     {
 1578              		.loc 1 740 13 is_stmt 0 view .LVU515
 1579 003c 036B     		ldr	r3, [r0, #48]
 740:Drivers/STM32C0xx_HAL_Driver/Src/stm32c0xx_hal_dma.c ****     {
 1580              		.loc 1 740 8 view .LVU516
 1581 003e 002B     		cmp	r3, #0
 1582 0040 00D0     		beq	.L83
 743:Drivers/STM32C0xx_HAL_Driver/Src/stm32c0xx_hal_dma.c ****     }
 1583              		.loc 1 743 7 is_stmt 1 view .LVU517
 1584 0042 9847     		blx	r3
 1585              	.LVL94:
 1586              	.L83:
 802:Drivers/STM32C0xx_HAL_Driver/Src/stm32c0xx_hal_dma.c **** 
 1587              		.loc 1 802 1 is_stmt 0 view .LVU518
 1588              		@ sp needed
ARM GAS  C:\Users\amosd\AppData\Local\Temp\cczbCN06.s 			page 55


 1589 0044 70BD     		pop	{r4, r5, r6, pc}
 1590              	.LVL95:
 1591              	.L84:
 748:Drivers/STM32C0xx_HAL_Driver/Src/stm32c0xx_hal_dma.c ****   {
 1592              		.loc 1 748 8 is_stmt 1 view .LVU519
 748:Drivers/STM32C0xx_HAL_Driver/Src/stm32c0xx_hal_dma.c ****   {
 1593              		.loc 1 748 44 is_stmt 0 view .LVU520
 1594 0046 0222     		movs	r2, #2
 1595 0048 9A40     		lsls	r2, r2, r3
 748:Drivers/STM32C0xx_HAL_Driver/Src/stm32c0xx_hal_dma.c ****   {
 1596              		.loc 1 748 11 view .LVU521
 1597 004a 1142     		tst	r1, r2
 1598 004c 1CD0     		beq	.L87
 748:Drivers/STM32C0xx_HAL_Driver/Src/stm32c0xx_hal_dma.c ****   {
 1599              		.loc 1 748 79 discriminator 1 view .LVU522
 1600 004e AA07     		lsls	r2, r5, #30
 1601 0050 1AD5     		bpl	.L87
 750:Drivers/STM32C0xx_HAL_Driver/Src/stm32c0xx_hal_dma.c ****     {
 1602              		.loc 1 750 5 is_stmt 1 view .LVU523
 750:Drivers/STM32C0xx_HAL_Driver/Src/stm32c0xx_hal_dma.c ****     {
 1603              		.loc 1 750 24 is_stmt 0 view .LVU524
 1604 0052 2368     		ldr	r3, [r4]
 750:Drivers/STM32C0xx_HAL_Driver/Src/stm32c0xx_hal_dma.c ****     {
 1605              		.loc 1 750 8 view .LVU525
 1606 0054 9B06     		lsls	r3, r3, #26
 1607 0056 06D4     		bmi	.L88
 753:Drivers/STM32C0xx_HAL_Driver/Src/stm32c0xx_hal_dma.c **** 
 1608              		.loc 1 753 7 is_stmt 1 view .LVU526
 1609 0058 2368     		ldr	r3, [r4]
 1610 005a 0A22     		movs	r2, #10
 1611 005c 9343     		bics	r3, r2
 1612 005e 2360     		str	r3, [r4]
 756:Drivers/STM32C0xx_HAL_Driver/Src/stm32c0xx_hal_dma.c ****     }
 1613              		.loc 1 756 7 view .LVU527
 756:Drivers/STM32C0xx_HAL_Driver/Src/stm32c0xx_hal_dma.c ****     }
 1614              		.loc 1 756 19 is_stmt 0 view .LVU528
 1615 0060 2523     		movs	r3, #37
 1616 0062 093A     		subs	r2, r2, #9
 1617 0064 C254     		strb	r2, [r0, r3]
 1618              	.L88:
 759:Drivers/STM32C0xx_HAL_Driver/Src/stm32c0xx_hal_dma.c **** 
 1619              		.loc 1 759 5 is_stmt 1 view .LVU529
 1620 0066 184C     		ldr	r4, .L94
 1621 0068 6368     		ldr	r3, [r4, #4]
 1622 006a 026C     		ldr	r2, [r0, #64]
 1623 006c 1C21     		movs	r1, #28
 1624              	.LVL96:
 759:Drivers/STM32C0xx_HAL_Driver/Src/stm32c0xx_hal_dma.c **** 
 1625              		.loc 1 759 5 is_stmt 0 view .LVU530
 1626 006e 1140     		ands	r1, r2
 1627 0070 0222     		movs	r2, #2
 1628 0072 8A40     		lsls	r2, r2, r1
 1629 0074 1343     		orrs	r3, r2
 1630 0076 6360     		str	r3, [r4, #4]
 762:Drivers/STM32C0xx_HAL_Driver/Src/stm32c0xx_hal_dma.c **** 
 1631              		.loc 1 762 5 is_stmt 1 view .LVU531
 762:Drivers/STM32C0xx_HAL_Driver/Src/stm32c0xx_hal_dma.c **** 
ARM GAS  C:\Users\amosd\AppData\Local\Temp\cczbCN06.s 			page 56


 1632              		.loc 1 762 5 view .LVU532
 1633 0078 2423     		movs	r3, #36
 1634 007a 0022     		movs	r2, #0
 1635 007c C254     		strb	r2, [r0, r3]
 762:Drivers/STM32C0xx_HAL_Driver/Src/stm32c0xx_hal_dma.c **** 
 1636              		.loc 1 762 5 view .LVU533
 764:Drivers/STM32C0xx_HAL_Driver/Src/stm32c0xx_hal_dma.c ****     {
 1637              		.loc 1 764 5 view .LVU534
 764:Drivers/STM32C0xx_HAL_Driver/Src/stm32c0xx_hal_dma.c ****     {
 1638              		.loc 1 764 13 is_stmt 0 view .LVU535
 1639 007e C36A     		ldr	r3, [r0, #44]
 764:Drivers/STM32C0xx_HAL_Driver/Src/stm32c0xx_hal_dma.c ****     {
 1640              		.loc 1 764 8 view .LVU536
 1641 0080 002B     		cmp	r3, #0
 1642 0082 DFD0     		beq	.L83
 767:Drivers/STM32C0xx_HAL_Driver/Src/stm32c0xx_hal_dma.c ****     }
 1643              		.loc 1 767 7 is_stmt 1 view .LVU537
 1644 0084 9847     		blx	r3
 1645              	.LVL97:
 767:Drivers/STM32C0xx_HAL_Driver/Src/stm32c0xx_hal_dma.c ****     }
 1646              		.loc 1 767 7 is_stmt 0 view .LVU538
 1647 0086 DDE7     		b	.L83
 1648              	.LVL98:
 1649              	.L87:
 772:Drivers/STM32C0xx_HAL_Driver/Src/stm32c0xx_hal_dma.c ****   {
 1650              		.loc 1 772 8 is_stmt 1 view .LVU539
 772:Drivers/STM32C0xx_HAL_Driver/Src/stm32c0xx_hal_dma.c ****   {
 1651              		.loc 1 772 38 is_stmt 0 view .LVU540
 1652 0088 0822     		movs	r2, #8
 1653 008a 9A40     		lsls	r2, r2, r3
 772:Drivers/STM32C0xx_HAL_Driver/Src/stm32c0xx_hal_dma.c ****   {
 1654              		.loc 1 772 11 view .LVU541
 1655 008c 1142     		tst	r1, r2
 1656 008e D9D0     		beq	.L83
 772:Drivers/STM32C0xx_HAL_Driver/Src/stm32c0xx_hal_dma.c ****   {
 1657              		.loc 1 772 79 discriminator 1 view .LVU542
 1658 0090 2D07     		lsls	r5, r5, #28
 1659 0092 D7D5     		bpl	.L83
 1660              	.LVL99:
 777:Drivers/STM32C0xx_HAL_Driver/Src/stm32c0xx_hal_dma.c **** 
 1661              		.loc 1 777 5 is_stmt 1 view .LVU543
 1662 0094 2368     		ldr	r3, [r4]
 1663 0096 0E22     		movs	r2, #14
 1664 0098 9343     		bics	r3, r2
 1665 009a 2360     		str	r3, [r4]
 780:Drivers/STM32C0xx_HAL_Driver/Src/stm32c0xx_hal_dma.c **** 
 1666              		.loc 1 780 5 view .LVU544
 1667 009c 0A4C     		ldr	r4, .L94
 1668 009e 6268     		ldr	r2, [r4, #4]
 1669 00a0 036C     		ldr	r3, [r0, #64]
 1670 00a2 1C21     		movs	r1, #28
 1671              	.LVL100:
 780:Drivers/STM32C0xx_HAL_Driver/Src/stm32c0xx_hal_dma.c **** 
 1672              		.loc 1 780 5 is_stmt 0 view .LVU545
 1673 00a4 1940     		ands	r1, r3
 1674 00a6 0123     		movs	r3, #1
 1675 00a8 1D00     		movs	r5, r3
ARM GAS  C:\Users\amosd\AppData\Local\Temp\cczbCN06.s 			page 57


 1676 00aa 8D40     		lsls	r5, r5, r1
 1677 00ac 2A43     		orrs	r2, r5
 1678 00ae 6260     		str	r2, [r4, #4]
 783:Drivers/STM32C0xx_HAL_Driver/Src/stm32c0xx_hal_dma.c **** 
 1679              		.loc 1 783 5 is_stmt 1 view .LVU546
 783:Drivers/STM32C0xx_HAL_Driver/Src/stm32c0xx_hal_dma.c **** 
 1680              		.loc 1 783 21 is_stmt 0 view .LVU547
 1681 00b0 C363     		str	r3, [r0, #60]
 786:Drivers/STM32C0xx_HAL_Driver/Src/stm32c0xx_hal_dma.c **** 
 1682              		.loc 1 786 5 is_stmt 1 view .LVU548
 786:Drivers/STM32C0xx_HAL_Driver/Src/stm32c0xx_hal_dma.c **** 
 1683              		.loc 1 786 17 is_stmt 0 view .LVU549
 1684 00b2 2522     		movs	r2, #37
 1685 00b4 8354     		strb	r3, [r0, r2]
 789:Drivers/STM32C0xx_HAL_Driver/Src/stm32c0xx_hal_dma.c **** 
 1686              		.loc 1 789 5 is_stmt 1 view .LVU550
 789:Drivers/STM32C0xx_HAL_Driver/Src/stm32c0xx_hal_dma.c **** 
 1687              		.loc 1 789 5 view .LVU551
 1688 00b6 2333     		adds	r3, r3, #35
 1689 00b8 0022     		movs	r2, #0
 1690 00ba C254     		strb	r2, [r0, r3]
 789:Drivers/STM32C0xx_HAL_Driver/Src/stm32c0xx_hal_dma.c **** 
 1691              		.loc 1 789 5 view .LVU552
 791:Drivers/STM32C0xx_HAL_Driver/Src/stm32c0xx_hal_dma.c ****     {
 1692              		.loc 1 791 5 view .LVU553
 791:Drivers/STM32C0xx_HAL_Driver/Src/stm32c0xx_hal_dma.c ****     {
 1693              		.loc 1 791 13 is_stmt 0 view .LVU554
 1694 00bc 436B     		ldr	r3, [r0, #52]
 791:Drivers/STM32C0xx_HAL_Driver/Src/stm32c0xx_hal_dma.c ****     {
 1695              		.loc 1 791 8 view .LVU555
 1696 00be 002B     		cmp	r3, #0
 1697 00c0 C0D0     		beq	.L83
 794:Drivers/STM32C0xx_HAL_Driver/Src/stm32c0xx_hal_dma.c ****     }
 1698              		.loc 1 794 7 is_stmt 1 view .LVU556
 1699 00c2 9847     		blx	r3
 1700              	.LVL101:
 800:Drivers/STM32C0xx_HAL_Driver/Src/stm32c0xx_hal_dma.c ****   return;
 1701              		.loc 1 800 3 view .LVU557
 801:Drivers/STM32C0xx_HAL_Driver/Src/stm32c0xx_hal_dma.c **** }
 1702              		.loc 1 801 3 view .LVU558
 1703 00c4 BEE7     		b	.L83
 1704              	.L95:
 1705 00c6 C046     		.align	2
 1706              	.L94:
 1707 00c8 00000240 		.word	1073872896
 1708              		.cfi_endproc
 1709              	.LFE221:
 1711              		.section	.text.HAL_DMA_RegisterCallback,"ax",%progbits
 1712              		.align	1
 1713              		.global	HAL_DMA_RegisterCallback
 1714              		.syntax unified
 1715              		.code	16
 1716              		.thumb_func
 1718              	HAL_DMA_RegisterCallback:
 1719              	.LVL102:
 1720              	.LFB222:
 816:Drivers/STM32C0xx_HAL_Driver/Src/stm32c0xx_hal_dma.c ****   HAL_StatusTypeDef status = HAL_OK;
ARM GAS  C:\Users\amosd\AppData\Local\Temp\cczbCN06.s 			page 58


 1721              		.loc 1 816 1 view -0
 1722              		.cfi_startproc
 1723              		@ args = 0, pretend = 0, frame = 0
 1724              		@ frame_needed = 0, uses_anonymous_args = 0
 816:Drivers/STM32C0xx_HAL_Driver/Src/stm32c0xx_hal_dma.c ****   HAL_StatusTypeDef status = HAL_OK;
 1725              		.loc 1 816 1 is_stmt 0 view .LVU560
 1726 0000 10B5     		push	{r4, lr}
 1727              	.LCFI11:
 1728              		.cfi_def_cfa_offset 8
 1729              		.cfi_offset 4, -8
 1730              		.cfi_offset 14, -4
 1731 0002 0300     		movs	r3, r0
 817:Drivers/STM32C0xx_HAL_Driver/Src/stm32c0xx_hal_dma.c **** 
 1732              		.loc 1 817 3 is_stmt 1 view .LVU561
 1733              	.LVL103:
 820:Drivers/STM32C0xx_HAL_Driver/Src/stm32c0xx_hal_dma.c **** 
 1734              		.loc 1 820 3 view .LVU562
 820:Drivers/STM32C0xx_HAL_Driver/Src/stm32c0xx_hal_dma.c **** 
 1735              		.loc 1 820 3 view .LVU563
 1736 0004 2420     		movs	r0, #36
 1737              	.LVL104:
 820:Drivers/STM32C0xx_HAL_Driver/Src/stm32c0xx_hal_dma.c **** 
 1738              		.loc 1 820 3 is_stmt 0 view .LVU564
 1739 0006 185C     		ldrb	r0, [r3, r0]
 1740 0008 0128     		cmp	r0, #1
 1741 000a 21D0     		beq	.L104
 820:Drivers/STM32C0xx_HAL_Driver/Src/stm32c0xx_hal_dma.c **** 
 1742              		.loc 1 820 3 is_stmt 1 discriminator 2 view .LVU565
 1743 000c 2420     		movs	r0, #36
 1744 000e 0124     		movs	r4, #1
 1745 0010 1C54     		strb	r4, [r3, r0]
 820:Drivers/STM32C0xx_HAL_Driver/Src/stm32c0xx_hal_dma.c **** 
 1746              		.loc 1 820 3 view .LVU566
 822:Drivers/STM32C0xx_HAL_Driver/Src/stm32c0xx_hal_dma.c ****   {
 1747              		.loc 1 822 3 view .LVU567
 822:Drivers/STM32C0xx_HAL_Driver/Src/stm32c0xx_hal_dma.c ****   {
 1748              		.loc 1 822 34 is_stmt 0 view .LVU568
 1749 0012 0130     		adds	r0, r0, #1
 1750 0014 1C5C     		ldrb	r4, [r3, r0]
 1751 0016 E0B2     		uxtb	r0, r4
 822:Drivers/STM32C0xx_HAL_Driver/Src/stm32c0xx_hal_dma.c ****   {
 1752              		.loc 1 822 6 view .LVU569
 1753 0018 012C     		cmp	r4, #1
 1754 001a 04D0     		beq	.L106
 849:Drivers/STM32C0xx_HAL_Driver/Src/stm32c0xx_hal_dma.c ****   }
 1755              		.loc 1 849 12 view .LVU570
 1756 001c 0120     		movs	r0, #1
 1757              	.L98:
 1758              	.LVL105:
 853:Drivers/STM32C0xx_HAL_Driver/Src/stm32c0xx_hal_dma.c **** 
 1759              		.loc 1 853 3 is_stmt 1 view .LVU571
 853:Drivers/STM32C0xx_HAL_Driver/Src/stm32c0xx_hal_dma.c **** 
 1760              		.loc 1 853 3 view .LVU572
 1761 001e 2422     		movs	r2, #36
 1762              	.LVL106:
 853:Drivers/STM32C0xx_HAL_Driver/Src/stm32c0xx_hal_dma.c **** 
 1763              		.loc 1 853 3 is_stmt 0 view .LVU573
ARM GAS  C:\Users\amosd\AppData\Local\Temp\cczbCN06.s 			page 59


 1764 0020 0021     		movs	r1, #0
 1765              	.LVL107:
 853:Drivers/STM32C0xx_HAL_Driver/Src/stm32c0xx_hal_dma.c **** 
 1766              		.loc 1 853 3 view .LVU574
 1767 0022 9954     		strb	r1, [r3, r2]
 853:Drivers/STM32C0xx_HAL_Driver/Src/stm32c0xx_hal_dma.c **** 
 1768              		.loc 1 853 3 is_stmt 1 view .LVU575
 855:Drivers/STM32C0xx_HAL_Driver/Src/stm32c0xx_hal_dma.c **** }
 1769              		.loc 1 855 3 view .LVU576
 1770              	.LVL108:
 1771              	.L97:
 856:Drivers/STM32C0xx_HAL_Driver/Src/stm32c0xx_hal_dma.c **** 
 1772              		.loc 1 856 1 is_stmt 0 view .LVU577
 1773              		@ sp needed
 1774 0024 10BD     		pop	{r4, pc}
 1775              	.LVL109:
 1776              	.L106:
 824:Drivers/STM32C0xx_HAL_Driver/Src/stm32c0xx_hal_dma.c ****     {
 1777              		.loc 1 824 5 is_stmt 1 view .LVU578
 1778 0026 0229     		cmp	r1, #2
 1779 0028 0FD0     		beq	.L99
 1780 002a 06D8     		bhi	.L100
 1781 002c 0029     		cmp	r1, #0
 1782 002e 09D0     		beq	.L101
 1783 0030 0129     		cmp	r1, #1
 1784 0032 F4D1     		bne	.L98
 831:Drivers/STM32C0xx_HAL_Driver/Src/stm32c0xx_hal_dma.c ****         break;
 1785              		.loc 1 831 9 view .LVU579
 831:Drivers/STM32C0xx_HAL_Driver/Src/stm32c0xx_hal_dma.c ****         break;
 1786              		.loc 1 831 36 is_stmt 0 view .LVU580
 1787 0034 1A63     		str	r2, [r3, #48]
 832:Drivers/STM32C0xx_HAL_Driver/Src/stm32c0xx_hal_dma.c **** 
 1788              		.loc 1 832 9 is_stmt 1 view .LVU581
 817:Drivers/STM32C0xx_HAL_Driver/Src/stm32c0xx_hal_dma.c **** 
 1789              		.loc 1 817 21 is_stmt 0 view .LVU582
 1790 0036 0020     		movs	r0, #0
 832:Drivers/STM32C0xx_HAL_Driver/Src/stm32c0xx_hal_dma.c **** 
 1791              		.loc 1 832 9 view .LVU583
 1792 0038 F1E7     		b	.L98
 1793              	.L100:
 824:Drivers/STM32C0xx_HAL_Driver/Src/stm32c0xx_hal_dma.c ****     {
 1794              		.loc 1 824 5 view .LVU584
 1795 003a 0329     		cmp	r1, #3
 1796 003c EFD1     		bne	.L98
 839:Drivers/STM32C0xx_HAL_Driver/Src/stm32c0xx_hal_dma.c ****         break;
 1797              		.loc 1 839 9 is_stmt 1 view .LVU585
 839:Drivers/STM32C0xx_HAL_Driver/Src/stm32c0xx_hal_dma.c ****         break;
 1798              		.loc 1 839 33 is_stmt 0 view .LVU586
 1799 003e 9A63     		str	r2, [r3, #56]
 840:Drivers/STM32C0xx_HAL_Driver/Src/stm32c0xx_hal_dma.c **** 
 1800              		.loc 1 840 9 is_stmt 1 view .LVU587
 817:Drivers/STM32C0xx_HAL_Driver/Src/stm32c0xx_hal_dma.c **** 
 1801              		.loc 1 817 21 is_stmt 0 view .LVU588
 1802 0040 0020     		movs	r0, #0
 840:Drivers/STM32C0xx_HAL_Driver/Src/stm32c0xx_hal_dma.c **** 
 1803              		.loc 1 840 9 view .LVU589
 1804 0042 ECE7     		b	.L98
ARM GAS  C:\Users\amosd\AppData\Local\Temp\cczbCN06.s 			page 60


 1805              	.L101:
 827:Drivers/STM32C0xx_HAL_Driver/Src/stm32c0xx_hal_dma.c ****         break;
 1806              		.loc 1 827 9 is_stmt 1 view .LVU590
 827:Drivers/STM32C0xx_HAL_Driver/Src/stm32c0xx_hal_dma.c ****         break;
 1807              		.loc 1 827 32 is_stmt 0 view .LVU591
 1808 0044 DA62     		str	r2, [r3, #44]
 828:Drivers/STM32C0xx_HAL_Driver/Src/stm32c0xx_hal_dma.c **** 
 1809              		.loc 1 828 9 is_stmt 1 view .LVU592
 817:Drivers/STM32C0xx_HAL_Driver/Src/stm32c0xx_hal_dma.c **** 
 1810              		.loc 1 817 21 is_stmt 0 view .LVU593
 1811 0046 0800     		movs	r0, r1
 828:Drivers/STM32C0xx_HAL_Driver/Src/stm32c0xx_hal_dma.c **** 
 1812              		.loc 1 828 9 view .LVU594
 1813 0048 E9E7     		b	.L98
 1814              	.L99:
 835:Drivers/STM32C0xx_HAL_Driver/Src/stm32c0xx_hal_dma.c ****         break;
 1815              		.loc 1 835 9 is_stmt 1 view .LVU595
 835:Drivers/STM32C0xx_HAL_Driver/Src/stm32c0xx_hal_dma.c ****         break;
 1816              		.loc 1 835 33 is_stmt 0 view .LVU596
 1817 004a 5A63     		str	r2, [r3, #52]
 836:Drivers/STM32C0xx_HAL_Driver/Src/stm32c0xx_hal_dma.c **** 
 1818              		.loc 1 836 9 is_stmt 1 view .LVU597
 817:Drivers/STM32C0xx_HAL_Driver/Src/stm32c0xx_hal_dma.c **** 
 1819              		.loc 1 817 21 is_stmt 0 view .LVU598
 1820 004c 0020     		movs	r0, #0
 836:Drivers/STM32C0xx_HAL_Driver/Src/stm32c0xx_hal_dma.c **** 
 1821              		.loc 1 836 9 view .LVU599
 1822 004e E6E7     		b	.L98
 1823              	.L104:
 820:Drivers/STM32C0xx_HAL_Driver/Src/stm32c0xx_hal_dma.c **** 
 1824              		.loc 1 820 3 discriminator 1 view .LVU600
 1825 0050 0220     		movs	r0, #2
 1826 0052 E7E7     		b	.L97
 1827              		.cfi_endproc
 1828              	.LFE222:
 1830              		.section	.text.HAL_DMA_UnRegisterCallback,"ax",%progbits
 1831              		.align	1
 1832              		.global	HAL_DMA_UnRegisterCallback
 1833              		.syntax unified
 1834              		.code	16
 1835              		.thumb_func
 1837              	HAL_DMA_UnRegisterCallback:
 1838              	.LVL110:
 1839              	.LFB223:
 867:Drivers/STM32C0xx_HAL_Driver/Src/stm32c0xx_hal_dma.c ****   HAL_StatusTypeDef status = HAL_OK;
 1840              		.loc 1 867 1 is_stmt 1 view -0
 1841              		.cfi_startproc
 1842              		@ args = 0, pretend = 0, frame = 0
 1843              		@ frame_needed = 0, uses_anonymous_args = 0
 1844              		@ link register save eliminated.
 867:Drivers/STM32C0xx_HAL_Driver/Src/stm32c0xx_hal_dma.c ****   HAL_StatusTypeDef status = HAL_OK;
 1845              		.loc 1 867 1 is_stmt 0 view .LVU602
 1846 0000 0300     		movs	r3, r0
 868:Drivers/STM32C0xx_HAL_Driver/Src/stm32c0xx_hal_dma.c **** 
 1847              		.loc 1 868 3 is_stmt 1 view .LVU603
 1848              	.LVL111:
 871:Drivers/STM32C0xx_HAL_Driver/Src/stm32c0xx_hal_dma.c **** 
ARM GAS  C:\Users\amosd\AppData\Local\Temp\cczbCN06.s 			page 61


 1849              		.loc 1 871 3 view .LVU604
 871:Drivers/STM32C0xx_HAL_Driver/Src/stm32c0xx_hal_dma.c **** 
 1850              		.loc 1 871 3 view .LVU605
 1851 0002 2422     		movs	r2, #36
 1852 0004 825C     		ldrb	r2, [r0, r2]
 1853 0006 012A     		cmp	r2, #1
 1854 0008 29D0     		beq	.L116
 871:Drivers/STM32C0xx_HAL_Driver/Src/stm32c0xx_hal_dma.c **** 
 1855              		.loc 1 871 3 discriminator 2 view .LVU606
 1856 000a 2422     		movs	r2, #36
 1857 000c 0120     		movs	r0, #1
 1858              	.LVL112:
 871:Drivers/STM32C0xx_HAL_Driver/Src/stm32c0xx_hal_dma.c **** 
 1859              		.loc 1 871 3 is_stmt 0 discriminator 2 view .LVU607
 1860 000e 9854     		strb	r0, [r3, r2]
 871:Drivers/STM32C0xx_HAL_Driver/Src/stm32c0xx_hal_dma.c **** 
 1861              		.loc 1 871 3 is_stmt 1 view .LVU608
 873:Drivers/STM32C0xx_HAL_Driver/Src/stm32c0xx_hal_dma.c ****   {
 1862              		.loc 1 873 3 view .LVU609
 873:Drivers/STM32C0xx_HAL_Driver/Src/stm32c0xx_hal_dma.c ****   {
 1863              		.loc 1 873 34 is_stmt 0 view .LVU610
 1864 0010 0132     		adds	r2, r2, #1
 1865 0012 9A5C     		ldrb	r2, [r3, r2]
 1866 0014 D0B2     		uxtb	r0, r2
 873:Drivers/STM32C0xx_HAL_Driver/Src/stm32c0xx_hal_dma.c ****   {
 1867              		.loc 1 873 6 view .LVU611
 1868 0016 012A     		cmp	r2, #1
 1869 0018 04D0     		beq	.L118
 907:Drivers/STM32C0xx_HAL_Driver/Src/stm32c0xx_hal_dma.c ****   }
 1870              		.loc 1 907 12 view .LVU612
 1871 001a 0120     		movs	r0, #1
 1872              	.L109:
 1873              	.LVL113:
 911:Drivers/STM32C0xx_HAL_Driver/Src/stm32c0xx_hal_dma.c **** 
 1874              		.loc 1 911 3 is_stmt 1 view .LVU613
 911:Drivers/STM32C0xx_HAL_Driver/Src/stm32c0xx_hal_dma.c **** 
 1875              		.loc 1 911 3 view .LVU614
 1876 001c 2422     		movs	r2, #36
 1877 001e 0021     		movs	r1, #0
 1878              	.LVL114:
 911:Drivers/STM32C0xx_HAL_Driver/Src/stm32c0xx_hal_dma.c **** 
 1879              		.loc 1 911 3 is_stmt 0 view .LVU615
 1880 0020 9954     		strb	r1, [r3, r2]
 911:Drivers/STM32C0xx_HAL_Driver/Src/stm32c0xx_hal_dma.c **** 
 1881              		.loc 1 911 3 is_stmt 1 view .LVU616
 913:Drivers/STM32C0xx_HAL_Driver/Src/stm32c0xx_hal_dma.c **** }
 1882              		.loc 1 913 3 view .LVU617
 1883              	.LVL115:
 1884              	.L108:
 914:Drivers/STM32C0xx_HAL_Driver/Src/stm32c0xx_hal_dma.c **** 
 1885              		.loc 1 914 1 is_stmt 0 view .LVU618
 1886              		@ sp needed
 1887 0022 7047     		bx	lr
 1888              	.LVL116:
 1889              	.L118:
 875:Drivers/STM32C0xx_HAL_Driver/Src/stm32c0xx_hal_dma.c ****     {
 1890              		.loc 1 875 5 is_stmt 1 view .LVU619
ARM GAS  C:\Users\amosd\AppData\Local\Temp\cczbCN06.s 			page 62


 1891 0024 0429     		cmp	r1, #4
 1892 0026 F9D8     		bhi	.L109
 1893 0028 8A00     		lsls	r2, r1, #2
 1894 002a 0E48     		ldr	r0, .L119
 1895 002c 8258     		ldr	r2, [r0, r2]
 1896 002e 9746     		mov	pc, r2
 1897              		.section	.rodata.HAL_DMA_UnRegisterCallback,"a",%progbits
 1898              		.align	2
 1899              	.L111:
 1900 0000 30000000 		.word	.L115
 1901 0004 38000000 		.word	.L114
 1902 0008 40000000 		.word	.L113
 1903 000c 48000000 		.word	.L112
 1904 0010 50000000 		.word	.L110
 1905              		.section	.text.HAL_DMA_UnRegisterCallback
 1906              	.L115:
 878:Drivers/STM32C0xx_HAL_Driver/Src/stm32c0xx_hal_dma.c ****         break;
 1907              		.loc 1 878 9 view .LVU620
 878:Drivers/STM32C0xx_HAL_Driver/Src/stm32c0xx_hal_dma.c ****         break;
 1908              		.loc 1 878 32 is_stmt 0 view .LVU621
 1909 0030 0022     		movs	r2, #0
 1910 0032 DA62     		str	r2, [r3, #44]
 879:Drivers/STM32C0xx_HAL_Driver/Src/stm32c0xx_hal_dma.c **** 
 1911              		.loc 1 879 9 is_stmt 1 view .LVU622
 868:Drivers/STM32C0xx_HAL_Driver/Src/stm32c0xx_hal_dma.c **** 
 1912              		.loc 1 868 21 is_stmt 0 view .LVU623
 1913 0034 0800     		movs	r0, r1
 879:Drivers/STM32C0xx_HAL_Driver/Src/stm32c0xx_hal_dma.c **** 
 1914              		.loc 1 879 9 view .LVU624
 1915 0036 F1E7     		b	.L109
 1916              	.L114:
 882:Drivers/STM32C0xx_HAL_Driver/Src/stm32c0xx_hal_dma.c ****         break;
 1917              		.loc 1 882 9 is_stmt 1 view .LVU625
 882:Drivers/STM32C0xx_HAL_Driver/Src/stm32c0xx_hal_dma.c ****         break;
 1918              		.loc 1 882 36 is_stmt 0 view .LVU626
 1919 0038 0022     		movs	r2, #0
 1920 003a 1A63     		str	r2, [r3, #48]
 883:Drivers/STM32C0xx_HAL_Driver/Src/stm32c0xx_hal_dma.c **** 
 1921              		.loc 1 883 9 is_stmt 1 view .LVU627
 868:Drivers/STM32C0xx_HAL_Driver/Src/stm32c0xx_hal_dma.c **** 
 1922              		.loc 1 868 21 is_stmt 0 view .LVU628
 1923 003c 0020     		movs	r0, #0
 883:Drivers/STM32C0xx_HAL_Driver/Src/stm32c0xx_hal_dma.c **** 
 1924              		.loc 1 883 9 view .LVU629
 1925 003e EDE7     		b	.L109
 1926              	.L113:
 886:Drivers/STM32C0xx_HAL_Driver/Src/stm32c0xx_hal_dma.c ****         break;
 1927              		.loc 1 886 9 is_stmt 1 view .LVU630
 886:Drivers/STM32C0xx_HAL_Driver/Src/stm32c0xx_hal_dma.c ****         break;
 1928              		.loc 1 886 33 is_stmt 0 view .LVU631
 1929 0040 0022     		movs	r2, #0
 1930 0042 5A63     		str	r2, [r3, #52]
 887:Drivers/STM32C0xx_HAL_Driver/Src/stm32c0xx_hal_dma.c **** 
 1931              		.loc 1 887 9 is_stmt 1 view .LVU632
 868:Drivers/STM32C0xx_HAL_Driver/Src/stm32c0xx_hal_dma.c **** 
 1932              		.loc 1 868 21 is_stmt 0 view .LVU633
 1933 0044 0020     		movs	r0, #0
ARM GAS  C:\Users\amosd\AppData\Local\Temp\cczbCN06.s 			page 63


 887:Drivers/STM32C0xx_HAL_Driver/Src/stm32c0xx_hal_dma.c **** 
 1934              		.loc 1 887 9 view .LVU634
 1935 0046 E9E7     		b	.L109
 1936              	.L112:
 890:Drivers/STM32C0xx_HAL_Driver/Src/stm32c0xx_hal_dma.c ****         break;
 1937              		.loc 1 890 9 is_stmt 1 view .LVU635
 890:Drivers/STM32C0xx_HAL_Driver/Src/stm32c0xx_hal_dma.c ****         break;
 1938              		.loc 1 890 33 is_stmt 0 view .LVU636
 1939 0048 0022     		movs	r2, #0
 1940 004a 9A63     		str	r2, [r3, #56]
 891:Drivers/STM32C0xx_HAL_Driver/Src/stm32c0xx_hal_dma.c **** 
 1941              		.loc 1 891 9 is_stmt 1 view .LVU637
 868:Drivers/STM32C0xx_HAL_Driver/Src/stm32c0xx_hal_dma.c **** 
 1942              		.loc 1 868 21 is_stmt 0 view .LVU638
 1943 004c 0020     		movs	r0, #0
 891:Drivers/STM32C0xx_HAL_Driver/Src/stm32c0xx_hal_dma.c **** 
 1944              		.loc 1 891 9 view .LVU639
 1945 004e E5E7     		b	.L109
 1946              	.L110:
 894:Drivers/STM32C0xx_HAL_Driver/Src/stm32c0xx_hal_dma.c ****         hdma->XferHalfCpltCallback = NULL;
 1947              		.loc 1 894 9 is_stmt 1 view .LVU640
 894:Drivers/STM32C0xx_HAL_Driver/Src/stm32c0xx_hal_dma.c ****         hdma->XferHalfCpltCallback = NULL;
 1948              		.loc 1 894 32 is_stmt 0 view .LVU641
 1949 0050 0022     		movs	r2, #0
 1950 0052 DA62     		str	r2, [r3, #44]
 895:Drivers/STM32C0xx_HAL_Driver/Src/stm32c0xx_hal_dma.c ****         hdma->XferErrorCallback = NULL;
 1951              		.loc 1 895 9 is_stmt 1 view .LVU642
 895:Drivers/STM32C0xx_HAL_Driver/Src/stm32c0xx_hal_dma.c ****         hdma->XferErrorCallback = NULL;
 1952              		.loc 1 895 36 is_stmt 0 view .LVU643
 1953 0054 1A63     		str	r2, [r3, #48]
 896:Drivers/STM32C0xx_HAL_Driver/Src/stm32c0xx_hal_dma.c ****         hdma->XferAbortCallback = NULL;
 1954              		.loc 1 896 9 is_stmt 1 view .LVU644
 896:Drivers/STM32C0xx_HAL_Driver/Src/stm32c0xx_hal_dma.c ****         hdma->XferAbortCallback = NULL;
 1955              		.loc 1 896 33 is_stmt 0 view .LVU645
 1956 0056 5A63     		str	r2, [r3, #52]
 897:Drivers/STM32C0xx_HAL_Driver/Src/stm32c0xx_hal_dma.c ****         break;
 1957              		.loc 1 897 9 is_stmt 1 view .LVU646
 897:Drivers/STM32C0xx_HAL_Driver/Src/stm32c0xx_hal_dma.c ****         break;
 1958              		.loc 1 897 33 is_stmt 0 view .LVU647
 1959 0058 9A63     		str	r2, [r3, #56]
 898:Drivers/STM32C0xx_HAL_Driver/Src/stm32c0xx_hal_dma.c **** 
 1960              		.loc 1 898 9 is_stmt 1 view .LVU648
 868:Drivers/STM32C0xx_HAL_Driver/Src/stm32c0xx_hal_dma.c **** 
 1961              		.loc 1 868 21 is_stmt 0 view .LVU649
 1962 005a 0020     		movs	r0, #0
 898:Drivers/STM32C0xx_HAL_Driver/Src/stm32c0xx_hal_dma.c **** 
 1963              		.loc 1 898 9 view .LVU650
 1964 005c DEE7     		b	.L109
 1965              	.LVL117:
 1966              	.L116:
 871:Drivers/STM32C0xx_HAL_Driver/Src/stm32c0xx_hal_dma.c **** 
 1967              		.loc 1 871 3 discriminator 1 view .LVU651
 1968 005e 0220     		movs	r0, #2
 1969              	.LVL118:
 871:Drivers/STM32C0xx_HAL_Driver/Src/stm32c0xx_hal_dma.c **** 
 1970              		.loc 1 871 3 discriminator 1 view .LVU652
 1971 0060 DFE7     		b	.L108
ARM GAS  C:\Users\amosd\AppData\Local\Temp\cczbCN06.s 			page 64


 1972              	.L120:
 1973 0062 C046     		.align	2
 1974              	.L119:
 1975 0064 00000000 		.word	.L111
 1976              		.cfi_endproc
 1977              	.LFE223:
 1979              		.section	.text.HAL_DMA_GetState,"ax",%progbits
 1980              		.align	1
 1981              		.global	HAL_DMA_GetState
 1982              		.syntax unified
 1983              		.code	16
 1984              		.thumb_func
 1986              	HAL_DMA_GetState:
 1987              	.LVL119:
 1988              	.LFB224:
 943:Drivers/STM32C0xx_HAL_Driver/Src/stm32c0xx_hal_dma.c ****   /* Return DMA handle state */
 1989              		.loc 1 943 1 is_stmt 1 view -0
 1990              		.cfi_startproc
 1991              		@ args = 0, pretend = 0, frame = 0
 1992              		@ frame_needed = 0, uses_anonymous_args = 0
 1993              		@ link register save eliminated.
 945:Drivers/STM32C0xx_HAL_Driver/Src/stm32c0xx_hal_dma.c **** }
 1994              		.loc 1 945 3 view .LVU654
 945:Drivers/STM32C0xx_HAL_Driver/Src/stm32c0xx_hal_dma.c **** }
 1995              		.loc 1 945 14 is_stmt 0 view .LVU655
 1996 0000 2523     		movs	r3, #37
 1997 0002 C05C     		ldrb	r0, [r0, r3]
 1998              	.LVL120:
 945:Drivers/STM32C0xx_HAL_Driver/Src/stm32c0xx_hal_dma.c **** }
 1999              		.loc 1 945 14 view .LVU656
 2000 0004 C0B2     		uxtb	r0, r0
 946:Drivers/STM32C0xx_HAL_Driver/Src/stm32c0xx_hal_dma.c **** 
 2001              		.loc 1 946 1 view .LVU657
 2002              		@ sp needed
 2003 0006 7047     		bx	lr
 2004              		.cfi_endproc
 2005              	.LFE224:
 2007              		.section	.text.HAL_DMA_GetError,"ax",%progbits
 2008              		.align	1
 2009              		.global	HAL_DMA_GetError
 2010              		.syntax unified
 2011              		.code	16
 2012              		.thumb_func
 2014              	HAL_DMA_GetError:
 2015              	.LVL121:
 2016              	.LFB225:
 955:Drivers/STM32C0xx_HAL_Driver/Src/stm32c0xx_hal_dma.c ****   return hdma->ErrorCode;
 2017              		.loc 1 955 1 is_stmt 1 view -0
 2018              		.cfi_startproc
 2019              		@ args = 0, pretend = 0, frame = 0
 2020              		@ frame_needed = 0, uses_anonymous_args = 0
 2021              		@ link register save eliminated.
 956:Drivers/STM32C0xx_HAL_Driver/Src/stm32c0xx_hal_dma.c **** }
 2022              		.loc 1 956 3 view .LVU659
 956:Drivers/STM32C0xx_HAL_Driver/Src/stm32c0xx_hal_dma.c **** }
 2023              		.loc 1 956 14 is_stmt 0 view .LVU660
 2024 0000 C06B     		ldr	r0, [r0, #60]
ARM GAS  C:\Users\amosd\AppData\Local\Temp\cczbCN06.s 			page 65


 2025              	.LVL122:
 957:Drivers/STM32C0xx_HAL_Driver/Src/stm32c0xx_hal_dma.c **** 
 2026              		.loc 1 957 1 view .LVU661
 2027              		@ sp needed
 2028 0002 7047     		bx	lr
 2029              		.cfi_endproc
 2030              	.LFE225:
 2032              		.text
 2033              	.Letext0:
 2034              		.file 2 "C:/Program Files (x86)/Arm GNU Toolchain arm-none-eabi/14.2 rel1/arm-none-eabi/include/ma
 2035              		.file 3 "C:/Program Files (x86)/Arm GNU Toolchain arm-none-eabi/14.2 rel1/arm-none-eabi/include/sy
 2036              		.file 4 "Drivers/CMSIS/Device/ST/STM32C0xx/Include/stm32c031xx.h"
 2037              		.file 5 "Drivers/STM32C0xx_HAL_Driver/Inc/stm32c0xx_hal_def.h"
 2038              		.file 6 "Drivers/STM32C0xx_HAL_Driver/Inc/stm32c0xx_hal_dma.h"
 2039              		.file 7 "Drivers/STM32C0xx_HAL_Driver/Inc/stm32c0xx_hal.h"
ARM GAS  C:\Users\amosd\AppData\Local\Temp\cczbCN06.s 			page 66


DEFINED SYMBOLS
                            *ABS*:00000000 stm32c0xx_hal_dma.c
C:\Users\amosd\AppData\Local\Temp\cczbCN06.s:19     .text.DMA_SetConfig:00000000 $t
C:\Users\amosd\AppData\Local\Temp\cczbCN06.s:24     .text.DMA_SetConfig:00000000 DMA_SetConfig
C:\Users\amosd\AppData\Local\Temp\cczbCN06.s:115    .text.DMA_SetConfig:00000044 $d
C:\Users\amosd\AppData\Local\Temp\cczbCN06.s:120    .text.DMA_CalcDMAMUXChannelBaseAndMask:00000000 $t
C:\Users\amosd\AppData\Local\Temp\cczbCN06.s:125    .text.DMA_CalcDMAMUXChannelBaseAndMask:00000000 DMA_CalcDMAMUXChannelBaseAndMask
C:\Users\amosd\AppData\Local\Temp\cczbCN06.s:188    .text.DMA_CalcDMAMUXChannelBaseAndMask:00000030 $d
C:\Users\amosd\AppData\Local\Temp\cczbCN06.s:194    .text.DMA_CalcDMAMUXRequestGenBaseAndMask:00000000 $t
C:\Users\amosd\AppData\Local\Temp\cczbCN06.s:199    .text.DMA_CalcDMAMUXRequestGenBaseAndMask:00000000 DMA_CalcDMAMUXRequestGenBaseAndMask
C:\Users\amosd\AppData\Local\Temp\cczbCN06.s:245    .text.DMA_CalcDMAMUXRequestGenBaseAndMask:00000020 $d
C:\Users\amosd\AppData\Local\Temp\cczbCN06.s:251    .text.HAL_DMA_Init:00000000 $t
C:\Users\amosd\AppData\Local\Temp\cczbCN06.s:257    .text.HAL_DMA_Init:00000000 HAL_DMA_Init
C:\Users\amosd\AppData\Local\Temp\cczbCN06.s:435    .text.HAL_DMA_Init:000000a8 $d
C:\Users\amosd\AppData\Local\Temp\cczbCN06.s:441    .text.HAL_DMA_DeInit:00000000 $t
C:\Users\amosd\AppData\Local\Temp\cczbCN06.s:447    .text.HAL_DMA_DeInit:00000000 HAL_DMA_DeInit
C:\Users\amosd\AppData\Local\Temp\cczbCN06.s:601    .text.HAL_DMA_DeInit:00000084 $d
C:\Users\amosd\AppData\Local\Temp\cczbCN06.s:607    .text.HAL_DMA_Start:00000000 $t
C:\Users\amosd\AppData\Local\Temp\cczbCN06.s:613    .text.HAL_DMA_Start:00000000 HAL_DMA_Start
C:\Users\amosd\AppData\Local\Temp\cczbCN06.s:720    .text.HAL_DMA_Start_IT:00000000 $t
C:\Users\amosd\AppData\Local\Temp\cczbCN06.s:726    .text.HAL_DMA_Start_IT:00000000 HAL_DMA_Start_IT
C:\Users\amosd\AppData\Local\Temp\cczbCN06.s:893    .text.HAL_DMA_Abort:00000000 $t
C:\Users\amosd\AppData\Local\Temp\cczbCN06.s:899    .text.HAL_DMA_Abort:00000000 HAL_DMA_Abort
C:\Users\amosd\AppData\Local\Temp\cczbCN06.s:1029   .text.HAL_DMA_Abort:00000078 $d
C:\Users\amosd\AppData\Local\Temp\cczbCN06.s:1035   .text.HAL_DMA_Abort_IT:00000000 $t
C:\Users\amosd\AppData\Local\Temp\cczbCN06.s:1041   .text.HAL_DMA_Abort_IT:00000000 HAL_DMA_Abort_IT
C:\Users\amosd\AppData\Local\Temp\cczbCN06.s:1172   .text.HAL_DMA_Abort_IT:00000078 $d
C:\Users\amosd\AppData\Local\Temp\cczbCN06.s:1178   .text.HAL_DMA_PollForTransfer:00000000 $t
C:\Users\amosd\AppData\Local\Temp\cczbCN06.s:1184   .text.HAL_DMA_PollForTransfer:00000000 HAL_DMA_PollForTransfer
C:\Users\amosd\AppData\Local\Temp\cczbCN06.s:1501   .text.HAL_DMA_PollForTransfer:00000130 $d
C:\Users\amosd\AppData\Local\Temp\cczbCN06.s:1506   .text.HAL_DMA_IRQHandler:00000000 $t
C:\Users\amosd\AppData\Local\Temp\cczbCN06.s:1512   .text.HAL_DMA_IRQHandler:00000000 HAL_DMA_IRQHandler
C:\Users\amosd\AppData\Local\Temp\cczbCN06.s:1707   .text.HAL_DMA_IRQHandler:000000c8 $d
C:\Users\amosd\AppData\Local\Temp\cczbCN06.s:1712   .text.HAL_DMA_RegisterCallback:00000000 $t
C:\Users\amosd\AppData\Local\Temp\cczbCN06.s:1718   .text.HAL_DMA_RegisterCallback:00000000 HAL_DMA_RegisterCallback
C:\Users\amosd\AppData\Local\Temp\cczbCN06.s:1831   .text.HAL_DMA_UnRegisterCallback:00000000 $t
C:\Users\amosd\AppData\Local\Temp\cczbCN06.s:1837   .text.HAL_DMA_UnRegisterCallback:00000000 HAL_DMA_UnRegisterCallback
C:\Users\amosd\AppData\Local\Temp\cczbCN06.s:1898   .rodata.HAL_DMA_UnRegisterCallback:00000000 $d
C:\Users\amosd\AppData\Local\Temp\cczbCN06.s:1975   .text.HAL_DMA_UnRegisterCallback:00000064 $d
C:\Users\amosd\AppData\Local\Temp\cczbCN06.s:1980   .text.HAL_DMA_GetState:00000000 $t
C:\Users\amosd\AppData\Local\Temp\cczbCN06.s:1986   .text.HAL_DMA_GetState:00000000 HAL_DMA_GetState
C:\Users\amosd\AppData\Local\Temp\cczbCN06.s:2008   .text.HAL_DMA_GetError:00000000 $t
C:\Users\amosd\AppData\Local\Temp\cczbCN06.s:2014   .text.HAL_DMA_GetError:00000000 HAL_DMA_GetError

UNDEFINED SYMBOLS
__aeabi_uidiv
HAL_GetTick
