ARM GAS  C:\Users\amosd\AppData\Local\Temp\ccyPxSjF.s 			page 1


   1              		.cpu cortex-m0plus
   2              		.arch armv6s-m
   3              		.fpu softvfp
   4              		.eabi_attribute 20, 1
   5              		.eabi_attribute 21, 1
   6              		.eabi_attribute 23, 3
   7              		.eabi_attribute 24, 1
   8              		.eabi_attribute 25, 1
   9              		.eabi_attribute 26, 1
  10              		.eabi_attribute 30, 1
  11              		.eabi_attribute 34, 0
  12              		.eabi_attribute 18, 4
  13              		.file	"stm32c0xx_hal_rcc_ex.c"
  14              		.text
  15              	.Ltext0:
  16              		.cfi_sections	.debug_frame
  17              		.file 1 "Drivers/STM32C0xx_HAL_Driver/Src/stm32c0xx_hal_rcc_ex.c"
  18              		.section	.text.HAL_RCCEx_PeriphCLKConfig,"ax",%progbits
  19              		.align	1
  20              		.global	HAL_RCCEx_PeriphCLKConfig
  21              		.syntax unified
  22              		.code	16
  23              		.thumb_func
  25              	HAL_RCCEx_PeriphCLKConfig:
  26              	.LVL0:
  27              	.LFB214:
   1:Drivers/STM32C0xx_HAL_Driver/Src/stm32c0xx_hal_rcc_ex.c **** /**
   2:Drivers/STM32C0xx_HAL_Driver/Src/stm32c0xx_hal_rcc_ex.c ****   ******************************************************************************
   3:Drivers/STM32C0xx_HAL_Driver/Src/stm32c0xx_hal_rcc_ex.c ****   * @file    stm32c0xx_hal_rcc_ex.c
   4:Drivers/STM32C0xx_HAL_Driver/Src/stm32c0xx_hal_rcc_ex.c ****   * @author  MCD Application Team
   5:Drivers/STM32C0xx_HAL_Driver/Src/stm32c0xx_hal_rcc_ex.c ****   * @brief   Extended RCC HAL module driver.
   6:Drivers/STM32C0xx_HAL_Driver/Src/stm32c0xx_hal_rcc_ex.c ****   *          This file provides firmware functions to manage the following
   7:Drivers/STM32C0xx_HAL_Driver/Src/stm32c0xx_hal_rcc_ex.c ****   *          functionalities RCC extended peripheral:
   8:Drivers/STM32C0xx_HAL_Driver/Src/stm32c0xx_hal_rcc_ex.c ****   *           + Extended Peripheral Control functions
   9:Drivers/STM32C0xx_HAL_Driver/Src/stm32c0xx_hal_rcc_ex.c ****   *           + Extended Clock management functions
  10:Drivers/STM32C0xx_HAL_Driver/Src/stm32c0xx_hal_rcc_ex.c ****   *
  11:Drivers/STM32C0xx_HAL_Driver/Src/stm32c0xx_hal_rcc_ex.c ****   ******************************************************************************
  12:Drivers/STM32C0xx_HAL_Driver/Src/stm32c0xx_hal_rcc_ex.c ****   * @attention
  13:Drivers/STM32C0xx_HAL_Driver/Src/stm32c0xx_hal_rcc_ex.c ****   *
  14:Drivers/STM32C0xx_HAL_Driver/Src/stm32c0xx_hal_rcc_ex.c ****   * Copyright (c) 2022 STMicroelectronics.
  15:Drivers/STM32C0xx_HAL_Driver/Src/stm32c0xx_hal_rcc_ex.c ****   * All rights reserved.
  16:Drivers/STM32C0xx_HAL_Driver/Src/stm32c0xx_hal_rcc_ex.c ****   *
  17:Drivers/STM32C0xx_HAL_Driver/Src/stm32c0xx_hal_rcc_ex.c ****   * This software is licensed under terms that can be found in the LICENSE file
  18:Drivers/STM32C0xx_HAL_Driver/Src/stm32c0xx_hal_rcc_ex.c ****   * in the root directory of this software component.
  19:Drivers/STM32C0xx_HAL_Driver/Src/stm32c0xx_hal_rcc_ex.c ****   * If no LICENSE file comes with this software, it is provided AS-IS.
  20:Drivers/STM32C0xx_HAL_Driver/Src/stm32c0xx_hal_rcc_ex.c ****   *
  21:Drivers/STM32C0xx_HAL_Driver/Src/stm32c0xx_hal_rcc_ex.c ****   ******************************************************************************
  22:Drivers/STM32C0xx_HAL_Driver/Src/stm32c0xx_hal_rcc_ex.c ****   */
  23:Drivers/STM32C0xx_HAL_Driver/Src/stm32c0xx_hal_rcc_ex.c **** 
  24:Drivers/STM32C0xx_HAL_Driver/Src/stm32c0xx_hal_rcc_ex.c **** /* Includes ------------------------------------------------------------------*/
  25:Drivers/STM32C0xx_HAL_Driver/Src/stm32c0xx_hal_rcc_ex.c **** #include "stm32c0xx_hal.h"
  26:Drivers/STM32C0xx_HAL_Driver/Src/stm32c0xx_hal_rcc_ex.c **** 
  27:Drivers/STM32C0xx_HAL_Driver/Src/stm32c0xx_hal_rcc_ex.c **** /** @addtogroup STM32C0xx_HAL_Driver
  28:Drivers/STM32C0xx_HAL_Driver/Src/stm32c0xx_hal_rcc_ex.c ****   * @{
  29:Drivers/STM32C0xx_HAL_Driver/Src/stm32c0xx_hal_rcc_ex.c ****   */
  30:Drivers/STM32C0xx_HAL_Driver/Src/stm32c0xx_hal_rcc_ex.c **** 
  31:Drivers/STM32C0xx_HAL_Driver/Src/stm32c0xx_hal_rcc_ex.c **** /** @defgroup RCCEx RCCEx
ARM GAS  C:\Users\amosd\AppData\Local\Temp\ccyPxSjF.s 			page 2


  32:Drivers/STM32C0xx_HAL_Driver/Src/stm32c0xx_hal_rcc_ex.c ****   * @brief RCC Extended HAL module driver
  33:Drivers/STM32C0xx_HAL_Driver/Src/stm32c0xx_hal_rcc_ex.c ****   * @{
  34:Drivers/STM32C0xx_HAL_Driver/Src/stm32c0xx_hal_rcc_ex.c ****   */
  35:Drivers/STM32C0xx_HAL_Driver/Src/stm32c0xx_hal_rcc_ex.c **** 
  36:Drivers/STM32C0xx_HAL_Driver/Src/stm32c0xx_hal_rcc_ex.c **** #ifdef HAL_RCC_MODULE_ENABLED
  37:Drivers/STM32C0xx_HAL_Driver/Src/stm32c0xx_hal_rcc_ex.c **** 
  38:Drivers/STM32C0xx_HAL_Driver/Src/stm32c0xx_hal_rcc_ex.c **** /* Private typedef -----------------------------------------------------------*/
  39:Drivers/STM32C0xx_HAL_Driver/Src/stm32c0xx_hal_rcc_ex.c **** /* Private defines -----------------------------------------------------------*/
  40:Drivers/STM32C0xx_HAL_Driver/Src/stm32c0xx_hal_rcc_ex.c **** /** @defgroup RCCEx_Private_Constants RCCEx Private Constants
  41:Drivers/STM32C0xx_HAL_Driver/Src/stm32c0xx_hal_rcc_ex.c ****   * @{
  42:Drivers/STM32C0xx_HAL_Driver/Src/stm32c0xx_hal_rcc_ex.c ****   */
  43:Drivers/STM32C0xx_HAL_Driver/Src/stm32c0xx_hal_rcc_ex.c **** #define LSCO_CLK_ENABLE()     __HAL_RCC_GPIOA_CLK_ENABLE()
  44:Drivers/STM32C0xx_HAL_Driver/Src/stm32c0xx_hal_rcc_ex.c **** #define LSCO_GPIO_PORT        GPIOA
  45:Drivers/STM32C0xx_HAL_Driver/Src/stm32c0xx_hal_rcc_ex.c **** #define LSCO_PIN              GPIO_PIN_2
  46:Drivers/STM32C0xx_HAL_Driver/Src/stm32c0xx_hal_rcc_ex.c **** /**
  47:Drivers/STM32C0xx_HAL_Driver/Src/stm32c0xx_hal_rcc_ex.c ****   * @}
  48:Drivers/STM32C0xx_HAL_Driver/Src/stm32c0xx_hal_rcc_ex.c ****   */
  49:Drivers/STM32C0xx_HAL_Driver/Src/stm32c0xx_hal_rcc_ex.c **** 
  50:Drivers/STM32C0xx_HAL_Driver/Src/stm32c0xx_hal_rcc_ex.c **** /* Private macros ------------------------------------------------------------*/
  51:Drivers/STM32C0xx_HAL_Driver/Src/stm32c0xx_hal_rcc_ex.c **** /* Private variables ---------------------------------------------------------*/
  52:Drivers/STM32C0xx_HAL_Driver/Src/stm32c0xx_hal_rcc_ex.c **** /* Private function prototypes -----------------------------------------------*/
  53:Drivers/STM32C0xx_HAL_Driver/Src/stm32c0xx_hal_rcc_ex.c **** /* Exported functions --------------------------------------------------------*/
  54:Drivers/STM32C0xx_HAL_Driver/Src/stm32c0xx_hal_rcc_ex.c **** 
  55:Drivers/STM32C0xx_HAL_Driver/Src/stm32c0xx_hal_rcc_ex.c **** /** @defgroup RCCEx_Exported_Functions RCCEx Exported Functions
  56:Drivers/STM32C0xx_HAL_Driver/Src/stm32c0xx_hal_rcc_ex.c ****   * @{
  57:Drivers/STM32C0xx_HAL_Driver/Src/stm32c0xx_hal_rcc_ex.c ****   */
  58:Drivers/STM32C0xx_HAL_Driver/Src/stm32c0xx_hal_rcc_ex.c **** 
  59:Drivers/STM32C0xx_HAL_Driver/Src/stm32c0xx_hal_rcc_ex.c **** /** @defgroup RCCEx_Exported_Functions_Group1 Extended Peripheral Control functions
  60:Drivers/STM32C0xx_HAL_Driver/Src/stm32c0xx_hal_rcc_ex.c ****   *  @brief  Extended Peripheral Control functions
  61:Drivers/STM32C0xx_HAL_Driver/Src/stm32c0xx_hal_rcc_ex.c ****   *
  62:Drivers/STM32C0xx_HAL_Driver/Src/stm32c0xx_hal_rcc_ex.c **** @verbatim
  63:Drivers/STM32C0xx_HAL_Driver/Src/stm32c0xx_hal_rcc_ex.c ****  ===============================================================================
  64:Drivers/STM32C0xx_HAL_Driver/Src/stm32c0xx_hal_rcc_ex.c ****                 ##### Extended Peripheral Control functions  #####
  65:Drivers/STM32C0xx_HAL_Driver/Src/stm32c0xx_hal_rcc_ex.c ****  ===============================================================================
  66:Drivers/STM32C0xx_HAL_Driver/Src/stm32c0xx_hal_rcc_ex.c ****     [..]
  67:Drivers/STM32C0xx_HAL_Driver/Src/stm32c0xx_hal_rcc_ex.c ****     This subsection provides a set of functions allowing to control the RCC Clocks
  68:Drivers/STM32C0xx_HAL_Driver/Src/stm32c0xx_hal_rcc_ex.c ****     frequencies.
  69:Drivers/STM32C0xx_HAL_Driver/Src/stm32c0xx_hal_rcc_ex.c ****     [..]
  70:Drivers/STM32C0xx_HAL_Driver/Src/stm32c0xx_hal_rcc_ex.c ****     (@) Important note: Care must be taken when @ref HAL_RCCEx_PeriphCLKConfig() is used to
  71:Drivers/STM32C0xx_HAL_Driver/Src/stm32c0xx_hal_rcc_ex.c ****         select the RTC clock source; as consequence RTC registers and RCC_CSR1 register are
  72:Drivers/STM32C0xx_HAL_Driver/Src/stm32c0xx_hal_rcc_ex.c ****         set to their reset values.
  73:Drivers/STM32C0xx_HAL_Driver/Src/stm32c0xx_hal_rcc_ex.c **** 
  74:Drivers/STM32C0xx_HAL_Driver/Src/stm32c0xx_hal_rcc_ex.c **** @endverbatim
  75:Drivers/STM32C0xx_HAL_Driver/Src/stm32c0xx_hal_rcc_ex.c ****   * @{
  76:Drivers/STM32C0xx_HAL_Driver/Src/stm32c0xx_hal_rcc_ex.c ****   */
  77:Drivers/STM32C0xx_HAL_Driver/Src/stm32c0xx_hal_rcc_ex.c **** /**
  78:Drivers/STM32C0xx_HAL_Driver/Src/stm32c0xx_hal_rcc_ex.c ****   * @brief  Initialize the RCC extended peripherals clocks according to the specified
  79:Drivers/STM32C0xx_HAL_Driver/Src/stm32c0xx_hal_rcc_ex.c ****   *         parameters in the @ref RCC_PeriphCLKInitTypeDef.
  80:Drivers/STM32C0xx_HAL_Driver/Src/stm32c0xx_hal_rcc_ex.c ****   * @param  PeriphClkInit  pointer to a @ref RCC_PeriphCLKInitTypeDef structure that
  81:Drivers/STM32C0xx_HAL_Driver/Src/stm32c0xx_hal_rcc_ex.c ****   *         contains a field PeriphClockSelection which can be a combination of the following value
  82:Drivers/STM32C0xx_HAL_Driver/Src/stm32c0xx_hal_rcc_ex.c ****   *            @arg @ref RCC_PERIPHCLK_RTC  RTC peripheral clock
  83:Drivers/STM32C0xx_HAL_Driver/Src/stm32c0xx_hal_rcc_ex.c ****   *            @arg @ref RCC_PERIPHCLK_ADC    ADC peripheral clock
  84:Drivers/STM32C0xx_HAL_Driver/Src/stm32c0xx_hal_rcc_ex.c ****   *            @arg @ref RCC_PERIPHCLK_I2C1   I2C1 peripheral clock
  85:Drivers/STM32C0xx_HAL_Driver/Src/stm32c0xx_hal_rcc_ex.c ****   *            @arg @ref RCC_PERIPHCLK_I2S1   I2S1 peripheral clock
  86:Drivers/STM32C0xx_HAL_Driver/Src/stm32c0xx_hal_rcc_ex.c ****   *            @arg @ref RCC_PERIPHCLK_USART1 USART1 peripheral clock
  87:Drivers/STM32C0xx_HAL_Driver/Src/stm32c0xx_hal_rcc_ex.c ****   *            @arg @ref RCC_PERIPHCLK_USB     USB peripheral clock (*)
  88:Drivers/STM32C0xx_HAL_Driver/Src/stm32c0xx_hal_rcc_ex.c ****   *            @arg @ref RCC_PERIPHCLK_FDCAN1  FDCAN1 peripheral clock (*)
ARM GAS  C:\Users\amosd\AppData\Local\Temp\ccyPxSjF.s 			page 3


  89:Drivers/STM32C0xx_HAL_Driver/Src/stm32c0xx_hal_rcc_ex.c ****   * @note   Care must be taken when @ref HAL_RCCEx_PeriphCLKConfig() is used to select
  90:Drivers/STM32C0xx_HAL_Driver/Src/stm32c0xx_hal_rcc_ex.c ****   *         the RTC clock source: in this case the access to RTC domain is enabled.
  91:Drivers/STM32C0xx_HAL_Driver/Src/stm32c0xx_hal_rcc_ex.c ****   * @note (*) not available on all devices
  92:Drivers/STM32C0xx_HAL_Driver/Src/stm32c0xx_hal_rcc_ex.c ****   *
  93:Drivers/STM32C0xx_HAL_Driver/Src/stm32c0xx_hal_rcc_ex.c ****   * @retval HAL status
  94:Drivers/STM32C0xx_HAL_Driver/Src/stm32c0xx_hal_rcc_ex.c ****   */
  95:Drivers/STM32C0xx_HAL_Driver/Src/stm32c0xx_hal_rcc_ex.c **** HAL_StatusTypeDef HAL_RCCEx_PeriphCLKConfig(const RCC_PeriphCLKInitTypeDef  *PeriphClkInit)
  96:Drivers/STM32C0xx_HAL_Driver/Src/stm32c0xx_hal_rcc_ex.c **** {
  28              		.loc 1 96 1 view -0
  29              		.cfi_startproc
  30              		@ args = 0, pretend = 0, frame = 8
  31              		@ frame_needed = 0, uses_anonymous_args = 0
  32              		.loc 1 96 1 is_stmt 0 view .LVU1
  33 0000 70B5     		push	{r4, r5, r6, lr}
  34              	.LCFI0:
  35              		.cfi_def_cfa_offset 16
  36              		.cfi_offset 4, -16
  37              		.cfi_offset 5, -12
  38              		.cfi_offset 6, -8
  39              		.cfi_offset 14, -4
  40 0002 82B0     		sub	sp, sp, #8
  41              	.LCFI1:
  42              		.cfi_def_cfa_offset 24
  43 0004 0400     		movs	r4, r0
  97:Drivers/STM32C0xx_HAL_Driver/Src/stm32c0xx_hal_rcc_ex.c ****   uint32_t tmpregister;
  44              		.loc 1 97 3 is_stmt 1 view .LVU2
  98:Drivers/STM32C0xx_HAL_Driver/Src/stm32c0xx_hal_rcc_ex.c ****   uint32_t tickstart;
  45              		.loc 1 98 3 view .LVU3
  99:Drivers/STM32C0xx_HAL_Driver/Src/stm32c0xx_hal_rcc_ex.c ****   HAL_StatusTypeDef ret    = HAL_OK;   /* Intermediate status */
  46              		.loc 1 99 3 view .LVU4
  47              	.LVL1:
 100:Drivers/STM32C0xx_HAL_Driver/Src/stm32c0xx_hal_rcc_ex.c ****   HAL_StatusTypeDef status = HAL_OK;   /* Final status */
  48              		.loc 1 100 3 view .LVU5
 101:Drivers/STM32C0xx_HAL_Driver/Src/stm32c0xx_hal_rcc_ex.c **** 
 102:Drivers/STM32C0xx_HAL_Driver/Src/stm32c0xx_hal_rcc_ex.c ****   /* Check the parameters */
 103:Drivers/STM32C0xx_HAL_Driver/Src/stm32c0xx_hal_rcc_ex.c ****   assert_param(IS_RCC_PERIPHCLOCK(PeriphClkInit->PeriphClockSelection));
  49              		.loc 1 103 3 view .LVU6
 104:Drivers/STM32C0xx_HAL_Driver/Src/stm32c0xx_hal_rcc_ex.c **** 
 105:Drivers/STM32C0xx_HAL_Driver/Src/stm32c0xx_hal_rcc_ex.c ****   /*-------------------------- RTC clock source configuration ----------------------*/
 106:Drivers/STM32C0xx_HAL_Driver/Src/stm32c0xx_hal_rcc_ex.c ****   if ((PeriphClkInit->PeriphClockSelection & RCC_PERIPHCLK_RTC) == RCC_PERIPHCLK_RTC)
  50              		.loc 1 106 3 view .LVU7
  51              		.loc 1 106 21 is_stmt 0 view .LVU8
  52 0006 0368     		ldr	r3, [r0]
  53              		.loc 1 106 6 view .LVU9
  54 0008 5B06     		lsls	r3, r3, #25
  55 000a 50D5     		bpl	.L15
  56              	.LBB2:
 107:Drivers/STM32C0xx_HAL_Driver/Src/stm32c0xx_hal_rcc_ex.c ****   {
 108:Drivers/STM32C0xx_HAL_Driver/Src/stm32c0xx_hal_rcc_ex.c ****     FlagStatus       pwrclkchanged = RESET;
  57              		.loc 1 108 5 is_stmt 1 view .LVU10
  58              	.LVL2:
 109:Drivers/STM32C0xx_HAL_Driver/Src/stm32c0xx_hal_rcc_ex.c **** 
 110:Drivers/STM32C0xx_HAL_Driver/Src/stm32c0xx_hal_rcc_ex.c ****     /* Check for RTC Parameters used to output RTCCLK */
 111:Drivers/STM32C0xx_HAL_Driver/Src/stm32c0xx_hal_rcc_ex.c ****     assert_param(IS_RCC_RTCCLKSOURCE(PeriphClkInit->RTCClockSelection));
  59              		.loc 1 111 5 view .LVU11
 112:Drivers/STM32C0xx_HAL_Driver/Src/stm32c0xx_hal_rcc_ex.c **** 
 113:Drivers/STM32C0xx_HAL_Driver/Src/stm32c0xx_hal_rcc_ex.c ****     /* Enable Power Clock */
ARM GAS  C:\Users\amosd\AppData\Local\Temp\ccyPxSjF.s 			page 4


 114:Drivers/STM32C0xx_HAL_Driver/Src/stm32c0xx_hal_rcc_ex.c ****     if (__HAL_RCC_PWR_IS_CLK_DISABLED())
  60              		.loc 1 114 5 view .LVU12
  61              		.loc 1 114 9 is_stmt 0 view .LVU13
  62 000c 424B     		ldr	r3, .L27
  63 000e DB6B     		ldr	r3, [r3, #60]
  64              		.loc 1 114 8 view .LVU14
  65 0010 DB00     		lsls	r3, r3, #3
  66 0012 35D4     		bmi	.L16
 115:Drivers/STM32C0xx_HAL_Driver/Src/stm32c0xx_hal_rcc_ex.c ****     {
 116:Drivers/STM32C0xx_HAL_Driver/Src/stm32c0xx_hal_rcc_ex.c ****       __HAL_RCC_PWR_CLK_ENABLE();
  67              		.loc 1 116 7 is_stmt 1 view .LVU15
  68              	.LBB3:
  69              		.loc 1 116 7 view .LVU16
  70              		.loc 1 116 7 view .LVU17
  71 0014 404B     		ldr	r3, .L27
  72 0016 DA6B     		ldr	r2, [r3, #60]
  73 0018 8021     		movs	r1, #128
  74 001a 4905     		lsls	r1, r1, #21
  75 001c 0A43     		orrs	r2, r1
  76 001e DA63     		str	r2, [r3, #60]
  77              		.loc 1 116 7 view .LVU18
  78 0020 DB6B     		ldr	r3, [r3, #60]
  79 0022 0B40     		ands	r3, r1
  80 0024 0193     		str	r3, [sp, #4]
  81              		.loc 1 116 7 view .LVU19
  82 0026 019B     		ldr	r3, [sp, #4]
  83              	.LBE3:
  84              		.loc 1 116 7 view .LVU20
 117:Drivers/STM32C0xx_HAL_Driver/Src/stm32c0xx_hal_rcc_ex.c ****       pwrclkchanged = SET;
  85              		.loc 1 117 7 view .LVU21
  86              	.LVL3:
  87              		.loc 1 117 21 is_stmt 0 view .LVU22
  88 0028 0125     		movs	r5, #1
  89              	.LVL4:
  90              	.L3:
 118:Drivers/STM32C0xx_HAL_Driver/Src/stm32c0xx_hal_rcc_ex.c ****     }
 119:Drivers/STM32C0xx_HAL_Driver/Src/stm32c0xx_hal_rcc_ex.c **** 
 120:Drivers/STM32C0xx_HAL_Driver/Src/stm32c0xx_hal_rcc_ex.c **** 
 121:Drivers/STM32C0xx_HAL_Driver/Src/stm32c0xx_hal_rcc_ex.c ****     /* Reset the RTC domain only if the RTC Clock source selection is modified from default */
 122:Drivers/STM32C0xx_HAL_Driver/Src/stm32c0xx_hal_rcc_ex.c ****     tmpregister = READ_BIT(RCC->CSR1, RCC_CSR1_RTCSEL);
  91              		.loc 1 122 5 is_stmt 1 view .LVU23
  92              		.loc 1 122 19 is_stmt 0 view .LVU24
  93 002a 3B4B     		ldr	r3, .L27
  94 002c D96D     		ldr	r1, [r3, #92]
  95              		.loc 1 122 17 view .LVU25
  96 002e C022     		movs	r2, #192
  97 0030 9200     		lsls	r2, r2, #2
  98 0032 0B00     		movs	r3, r1
  99 0034 1340     		ands	r3, r2
 100              	.LVL5:
 123:Drivers/STM32C0xx_HAL_Driver/Src/stm32c0xx_hal_rcc_ex.c **** 
 124:Drivers/STM32C0xx_HAL_Driver/Src/stm32c0xx_hal_rcc_ex.c ****     /* Reset the RTC domain only if the RTC Clock source selection is modified */
 125:Drivers/STM32C0xx_HAL_Driver/Src/stm32c0xx_hal_rcc_ex.c ****     if ((tmpregister != RCC_RTCCLKSOURCE_NONE) && (tmpregister != PeriphClkInit->RTCClockSelection)
 101              		.loc 1 125 5 is_stmt 1 view .LVU26
 102              		.loc 1 125 8 is_stmt 0 view .LVU27
 103 0036 1142     		tst	r1, r2
 104 0038 35D0     		beq	.L17
ARM GAS  C:\Users\amosd\AppData\Local\Temp\ccyPxSjF.s 			page 5


 105              		.loc 1 125 80 discriminator 1 view .LVU28
 106 003a A269     		ldr	r2, [r4, #24]
 107              		.loc 1 125 48 discriminator 1 view .LVU29
 108 003c 9A42     		cmp	r2, r3
 109 003e 0DD0     		beq	.L5
 126:Drivers/STM32C0xx_HAL_Driver/Src/stm32c0xx_hal_rcc_ex.c ****     {
 127:Drivers/STM32C0xx_HAL_Driver/Src/stm32c0xx_hal_rcc_ex.c ****       /* Store the content of CSR1 register before the reset of RTC Domain */
 128:Drivers/STM32C0xx_HAL_Driver/Src/stm32c0xx_hal_rcc_ex.c ****       tmpregister = READ_BIT(RCC->CSR1, ~(RCC_CSR1_RTCSEL));
 110              		.loc 1 128 7 is_stmt 1 view .LVU30
 111              		.loc 1 128 21 is_stmt 0 view .LVU31
 112 0040 354A     		ldr	r2, .L27
 113 0042 D36D     		ldr	r3, [r2, #92]
 114              	.LVL6:
 115              		.loc 1 128 19 view .LVU32
 116 0044 3549     		ldr	r1, .L27+4
 117              	.LVL7:
 118              		.loc 1 128 19 view .LVU33
 119 0046 0B40     		ands	r3, r1
 120              	.LVL8:
 129:Drivers/STM32C0xx_HAL_Driver/Src/stm32c0xx_hal_rcc_ex.c ****       /* RTC Clock selection can be changed only if the RTC Domain is reset */
 130:Drivers/STM32C0xx_HAL_Driver/Src/stm32c0xx_hal_rcc_ex.c ****       __HAL_RCC_BACKUPRESET_FORCE();
 121              		.loc 1 130 7 is_stmt 1 view .LVU34
 122 0048 D06D     		ldr	r0, [r2, #92]
 123              	.LVL9:
 124              		.loc 1 130 7 is_stmt 0 view .LVU35
 125 004a 8021     		movs	r1, #128
 126 004c 4902     		lsls	r1, r1, #9
 127 004e 0143     		orrs	r1, r0
 128 0050 D165     		str	r1, [r2, #92]
 131:Drivers/STM32C0xx_HAL_Driver/Src/stm32c0xx_hal_rcc_ex.c ****       __HAL_RCC_BACKUPRESET_RELEASE();
 129              		.loc 1 131 7 is_stmt 1 view .LVU36
 130 0052 D16D     		ldr	r1, [r2, #92]
 131 0054 3248     		ldr	r0, .L27+8
 132 0056 0140     		ands	r1, r0
 133 0058 D165     		str	r1, [r2, #92]
 132:Drivers/STM32C0xx_HAL_Driver/Src/stm32c0xx_hal_rcc_ex.c ****       /* Restore the Content of CSR1 register */
 133:Drivers/STM32C0xx_HAL_Driver/Src/stm32c0xx_hal_rcc_ex.c ****       RCC->CSR1 = tmpregister;
 134              		.loc 1 133 7 view .LVU37
 135              		.loc 1 133 17 is_stmt 0 view .LVU38
 136 005a D365     		str	r3, [r2, #92]
 137              	.L5:
 134:Drivers/STM32C0xx_HAL_Driver/Src/stm32c0xx_hal_rcc_ex.c ****     }
 135:Drivers/STM32C0xx_HAL_Driver/Src/stm32c0xx_hal_rcc_ex.c **** 
 136:Drivers/STM32C0xx_HAL_Driver/Src/stm32c0xx_hal_rcc_ex.c ****     /* Wait for LSE reactivation if LSE was enable prior to RTC Domain reset */
 137:Drivers/STM32C0xx_HAL_Driver/Src/stm32c0xx_hal_rcc_ex.c ****     if (HAL_IS_BIT_SET(tmpregister, RCC_CSR1_LSEON))
 138              		.loc 1 137 5 is_stmt 1 view .LVU39
 139              		.loc 1 137 8 is_stmt 0 view .LVU40
 140 005c DB07     		lsls	r3, r3, #31
 141 005e 11D4     		bmi	.L25
 142              	.LVL10:
 143              	.L6:
 138:Drivers/STM32C0xx_HAL_Driver/Src/stm32c0xx_hal_rcc_ex.c ****     {
 139:Drivers/STM32C0xx_HAL_Driver/Src/stm32c0xx_hal_rcc_ex.c ****       /* Get Start Tick*/
 140:Drivers/STM32C0xx_HAL_Driver/Src/stm32c0xx_hal_rcc_ex.c ****       tickstart = HAL_GetTick();
 141:Drivers/STM32C0xx_HAL_Driver/Src/stm32c0xx_hal_rcc_ex.c **** 
 142:Drivers/STM32C0xx_HAL_Driver/Src/stm32c0xx_hal_rcc_ex.c ****       /* Wait till LSE is ready */
 143:Drivers/STM32C0xx_HAL_Driver/Src/stm32c0xx_hal_rcc_ex.c ****       while (READ_BIT(RCC->CSR1, RCC_CSR1_LSERDY) == 0U)
ARM GAS  C:\Users\amosd\AppData\Local\Temp\ccyPxSjF.s 			page 6


 144:Drivers/STM32C0xx_HAL_Driver/Src/stm32c0xx_hal_rcc_ex.c ****       {
 145:Drivers/STM32C0xx_HAL_Driver/Src/stm32c0xx_hal_rcc_ex.c ****         if ((HAL_GetTick() - tickstart) > RCC_LSE_TIMEOUT_VALUE)
 146:Drivers/STM32C0xx_HAL_Driver/Src/stm32c0xx_hal_rcc_ex.c ****         {
 147:Drivers/STM32C0xx_HAL_Driver/Src/stm32c0xx_hal_rcc_ex.c ****           ret = HAL_TIMEOUT;
 148:Drivers/STM32C0xx_HAL_Driver/Src/stm32c0xx_hal_rcc_ex.c ****           break;
 149:Drivers/STM32C0xx_HAL_Driver/Src/stm32c0xx_hal_rcc_ex.c ****         }
 150:Drivers/STM32C0xx_HAL_Driver/Src/stm32c0xx_hal_rcc_ex.c ****       }
 151:Drivers/STM32C0xx_HAL_Driver/Src/stm32c0xx_hal_rcc_ex.c ****     }
 152:Drivers/STM32C0xx_HAL_Driver/Src/stm32c0xx_hal_rcc_ex.c **** 
 153:Drivers/STM32C0xx_HAL_Driver/Src/stm32c0xx_hal_rcc_ex.c ****     if (ret == HAL_OK)
 154:Drivers/STM32C0xx_HAL_Driver/Src/stm32c0xx_hal_rcc_ex.c ****     {
 155:Drivers/STM32C0xx_HAL_Driver/Src/stm32c0xx_hal_rcc_ex.c ****       /* Apply new RTC clock source selection */
 156:Drivers/STM32C0xx_HAL_Driver/Src/stm32c0xx_hal_rcc_ex.c ****       __HAL_RCC_RTC_CONFIG(PeriphClkInit->RTCClockSelection);
 144              		.loc 1 156 7 is_stmt 1 view .LVU41
 145 0060 2D4A     		ldr	r2, .L27
 146 0062 D36D     		ldr	r3, [r2, #92]
 147 0064 2D49     		ldr	r1, .L27+4
 148 0066 0B40     		ands	r3, r1
 149 0068 A169     		ldr	r1, [r4, #24]
 150 006a 0B43     		orrs	r3, r1
 151 006c D365     		str	r3, [r2, #92]
 152              	.LBE2:
 100:Drivers/STM32C0xx_HAL_Driver/Src/stm32c0xx_hal_rcc_ex.c **** 
 153              		.loc 1 100 21 is_stmt 0 view .LVU42
 154 006e 0020     		movs	r0, #0
 155              	.L9:
 156              	.LVL11:
 157              	.LBB4:
 157:Drivers/STM32C0xx_HAL_Driver/Src/stm32c0xx_hal_rcc_ex.c ****     }
 158:Drivers/STM32C0xx_HAL_Driver/Src/stm32c0xx_hal_rcc_ex.c ****     else
 159:Drivers/STM32C0xx_HAL_Driver/Src/stm32c0xx_hal_rcc_ex.c ****     {
 160:Drivers/STM32C0xx_HAL_Driver/Src/stm32c0xx_hal_rcc_ex.c ****       /* set overall return value */
 161:Drivers/STM32C0xx_HAL_Driver/Src/stm32c0xx_hal_rcc_ex.c ****       status = ret;
 162:Drivers/STM32C0xx_HAL_Driver/Src/stm32c0xx_hal_rcc_ex.c ****     }
 163:Drivers/STM32C0xx_HAL_Driver/Src/stm32c0xx_hal_rcc_ex.c **** 
 164:Drivers/STM32C0xx_HAL_Driver/Src/stm32c0xx_hal_rcc_ex.c ****     /* Restore clock configuration if changed */
 165:Drivers/STM32C0xx_HAL_Driver/Src/stm32c0xx_hal_rcc_ex.c ****     if (pwrclkchanged == SET)
 158              		.loc 1 165 5 is_stmt 1 view .LVU43
 159              		.loc 1 165 8 is_stmt 0 view .LVU44
 160 0070 012D     		cmp	r5, #1
 161 0072 1DD1     		bne	.L2
 166:Drivers/STM32C0xx_HAL_Driver/Src/stm32c0xx_hal_rcc_ex.c ****     {
 167:Drivers/STM32C0xx_HAL_Driver/Src/stm32c0xx_hal_rcc_ex.c ****       __HAL_RCC_PWR_CLK_DISABLE();
 162              		.loc 1 167 7 is_stmt 1 view .LVU45
 163 0074 284A     		ldr	r2, .L27
 164 0076 D36B     		ldr	r3, [r2, #60]
 165 0078 2A49     		ldr	r1, .L27+12
 166 007a 0B40     		ands	r3, r1
 167 007c D363     		str	r3, [r2, #60]
 168 007e 17E0     		b	.L2
 169              	.LVL12:
 170              	.L16:
 108:Drivers/STM32C0xx_HAL_Driver/Src/stm32c0xx_hal_rcc_ex.c **** 
 171              		.loc 1 108 22 is_stmt 0 view .LVU46
 172 0080 0025     		movs	r5, #0
 173 0082 D2E7     		b	.L3
 174              	.LVL13:
ARM GAS  C:\Users\amosd\AppData\Local\Temp\ccyPxSjF.s 			page 7


 175              	.L25:
 140:Drivers/STM32C0xx_HAL_Driver/Src/stm32c0xx_hal_rcc_ex.c **** 
 176              		.loc 1 140 7 is_stmt 1 view .LVU47
 140:Drivers/STM32C0xx_HAL_Driver/Src/stm32c0xx_hal_rcc_ex.c **** 
 177              		.loc 1 140 19 is_stmt 0 view .LVU48
 178 0084 FFF7FEFF 		bl	HAL_GetTick
 179              	.LVL14:
 180 0088 0600     		movs	r6, r0
 181              	.LVL15:
 143:Drivers/STM32C0xx_HAL_Driver/Src/stm32c0xx_hal_rcc_ex.c ****       {
 182              		.loc 1 143 7 is_stmt 1 view .LVU49
 183              	.L7:
 143:Drivers/STM32C0xx_HAL_Driver/Src/stm32c0xx_hal_rcc_ex.c ****       {
 184              		.loc 1 143 51 view .LVU50
 143:Drivers/STM32C0xx_HAL_Driver/Src/stm32c0xx_hal_rcc_ex.c ****       {
 185              		.loc 1 143 14 is_stmt 0 view .LVU51
 186 008a 234B     		ldr	r3, .L27
 187 008c DB6D     		ldr	r3, [r3, #92]
 143:Drivers/STM32C0xx_HAL_Driver/Src/stm32c0xx_hal_rcc_ex.c ****       {
 188              		.loc 1 143 51 view .LVU52
 189 008e 9B07     		lsls	r3, r3, #30
 190 0090 07D4     		bmi	.L26
 145:Drivers/STM32C0xx_HAL_Driver/Src/stm32c0xx_hal_rcc_ex.c ****         {
 191              		.loc 1 145 9 is_stmt 1 view .LVU53
 145:Drivers/STM32C0xx_HAL_Driver/Src/stm32c0xx_hal_rcc_ex.c ****         {
 192              		.loc 1 145 14 is_stmt 0 view .LVU54
 193 0092 FFF7FEFF 		bl	HAL_GetTick
 194              	.LVL16:
 145:Drivers/STM32C0xx_HAL_Driver/Src/stm32c0xx_hal_rcc_ex.c ****         {
 195              		.loc 1 145 28 discriminator 1 view .LVU55
 196 0096 801B     		subs	r0, r0, r6
 145:Drivers/STM32C0xx_HAL_Driver/Src/stm32c0xx_hal_rcc_ex.c ****         {
 197              		.loc 1 145 12 discriminator 1 view .LVU56
 198 0098 234B     		ldr	r3, .L27+16
 199 009a 9842     		cmp	r0, r3
 200 009c F5D9     		bls	.L7
 147:Drivers/STM32C0xx_HAL_Driver/Src/stm32c0xx_hal_rcc_ex.c ****           break;
 201              		.loc 1 147 15 view .LVU57
 202 009e 0320     		movs	r0, #3
 203 00a0 02E0     		b	.L4
 204              	.L26:
 147:Drivers/STM32C0xx_HAL_Driver/Src/stm32c0xx_hal_rcc_ex.c ****           break;
 205              		.loc 1 147 15 view .LVU58
 206              	.LBE4:
  99:Drivers/STM32C0xx_HAL_Driver/Src/stm32c0xx_hal_rcc_ex.c ****   HAL_StatusTypeDef status = HAL_OK;   /* Final status */
 207              		.loc 1 99 21 view .LVU59
 208 00a2 0020     		movs	r0, #0
 209              	.LBB5:
 210 00a4 00E0     		b	.L4
 211              	.LVL17:
 212              	.L17:
  99:Drivers/STM32C0xx_HAL_Driver/Src/stm32c0xx_hal_rcc_ex.c ****   HAL_StatusTypeDef status = HAL_OK;   /* Final status */
 213              		.loc 1 99 21 view .LVU60
 214              	.LBE5:
 215 00a6 0020     		movs	r0, #0
 216              	.LVL18:
 217              	.L4:
ARM GAS  C:\Users\amosd\AppData\Local\Temp\ccyPxSjF.s 			page 8


 218              	.LBB6:
 153:Drivers/STM32C0xx_HAL_Driver/Src/stm32c0xx_hal_rcc_ex.c ****     {
 219              		.loc 1 153 5 is_stmt 1 view .LVU61
 153:Drivers/STM32C0xx_HAL_Driver/Src/stm32c0xx_hal_rcc_ex.c ****     {
 220              		.loc 1 153 8 is_stmt 0 view .LVU62
 221 00a8 0028     		cmp	r0, #0
 222 00aa E1D1     		bne	.L9
 223 00ac D8E7     		b	.L6
 224              	.LVL19:
 225              	.L15:
 153:Drivers/STM32C0xx_HAL_Driver/Src/stm32c0xx_hal_rcc_ex.c ****     {
 226              		.loc 1 153 8 view .LVU63
 227              	.LBE6:
 100:Drivers/STM32C0xx_HAL_Driver/Src/stm32c0xx_hal_rcc_ex.c **** 
 228              		.loc 1 100 21 view .LVU64
 229 00ae 0020     		movs	r0, #0
 230              	.LVL20:
 231              	.L2:
 168:Drivers/STM32C0xx_HAL_Driver/Src/stm32c0xx_hal_rcc_ex.c ****     }
 169:Drivers/STM32C0xx_HAL_Driver/Src/stm32c0xx_hal_rcc_ex.c ****   }
 170:Drivers/STM32C0xx_HAL_Driver/Src/stm32c0xx_hal_rcc_ex.c **** 
 171:Drivers/STM32C0xx_HAL_Driver/Src/stm32c0xx_hal_rcc_ex.c ****   /*-------------------------- USART1 clock source configuration -------------------*/
 172:Drivers/STM32C0xx_HAL_Driver/Src/stm32c0xx_hal_rcc_ex.c ****   if (((PeriphClkInit->PeriphClockSelection) & RCC_PERIPHCLK_USART1) == RCC_PERIPHCLK_USART1)
 232              		.loc 1 172 3 is_stmt 1 view .LVU65
 233              		.loc 1 172 22 is_stmt 0 view .LVU66
 234 00b0 2368     		ldr	r3, [r4]
 235              		.loc 1 172 6 view .LVU67
 236 00b2 DB07     		lsls	r3, r3, #31
 237 00b4 06D5     		bpl	.L10
 173:Drivers/STM32C0xx_HAL_Driver/Src/stm32c0xx_hal_rcc_ex.c ****   {
 174:Drivers/STM32C0xx_HAL_Driver/Src/stm32c0xx_hal_rcc_ex.c ****     /* Check the parameters */
 175:Drivers/STM32C0xx_HAL_Driver/Src/stm32c0xx_hal_rcc_ex.c ****     assert_param(IS_RCC_USART1CLKSOURCE(PeriphClkInit->Usart1ClockSelection));
 238              		.loc 1 175 5 is_stmt 1 view .LVU68
 176:Drivers/STM32C0xx_HAL_Driver/Src/stm32c0xx_hal_rcc_ex.c **** 
 177:Drivers/STM32C0xx_HAL_Driver/Src/stm32c0xx_hal_rcc_ex.c ****     /* Configure the USART1 clock source */
 178:Drivers/STM32C0xx_HAL_Driver/Src/stm32c0xx_hal_rcc_ex.c ****     __HAL_RCC_USART1_CONFIG(PeriphClkInit->Usart1ClockSelection);
 239              		.loc 1 178 5 view .LVU69
 240 00b6 184A     		ldr	r2, .L27
 241 00b8 536D     		ldr	r3, [r2, #84]
 242 00ba 0321     		movs	r1, #3
 243 00bc 8B43     		bics	r3, r1
 244 00be A168     		ldr	r1, [r4, #8]
 245 00c0 0B43     		orrs	r3, r1
 246 00c2 5365     		str	r3, [r2, #84]
 247              	.L10:
 179:Drivers/STM32C0xx_HAL_Driver/Src/stm32c0xx_hal_rcc_ex.c ****   }
 180:Drivers/STM32C0xx_HAL_Driver/Src/stm32c0xx_hal_rcc_ex.c **** 
 181:Drivers/STM32C0xx_HAL_Driver/Src/stm32c0xx_hal_rcc_ex.c ****   /*-------------------------- I2C1 clock source configuration ---------------------*/
 182:Drivers/STM32C0xx_HAL_Driver/Src/stm32c0xx_hal_rcc_ex.c ****   if (((PeriphClkInit->PeriphClockSelection) & RCC_PERIPHCLK_I2C1) == RCC_PERIPHCLK_I2C1)
 248              		.loc 1 182 3 view .LVU70
 249              		.loc 1 182 22 is_stmt 0 view .LVU71
 250 00c4 2368     		ldr	r3, [r4]
 251              		.loc 1 182 6 view .LVU72
 252 00c6 9B07     		lsls	r3, r3, #30
 253 00c8 06D5     		bpl	.L11
 183:Drivers/STM32C0xx_HAL_Driver/Src/stm32c0xx_hal_rcc_ex.c ****   {
 184:Drivers/STM32C0xx_HAL_Driver/Src/stm32c0xx_hal_rcc_ex.c ****     /* Check the parameters */
ARM GAS  C:\Users\amosd\AppData\Local\Temp\ccyPxSjF.s 			page 9


 185:Drivers/STM32C0xx_HAL_Driver/Src/stm32c0xx_hal_rcc_ex.c ****     assert_param(IS_RCC_I2C1CLKSOURCE(PeriphClkInit->I2c1ClockSelection));
 254              		.loc 1 185 5 is_stmt 1 view .LVU73
 186:Drivers/STM32C0xx_HAL_Driver/Src/stm32c0xx_hal_rcc_ex.c **** 
 187:Drivers/STM32C0xx_HAL_Driver/Src/stm32c0xx_hal_rcc_ex.c ****     /* Configure the I2C1 clock source */
 188:Drivers/STM32C0xx_HAL_Driver/Src/stm32c0xx_hal_rcc_ex.c ****     __HAL_RCC_I2C1_CONFIG(PeriphClkInit->I2c1ClockSelection);
 255              		.loc 1 188 5 view .LVU74
 256 00ca 134A     		ldr	r2, .L27
 257 00cc 536D     		ldr	r3, [r2, #84]
 258 00ce 1749     		ldr	r1, .L27+20
 259 00d0 0B40     		ands	r3, r1
 260 00d2 E168     		ldr	r1, [r4, #12]
 261 00d4 0B43     		orrs	r3, r1
 262 00d6 5365     		str	r3, [r2, #84]
 263              	.L11:
 189:Drivers/STM32C0xx_HAL_Driver/Src/stm32c0xx_hal_rcc_ex.c ****   }
 190:Drivers/STM32C0xx_HAL_Driver/Src/stm32c0xx_hal_rcc_ex.c **** 
 191:Drivers/STM32C0xx_HAL_Driver/Src/stm32c0xx_hal_rcc_ex.c ****   /*-------------------------- ADC clock source configuration ----------------------*/
 192:Drivers/STM32C0xx_HAL_Driver/Src/stm32c0xx_hal_rcc_ex.c ****   if (((PeriphClkInit->PeriphClockSelection) & RCC_PERIPHCLK_ADC) == RCC_PERIPHCLK_ADC)
 264              		.loc 1 192 3 view .LVU75
 265              		.loc 1 192 22 is_stmt 0 view .LVU76
 266 00d8 2368     		ldr	r3, [r4]
 267              		.loc 1 192 6 view .LVU77
 268 00da 9B06     		lsls	r3, r3, #26
 269 00dc 06D5     		bpl	.L12
 193:Drivers/STM32C0xx_HAL_Driver/Src/stm32c0xx_hal_rcc_ex.c ****   {
 194:Drivers/STM32C0xx_HAL_Driver/Src/stm32c0xx_hal_rcc_ex.c ****     /* Check the parameters */
 195:Drivers/STM32C0xx_HAL_Driver/Src/stm32c0xx_hal_rcc_ex.c ****     assert_param(IS_RCC_ADCCLKSOURCE(PeriphClkInit->AdcClockSelection));
 270              		.loc 1 195 5 is_stmt 1 view .LVU78
 196:Drivers/STM32C0xx_HAL_Driver/Src/stm32c0xx_hal_rcc_ex.c **** 
 197:Drivers/STM32C0xx_HAL_Driver/Src/stm32c0xx_hal_rcc_ex.c ****     /* Configure the ADC interface clock source */
 198:Drivers/STM32C0xx_HAL_Driver/Src/stm32c0xx_hal_rcc_ex.c ****     __HAL_RCC_ADC_CONFIG(PeriphClkInit->AdcClockSelection);
 271              		.loc 1 198 5 view .LVU79
 272 00de 0E4A     		ldr	r2, .L27
 273 00e0 536D     		ldr	r3, [r2, #84]
 274 00e2 9B00     		lsls	r3, r3, #2
 275 00e4 9B08     		lsrs	r3, r3, #2
 276 00e6 6169     		ldr	r1, [r4, #20]
 277 00e8 0B43     		orrs	r3, r1
 278 00ea 5365     		str	r3, [r2, #84]
 279              	.L12:
 199:Drivers/STM32C0xx_HAL_Driver/Src/stm32c0xx_hal_rcc_ex.c **** 
 200:Drivers/STM32C0xx_HAL_Driver/Src/stm32c0xx_hal_rcc_ex.c ****   }
 201:Drivers/STM32C0xx_HAL_Driver/Src/stm32c0xx_hal_rcc_ex.c **** #if defined (USB_DRD_FS)
 202:Drivers/STM32C0xx_HAL_Driver/Src/stm32c0xx_hal_rcc_ex.c ****   /*-------------------------- USB clock source configuration ----------------*/
 203:Drivers/STM32C0xx_HAL_Driver/Src/stm32c0xx_hal_rcc_ex.c ****   if (((PeriphClkInit->PeriphClockSelection) & RCC_PERIPHCLK_USB) == RCC_PERIPHCLK_USB)
 204:Drivers/STM32C0xx_HAL_Driver/Src/stm32c0xx_hal_rcc_ex.c ****   {
 205:Drivers/STM32C0xx_HAL_Driver/Src/stm32c0xx_hal_rcc_ex.c ****     /* Check the parameters */
 206:Drivers/STM32C0xx_HAL_Driver/Src/stm32c0xx_hal_rcc_ex.c ****     assert_param(IS_RCC_USBCLKSOURCE(PeriphClkInit->UsbClockSelection));
 207:Drivers/STM32C0xx_HAL_Driver/Src/stm32c0xx_hal_rcc_ex.c **** 
 208:Drivers/STM32C0xx_HAL_Driver/Src/stm32c0xx_hal_rcc_ex.c ****     /* Configure the USB clock source */
 209:Drivers/STM32C0xx_HAL_Driver/Src/stm32c0xx_hal_rcc_ex.c ****     __HAL_RCC_USB_CONFIG(PeriphClkInit->UsbClockSelection);
 210:Drivers/STM32C0xx_HAL_Driver/Src/stm32c0xx_hal_rcc_ex.c **** 
 211:Drivers/STM32C0xx_HAL_Driver/Src/stm32c0xx_hal_rcc_ex.c ****   }
 212:Drivers/STM32C0xx_HAL_Driver/Src/stm32c0xx_hal_rcc_ex.c **** #endif /* USB_DRD_FS */
 213:Drivers/STM32C0xx_HAL_Driver/Src/stm32c0xx_hal_rcc_ex.c **** #if defined (FDCAN1)
 214:Drivers/STM32C0xx_HAL_Driver/Src/stm32c0xx_hal_rcc_ex.c ****   /*-------------------------- FDCAN1 clock source configuration ----------------*/
 215:Drivers/STM32C0xx_HAL_Driver/Src/stm32c0xx_hal_rcc_ex.c ****   if (((PeriphClkInit->PeriphClockSelection) & RCC_PERIPHCLK_FDCAN1) == RCC_PERIPHCLK_FDCAN1)
ARM GAS  C:\Users\amosd\AppData\Local\Temp\ccyPxSjF.s 			page 10


 216:Drivers/STM32C0xx_HAL_Driver/Src/stm32c0xx_hal_rcc_ex.c ****   {
 217:Drivers/STM32C0xx_HAL_Driver/Src/stm32c0xx_hal_rcc_ex.c ****     /* Check the parameters */
 218:Drivers/STM32C0xx_HAL_Driver/Src/stm32c0xx_hal_rcc_ex.c ****     assert_param(IS_RCC_FDCAN1CLKSOURCE(PeriphClkInit->Fdcan1ClockSelection));
 219:Drivers/STM32C0xx_HAL_Driver/Src/stm32c0xx_hal_rcc_ex.c **** 
 220:Drivers/STM32C0xx_HAL_Driver/Src/stm32c0xx_hal_rcc_ex.c ****     /* Configure the FDCAN1 clock source */
 221:Drivers/STM32C0xx_HAL_Driver/Src/stm32c0xx_hal_rcc_ex.c ****     __HAL_RCC_FDCAN1_CONFIG(PeriphClkInit->Fdcan1ClockSelection);
 222:Drivers/STM32C0xx_HAL_Driver/Src/stm32c0xx_hal_rcc_ex.c **** 
 223:Drivers/STM32C0xx_HAL_Driver/Src/stm32c0xx_hal_rcc_ex.c ****   }
 224:Drivers/STM32C0xx_HAL_Driver/Src/stm32c0xx_hal_rcc_ex.c **** #endif /* FDCAN1 */
 225:Drivers/STM32C0xx_HAL_Driver/Src/stm32c0xx_hal_rcc_ex.c ****   /*-------------------------- I2S1 clock source configuration ---------------------*/
 226:Drivers/STM32C0xx_HAL_Driver/Src/stm32c0xx_hal_rcc_ex.c ****   if (((PeriphClkInit->PeriphClockSelection) & RCC_PERIPHCLK_I2S1) == RCC_PERIPHCLK_I2S1)
 280              		.loc 1 226 3 view .LVU80
 281              		.loc 1 226 22 is_stmt 0 view .LVU81
 282 00ec 2368     		ldr	r3, [r4]
 283              		.loc 1 226 6 view .LVU82
 284 00ee 5B07     		lsls	r3, r3, #29
 285 00f0 06D5     		bpl	.L13
 227:Drivers/STM32C0xx_HAL_Driver/Src/stm32c0xx_hal_rcc_ex.c ****   {
 228:Drivers/STM32C0xx_HAL_Driver/Src/stm32c0xx_hal_rcc_ex.c ****     /* Check the parameters */
 229:Drivers/STM32C0xx_HAL_Driver/Src/stm32c0xx_hal_rcc_ex.c ****     assert_param(IS_RCC_I2S1CLKSOURCE(PeriphClkInit->I2s1ClockSelection));
 286              		.loc 1 229 5 is_stmt 1 view .LVU83
 230:Drivers/STM32C0xx_HAL_Driver/Src/stm32c0xx_hal_rcc_ex.c **** 
 231:Drivers/STM32C0xx_HAL_Driver/Src/stm32c0xx_hal_rcc_ex.c ****     /* Configure the I2S1 clock source */
 232:Drivers/STM32C0xx_HAL_Driver/Src/stm32c0xx_hal_rcc_ex.c ****     __HAL_RCC_I2S1_CONFIG(PeriphClkInit->I2s1ClockSelection);
 287              		.loc 1 232 5 view .LVU84
 288 00f2 094A     		ldr	r2, .L27
 289 00f4 536D     		ldr	r3, [r2, #84]
 290 00f6 0E49     		ldr	r1, .L27+24
 291 00f8 0B40     		ands	r3, r1
 292 00fa 2169     		ldr	r1, [r4, #16]
 293 00fc 0B43     		orrs	r3, r1
 294 00fe 5365     		str	r3, [r2, #84]
 295              	.L13:
 233:Drivers/STM32C0xx_HAL_Driver/Src/stm32c0xx_hal_rcc_ex.c ****   }
 234:Drivers/STM32C0xx_HAL_Driver/Src/stm32c0xx_hal_rcc_ex.c ****   /*------------------------------------ HSI Kernel clock source configuration --------------------
 235:Drivers/STM32C0xx_HAL_Driver/Src/stm32c0xx_hal_rcc_ex.c ****   if (((PeriphClkInit->PeriphClockSelection) & RCC_PERIPHCLK_HSIKER) == RCC_PERIPHCLK_HSIKER)
 296              		.loc 1 235 3 view .LVU85
 297              		.loc 1 235 22 is_stmt 0 view .LVU86
 298 0100 2368     		ldr	r3, [r4]
 299              		.loc 1 235 6 view .LVU87
 300 0102 1B06     		lsls	r3, r3, #24
 301 0104 06D5     		bpl	.L14
 236:Drivers/STM32C0xx_HAL_Driver/Src/stm32c0xx_hal_rcc_ex.c ****   {
 237:Drivers/STM32C0xx_HAL_Driver/Src/stm32c0xx_hal_rcc_ex.c ****     /* Check the parameters */
 238:Drivers/STM32C0xx_HAL_Driver/Src/stm32c0xx_hal_rcc_ex.c ****     assert_param(IS_RCC_HSIKERDIV(PeriphClkInit->HSIKerClockDivider));
 302              		.loc 1 238 5 is_stmt 1 view .LVU88
 239:Drivers/STM32C0xx_HAL_Driver/Src/stm32c0xx_hal_rcc_ex.c **** 
 240:Drivers/STM32C0xx_HAL_Driver/Src/stm32c0xx_hal_rcc_ex.c ****     /* Configure the HSI Kernel clock source Divider */
 241:Drivers/STM32C0xx_HAL_Driver/Src/stm32c0xx_hal_rcc_ex.c ****     __HAL_RCC_HSIKER_CONFIG(PeriphClkInit->HSIKerClockDivider);
 303              		.loc 1 241 5 view .LVU89
 304 0106 044A     		ldr	r2, .L27
 305 0108 1368     		ldr	r3, [r2]
 306 010a E021     		movs	r1, #224
 307 010c 8B43     		bics	r3, r1
 308 010e 6168     		ldr	r1, [r4, #4]
 309 0110 0B43     		orrs	r3, r1
 310 0112 1360     		str	r3, [r2]
ARM GAS  C:\Users\amosd\AppData\Local\Temp\ccyPxSjF.s 			page 11


 311              	.L14:
 242:Drivers/STM32C0xx_HAL_Driver/Src/stm32c0xx_hal_rcc_ex.c ****   }
 243:Drivers/STM32C0xx_HAL_Driver/Src/stm32c0xx_hal_rcc_ex.c ****   return status;
 312              		.loc 1 243 3 view .LVU90
 244:Drivers/STM32C0xx_HAL_Driver/Src/stm32c0xx_hal_rcc_ex.c **** }
 313              		.loc 1 244 1 is_stmt 0 view .LVU91
 314 0114 02B0     		add	sp, sp, #8
 315              		@ sp needed
 316              	.LVL21:
 317              		.loc 1 244 1 view .LVU92
 318 0116 70BD     		pop	{r4, r5, r6, pc}
 319              	.L28:
 320              		.align	2
 321              	.L27:
 322 0118 00100240 		.word	1073876992
 323 011c FFFCFFFF 		.word	-769
 324 0120 FFFFFEFF 		.word	-65537
 325 0124 FFFFFFEF 		.word	-268435457
 326 0128 88130000 		.word	5000
 327 012c FFCFFFFF 		.word	-12289
 328 0130 FF3FFFFF 		.word	-49153
 329              		.cfi_endproc
 330              	.LFE214:
 332              		.section	.text.HAL_RCCEx_GetPeriphCLKConfig,"ax",%progbits
 333              		.align	1
 334              		.global	HAL_RCCEx_GetPeriphCLKConfig
 335              		.syntax unified
 336              		.code	16
 337              		.thumb_func
 339              	HAL_RCCEx_GetPeriphCLKConfig:
 340              	.LVL22:
 341              	.LFB215:
 245:Drivers/STM32C0xx_HAL_Driver/Src/stm32c0xx_hal_rcc_ex.c **** 
 246:Drivers/STM32C0xx_HAL_Driver/Src/stm32c0xx_hal_rcc_ex.c **** /**
 247:Drivers/STM32C0xx_HAL_Driver/Src/stm32c0xx_hal_rcc_ex.c ****   * @brief  Get the RCC_ClkInitStruct according to the internal RCC configuration registers.
 248:Drivers/STM32C0xx_HAL_Driver/Src/stm32c0xx_hal_rcc_ex.c ****   * @param  PeriphClkInit pointer to an RCC_PeriphCLKInitTypeDef structure that
 249:Drivers/STM32C0xx_HAL_Driver/Src/stm32c0xx_hal_rcc_ex.c ****   *         returns the configuration information for the Extended Peripherals
 250:Drivers/STM32C0xx_HAL_Driver/Src/stm32c0xx_hal_rcc_ex.c ****   *         clocks: I2C1, I2S1, USART1, RTC, ADC,
 251:Drivers/STM32C0xx_HAL_Driver/Src/stm32c0xx_hal_rcc_ex.c ****   * @retval None
 252:Drivers/STM32C0xx_HAL_Driver/Src/stm32c0xx_hal_rcc_ex.c ****   */
 253:Drivers/STM32C0xx_HAL_Driver/Src/stm32c0xx_hal_rcc_ex.c **** void HAL_RCCEx_GetPeriphCLKConfig(RCC_PeriphCLKInitTypeDef  *PeriphClkInit)
 254:Drivers/STM32C0xx_HAL_Driver/Src/stm32c0xx_hal_rcc_ex.c **** {
 342              		.loc 1 254 1 is_stmt 1 view -0
 343              		.cfi_startproc
 344              		@ args = 0, pretend = 0, frame = 0
 345              		@ frame_needed = 0, uses_anonymous_args = 0
 346              		@ link register save eliminated.
 255:Drivers/STM32C0xx_HAL_Driver/Src/stm32c0xx_hal_rcc_ex.c ****   /* Set all possible values for the extended clock type parameter------------*/
 256:Drivers/STM32C0xx_HAL_Driver/Src/stm32c0xx_hal_rcc_ex.c ****   PeriphClkInit->PeriphClockSelection = RCC_PERIPHCLK_USART1 | RCC_PERIPHCLK_I2C1 | RCC_PERIPHCLK_I
 347              		.loc 1 256 3 view .LVU94
 348              		.loc 1 256 39 is_stmt 0 view .LVU95
 349 0000 E723     		movs	r3, #231
 350 0002 0360     		str	r3, [r0]
 257:Drivers/STM32C0xx_HAL_Driver/Src/stm32c0xx_hal_rcc_ex.c ****                                         RCC_PERIPHCLK_ADC    | RCC_PERIPHCLK_RTC  | RCC_PERIPHCLK_H
 258:Drivers/STM32C0xx_HAL_Driver/Src/stm32c0xx_hal_rcc_ex.c **** 
 259:Drivers/STM32C0xx_HAL_Driver/Src/stm32c0xx_hal_rcc_ex.c **** #if defined(USB_DRD_FS)
 260:Drivers/STM32C0xx_HAL_Driver/Src/stm32c0xx_hal_rcc_ex.c ****   PeriphClkInit->PeriphClockSelection |= RCC_PERIPHCLK_USB;
ARM GAS  C:\Users\amosd\AppData\Local\Temp\ccyPxSjF.s 			page 12


 261:Drivers/STM32C0xx_HAL_Driver/Src/stm32c0xx_hal_rcc_ex.c **** #endif /* USB_DRD_FS */
 262:Drivers/STM32C0xx_HAL_Driver/Src/stm32c0xx_hal_rcc_ex.c **** #if defined(FDCAN1)
 263:Drivers/STM32C0xx_HAL_Driver/Src/stm32c0xx_hal_rcc_ex.c ****   PeriphClkInit->PeriphClockSelection |= RCC_PERIPHCLK_FDCAN1;
 264:Drivers/STM32C0xx_HAL_Driver/Src/stm32c0xx_hal_rcc_ex.c **** #endif /* FDCAN1 */
 265:Drivers/STM32C0xx_HAL_Driver/Src/stm32c0xx_hal_rcc_ex.c ****   /* Get the USART1 clock source ---------------------------------------------*/
 266:Drivers/STM32C0xx_HAL_Driver/Src/stm32c0xx_hal_rcc_ex.c ****   PeriphClkInit->Usart1ClockSelection  = __HAL_RCC_GET_USART1_SOURCE();
 351              		.loc 1 266 3 is_stmt 1 view .LVU96
 352              		.loc 1 266 42 is_stmt 0 view .LVU97
 353 0004 0E4B     		ldr	r3, .L30
 354 0006 596D     		ldr	r1, [r3, #84]
 355 0008 0322     		movs	r2, #3
 356 000a 0A40     		ands	r2, r1
 357              		.loc 1 266 40 view .LVU98
 358 000c 8260     		str	r2, [r0, #8]
 267:Drivers/STM32C0xx_HAL_Driver/Src/stm32c0xx_hal_rcc_ex.c **** 
 268:Drivers/STM32C0xx_HAL_Driver/Src/stm32c0xx_hal_rcc_ex.c ****   /* Get the I2C1 clock source -----------------------------------------------*/
 269:Drivers/STM32C0xx_HAL_Driver/Src/stm32c0xx_hal_rcc_ex.c ****   PeriphClkInit->I2c1ClockSelection    = __HAL_RCC_GET_I2C1_SOURCE();
 359              		.loc 1 269 3 is_stmt 1 view .LVU99
 360              		.loc 1 269 42 is_stmt 0 view .LVU100
 361 000e 5A6D     		ldr	r2, [r3, #84]
 362 0010 C021     		movs	r1, #192
 363 0012 8901     		lsls	r1, r1, #6
 364 0014 0A40     		ands	r2, r1
 365              		.loc 1 269 40 view .LVU101
 366 0016 C260     		str	r2, [r0, #12]
 270:Drivers/STM32C0xx_HAL_Driver/Src/stm32c0xx_hal_rcc_ex.c **** 
 271:Drivers/STM32C0xx_HAL_Driver/Src/stm32c0xx_hal_rcc_ex.c ****   /* Get the RTC clock source ------------------------------------------------*/
 272:Drivers/STM32C0xx_HAL_Driver/Src/stm32c0xx_hal_rcc_ex.c ****   PeriphClkInit->RTCClockSelection     = __HAL_RCC_GET_RTC_SOURCE();
 367              		.loc 1 272 3 is_stmt 1 view .LVU102
 368              		.loc 1 272 42 is_stmt 0 view .LVU103
 369 0018 DA6D     		ldr	r2, [r3, #92]
 370 001a C021     		movs	r1, #192
 371 001c 8900     		lsls	r1, r1, #2
 372 001e 0A40     		ands	r2, r1
 373              		.loc 1 272 40 view .LVU104
 374 0020 8261     		str	r2, [r0, #24]
 273:Drivers/STM32C0xx_HAL_Driver/Src/stm32c0xx_hal_rcc_ex.c **** 
 274:Drivers/STM32C0xx_HAL_Driver/Src/stm32c0xx_hal_rcc_ex.c ****   /* Get the ADC clock source -----------------------------------------------*/
 275:Drivers/STM32C0xx_HAL_Driver/Src/stm32c0xx_hal_rcc_ex.c ****   PeriphClkInit->AdcClockSelection     = __HAL_RCC_GET_ADC_SOURCE();
 375              		.loc 1 275 3 is_stmt 1 view .LVU105
 376              		.loc 1 275 42 is_stmt 0 view .LVU106
 377 0022 5A6D     		ldr	r2, [r3, #84]
 378 0024 920F     		lsrs	r2, r2, #30
 379 0026 9207     		lsls	r2, r2, #30
 380              		.loc 1 275 40 view .LVU107
 381 0028 4261     		str	r2, [r0, #20]
 276:Drivers/STM32C0xx_HAL_Driver/Src/stm32c0xx_hal_rcc_ex.c **** 
 277:Drivers/STM32C0xx_HAL_Driver/Src/stm32c0xx_hal_rcc_ex.c **** #if defined (USB_DRD_FS)
 278:Drivers/STM32C0xx_HAL_Driver/Src/stm32c0xx_hal_rcc_ex.c ****   /* Get the USB clock source -------------------------------------------------*/
 279:Drivers/STM32C0xx_HAL_Driver/Src/stm32c0xx_hal_rcc_ex.c ****   PeriphClkInit->UsbClockSelection     = __HAL_RCC_GET_USB_SOURCE();
 280:Drivers/STM32C0xx_HAL_Driver/Src/stm32c0xx_hal_rcc_ex.c **** #endif /* USB_DRD_FS */
 281:Drivers/STM32C0xx_HAL_Driver/Src/stm32c0xx_hal_rcc_ex.c **** 
 282:Drivers/STM32C0xx_HAL_Driver/Src/stm32c0xx_hal_rcc_ex.c **** #if defined (FDCAN1)
 283:Drivers/STM32C0xx_HAL_Driver/Src/stm32c0xx_hal_rcc_ex.c ****   /* Get the FDCAN1 clock source -------------------------------------------------*/
 284:Drivers/STM32C0xx_HAL_Driver/Src/stm32c0xx_hal_rcc_ex.c ****   PeriphClkInit->Fdcan1ClockSelection     = __HAL_RCC_GET_FDCAN1_SOURCE();
 285:Drivers/STM32C0xx_HAL_Driver/Src/stm32c0xx_hal_rcc_ex.c **** #endif /* FDCAN1 */
 286:Drivers/STM32C0xx_HAL_Driver/Src/stm32c0xx_hal_rcc_ex.c **** 
ARM GAS  C:\Users\amosd\AppData\Local\Temp\ccyPxSjF.s 			page 13


 287:Drivers/STM32C0xx_HAL_Driver/Src/stm32c0xx_hal_rcc_ex.c ****   /* Get the I2S1 clock source -----------------------------------------------*/
 288:Drivers/STM32C0xx_HAL_Driver/Src/stm32c0xx_hal_rcc_ex.c ****   PeriphClkInit->I2s1ClockSelection    = __HAL_RCC_GET_I2S1_SOURCE();
 382              		.loc 1 288 3 is_stmt 1 view .LVU108
 383              		.loc 1 288 42 is_stmt 0 view .LVU109
 384 002a 5A6D     		ldr	r2, [r3, #84]
 385 002c C021     		movs	r1, #192
 386 002e 0902     		lsls	r1, r1, #8
 387 0030 0A40     		ands	r2, r1
 388              		.loc 1 288 40 view .LVU110
 389 0032 0261     		str	r2, [r0, #16]
 289:Drivers/STM32C0xx_HAL_Driver/Src/stm32c0xx_hal_rcc_ex.c **** 
 290:Drivers/STM32C0xx_HAL_Driver/Src/stm32c0xx_hal_rcc_ex.c ****   /* Get the HSI Kernel clock divider -----------------------------------------------*/
 291:Drivers/STM32C0xx_HAL_Driver/Src/stm32c0xx_hal_rcc_ex.c ****   PeriphClkInit->HSIKerClockDivider    = __HAL_RCC_GET_HSIKER_DIVIDER();
 390              		.loc 1 291 3 is_stmt 1 view .LVU111
 391              		.loc 1 291 42 is_stmt 0 view .LVU112
 392 0034 1A68     		ldr	r2, [r3]
 393 0036 E023     		movs	r3, #224
 394 0038 1340     		ands	r3, r2
 395              		.loc 1 291 40 view .LVU113
 396 003a 4360     		str	r3, [r0, #4]
 292:Drivers/STM32C0xx_HAL_Driver/Src/stm32c0xx_hal_rcc_ex.c **** }
 397              		.loc 1 292 1 view .LVU114
 398              		@ sp needed
 399 003c 7047     		bx	lr
 400              	.L31:
 401 003e C046     		.align	2
 402              	.L30:
 403 0040 00100240 		.word	1073876992
 404              		.cfi_endproc
 405              	.LFE215:
 407              		.section	.text.HAL_RCCEx_GetPeriphCLKFreq,"ax",%progbits
 408              		.align	1
 409              		.global	HAL_RCCEx_GetPeriphCLKFreq
 410              		.syntax unified
 411              		.code	16
 412              		.thumb_func
 414              	HAL_RCCEx_GetPeriphCLKFreq:
 415              	.LVL23:
 416              	.LFB216:
 293:Drivers/STM32C0xx_HAL_Driver/Src/stm32c0xx_hal_rcc_ex.c **** 
 294:Drivers/STM32C0xx_HAL_Driver/Src/stm32c0xx_hal_rcc_ex.c **** /**
 295:Drivers/STM32C0xx_HAL_Driver/Src/stm32c0xx_hal_rcc_ex.c ****   * @brief  Return the peripheral clock frequency for peripherals
 296:Drivers/STM32C0xx_HAL_Driver/Src/stm32c0xx_hal_rcc_ex.c ****   * @note   Return 0 if peripheral clock identifier not managed by this API
 297:Drivers/STM32C0xx_HAL_Driver/Src/stm32c0xx_hal_rcc_ex.c ****   * @param  PeriphClk  Peripheral clock identifier
 298:Drivers/STM32C0xx_HAL_Driver/Src/stm32c0xx_hal_rcc_ex.c ****   *         This parameter can be one of the following values:
 299:Drivers/STM32C0xx_HAL_Driver/Src/stm32c0xx_hal_rcc_ex.c ****   *            @arg @ref RCC_PERIPHCLK_RTC     RTC peripheral clock
 300:Drivers/STM32C0xx_HAL_Driver/Src/stm32c0xx_hal_rcc_ex.c ****   *            @arg @ref RCC_PERIPHCLK_ADC     ADC peripheral clock
 301:Drivers/STM32C0xx_HAL_Driver/Src/stm32c0xx_hal_rcc_ex.c ****   *            @arg @ref RCC_PERIPHCLK_I2C1    I2C1 peripheral clock
 302:Drivers/STM32C0xx_HAL_Driver/Src/stm32c0xx_hal_rcc_ex.c ****   *            @arg @ref RCC_PERIPHCLK_I2S1    I2S1 peripheral clock
 303:Drivers/STM32C0xx_HAL_Driver/Src/stm32c0xx_hal_rcc_ex.c ****   *            @arg @ref RCC_PERIPHCLK_USART1  USART1 peripheral clock
 304:Drivers/STM32C0xx_HAL_Driver/Src/stm32c0xx_hal_rcc_ex.c ****   *            @arg @ref RCC_PERIPHCLK_USB     USB peripheral clock (*)
 305:Drivers/STM32C0xx_HAL_Driver/Src/stm32c0xx_hal_rcc_ex.c ****   *            @arg @ref RCC_PERIPHCLK_FDCAN1  FDCAN1 peripheral clock (*)
 306:Drivers/STM32C0xx_HAL_Driver/Src/stm32c0xx_hal_rcc_ex.c ****   * @note (*) not available on all devices
 307:Drivers/STM32C0xx_HAL_Driver/Src/stm32c0xx_hal_rcc_ex.c ****   * @retval Frequency in Hz
 308:Drivers/STM32C0xx_HAL_Driver/Src/stm32c0xx_hal_rcc_ex.c ****   */
 309:Drivers/STM32C0xx_HAL_Driver/Src/stm32c0xx_hal_rcc_ex.c **** uint32_t HAL_RCCEx_GetPeriphCLKFreq(uint32_t PeriphClk)
 310:Drivers/STM32C0xx_HAL_Driver/Src/stm32c0xx_hal_rcc_ex.c **** {
ARM GAS  C:\Users\amosd\AppData\Local\Temp\ccyPxSjF.s 			page 14


 417              		.loc 1 310 1 is_stmt 1 view -0
 418              		.cfi_startproc
 419              		@ args = 0, pretend = 0, frame = 0
 420              		@ frame_needed = 0, uses_anonymous_args = 0
 421              		.loc 1 310 1 is_stmt 0 view .LVU116
 422 0000 10B5     		push	{r4, lr}
 423              	.LCFI2:
 424              		.cfi_def_cfa_offset 8
 425              		.cfi_offset 4, -8
 426              		.cfi_offset 14, -4
 311:Drivers/STM32C0xx_HAL_Driver/Src/stm32c0xx_hal_rcc_ex.c ****   uint32_t frequency = 0U;
 427              		.loc 1 311 3 is_stmt 1 view .LVU117
 428              	.LVL24:
 312:Drivers/STM32C0xx_HAL_Driver/Src/stm32c0xx_hal_rcc_ex.c ****   uint32_t srcclk;
 429              		.loc 1 312 3 view .LVU118
 313:Drivers/STM32C0xx_HAL_Driver/Src/stm32c0xx_hal_rcc_ex.c **** 
 314:Drivers/STM32C0xx_HAL_Driver/Src/stm32c0xx_hal_rcc_ex.c ****   /* Check the parameters */
 315:Drivers/STM32C0xx_HAL_Driver/Src/stm32c0xx_hal_rcc_ex.c ****   assert_param(IS_RCC_PERIPHCLOCK(PeriphClk));
 430              		.loc 1 315 3 view .LVU119
 316:Drivers/STM32C0xx_HAL_Driver/Src/stm32c0xx_hal_rcc_ex.c **** 
 317:Drivers/STM32C0xx_HAL_Driver/Src/stm32c0xx_hal_rcc_ex.c ****   if (PeriphClk == RCC_PERIPHCLK_RTC)
 431              		.loc 1 317 3 view .LVU120
 432              		.loc 1 317 6 is_stmt 0 view .LVU121
 433 0002 4028     		cmp	r0, #64
 434 0004 24D0     		beq	.L61
 318:Drivers/STM32C0xx_HAL_Driver/Src/stm32c0xx_hal_rcc_ex.c ****   {
 319:Drivers/STM32C0xx_HAL_Driver/Src/stm32c0xx_hal_rcc_ex.c ****     /* Get the current RTC source */
 320:Drivers/STM32C0xx_HAL_Driver/Src/stm32c0xx_hal_rcc_ex.c ****     srcclk = __HAL_RCC_GET_RTC_SOURCE();
 321:Drivers/STM32C0xx_HAL_Driver/Src/stm32c0xx_hal_rcc_ex.c **** 
 322:Drivers/STM32C0xx_HAL_Driver/Src/stm32c0xx_hal_rcc_ex.c ****     /* Check if LSE is ready and if RTC clock selection is LSE */
 323:Drivers/STM32C0xx_HAL_Driver/Src/stm32c0xx_hal_rcc_ex.c ****     if ((HAL_IS_BIT_SET(RCC->CSR1, RCC_CSR1_LSERDY)) && (srcclk == RCC_RTCCLKSOURCE_LSE))
 324:Drivers/STM32C0xx_HAL_Driver/Src/stm32c0xx_hal_rcc_ex.c ****     {
 325:Drivers/STM32C0xx_HAL_Driver/Src/stm32c0xx_hal_rcc_ex.c ****       frequency = LSE_VALUE;
 326:Drivers/STM32C0xx_HAL_Driver/Src/stm32c0xx_hal_rcc_ex.c ****     }
 327:Drivers/STM32C0xx_HAL_Driver/Src/stm32c0xx_hal_rcc_ex.c ****     /* Check if LSI is ready and if RTC clock selection is LSI */
 328:Drivers/STM32C0xx_HAL_Driver/Src/stm32c0xx_hal_rcc_ex.c ****     else if ((HAL_IS_BIT_SET(RCC->CSR2, RCC_CSR2_LSIRDY)) && (srcclk == RCC_RTCCLKSOURCE_LSI))
 329:Drivers/STM32C0xx_HAL_Driver/Src/stm32c0xx_hal_rcc_ex.c ****     {
 330:Drivers/STM32C0xx_HAL_Driver/Src/stm32c0xx_hal_rcc_ex.c ****       frequency = LSI_VALUE;
 331:Drivers/STM32C0xx_HAL_Driver/Src/stm32c0xx_hal_rcc_ex.c ****     }
 332:Drivers/STM32C0xx_HAL_Driver/Src/stm32c0xx_hal_rcc_ex.c ****     /* Check if HSE is ready  and if RTC clock selection is HSI_DIV32*/
 333:Drivers/STM32C0xx_HAL_Driver/Src/stm32c0xx_hal_rcc_ex.c ****     else if ((HAL_IS_BIT_SET(RCC->CR, RCC_CR_HSERDY)) && (srcclk == RCC_RTCCLKSOURCE_HSE_DIV32))
 334:Drivers/STM32C0xx_HAL_Driver/Src/stm32c0xx_hal_rcc_ex.c ****     {
 335:Drivers/STM32C0xx_HAL_Driver/Src/stm32c0xx_hal_rcc_ex.c ****       frequency = HSE_VALUE / 32U;
 336:Drivers/STM32C0xx_HAL_Driver/Src/stm32c0xx_hal_rcc_ex.c ****     }
 337:Drivers/STM32C0xx_HAL_Driver/Src/stm32c0xx_hal_rcc_ex.c ****     /* Clock not enabled for RTC*/
 338:Drivers/STM32C0xx_HAL_Driver/Src/stm32c0xx_hal_rcc_ex.c ****     else
 339:Drivers/STM32C0xx_HAL_Driver/Src/stm32c0xx_hal_rcc_ex.c ****     {
 340:Drivers/STM32C0xx_HAL_Driver/Src/stm32c0xx_hal_rcc_ex.c ****       /* Nothing to do as frequency already initialized to 0U */
 341:Drivers/STM32C0xx_HAL_Driver/Src/stm32c0xx_hal_rcc_ex.c ****     }
 342:Drivers/STM32C0xx_HAL_Driver/Src/stm32c0xx_hal_rcc_ex.c ****   }
 343:Drivers/STM32C0xx_HAL_Driver/Src/stm32c0xx_hal_rcc_ex.c ****   else
 344:Drivers/STM32C0xx_HAL_Driver/Src/stm32c0xx_hal_rcc_ex.c ****   {
 345:Drivers/STM32C0xx_HAL_Driver/Src/stm32c0xx_hal_rcc_ex.c ****     /* Other external peripheral clock source than RTC */
 346:Drivers/STM32C0xx_HAL_Driver/Src/stm32c0xx_hal_rcc_ex.c **** 
 347:Drivers/STM32C0xx_HAL_Driver/Src/stm32c0xx_hal_rcc_ex.c ****     switch (PeriphClk)
 435              		.loc 1 347 5 is_stmt 1 view .LVU122
 436 0006 0428     		cmp	r0, #4
ARM GAS  C:\Users\amosd\AppData\Local\Temp\ccyPxSjF.s 			page 15


 437 0008 00D1     		bne	.LCB402
 438 000a A7E0     		b	.L37	@long jump
 439              	.LCB402:
 440 000c 47D8     		bhi	.L38
 441 000e 0128     		cmp	r0, #1
 442 0010 5DD0     		beq	.L39
 443 0012 0228     		cmp	r0, #2
 444 0014 41D1     		bne	.L62
 348:Drivers/STM32C0xx_HAL_Driver/Src/stm32c0xx_hal_rcc_ex.c ****     {
 349:Drivers/STM32C0xx_HAL_Driver/Src/stm32c0xx_hal_rcc_ex.c **** 
 350:Drivers/STM32C0xx_HAL_Driver/Src/stm32c0xx_hal_rcc_ex.c ****       case RCC_PERIPHCLK_USART1:
 351:Drivers/STM32C0xx_HAL_Driver/Src/stm32c0xx_hal_rcc_ex.c ****         /* Get the current USART1 source */
 352:Drivers/STM32C0xx_HAL_Driver/Src/stm32c0xx_hal_rcc_ex.c ****         srcclk = __HAL_RCC_GET_USART1_SOURCE();
 353:Drivers/STM32C0xx_HAL_Driver/Src/stm32c0xx_hal_rcc_ex.c **** 
 354:Drivers/STM32C0xx_HAL_Driver/Src/stm32c0xx_hal_rcc_ex.c ****         if (srcclk == RCC_USART1CLKSOURCE_PCLK1)            /* PCLK1 */
 355:Drivers/STM32C0xx_HAL_Driver/Src/stm32c0xx_hal_rcc_ex.c ****         {
 356:Drivers/STM32C0xx_HAL_Driver/Src/stm32c0xx_hal_rcc_ex.c ****           frequency = HAL_RCC_GetPCLK1Freq();
 357:Drivers/STM32C0xx_HAL_Driver/Src/stm32c0xx_hal_rcc_ex.c ****         }
 358:Drivers/STM32C0xx_HAL_Driver/Src/stm32c0xx_hal_rcc_ex.c ****         else if (srcclk == RCC_USART1CLKSOURCE_SYSCLK)     /* SYSCLK  */
 359:Drivers/STM32C0xx_HAL_Driver/Src/stm32c0xx_hal_rcc_ex.c ****         {
 360:Drivers/STM32C0xx_HAL_Driver/Src/stm32c0xx_hal_rcc_ex.c ****           frequency = HAL_RCC_GetSysClockFreq();
 361:Drivers/STM32C0xx_HAL_Driver/Src/stm32c0xx_hal_rcc_ex.c ****         }
 362:Drivers/STM32C0xx_HAL_Driver/Src/stm32c0xx_hal_rcc_ex.c ****         else if ((HAL_IS_BIT_SET(RCC->CR, RCC_CR_HSIRDY)) && (srcclk == RCC_USART1CLKSOURCE_HSIKER)
 363:Drivers/STM32C0xx_HAL_Driver/Src/stm32c0xx_hal_rcc_ex.c ****         {
 364:Drivers/STM32C0xx_HAL_Driver/Src/stm32c0xx_hal_rcc_ex.c ****           frequency = (HSI_VALUE / ((__HAL_RCC_GET_HSIKER_DIVIDER() >> RCC_CR_HSIKERDIV_Pos) + 1U))
 365:Drivers/STM32C0xx_HAL_Driver/Src/stm32c0xx_hal_rcc_ex.c ****         }
 366:Drivers/STM32C0xx_HAL_Driver/Src/stm32c0xx_hal_rcc_ex.c ****         else if ((HAL_IS_BIT_SET(RCC->CSR1, RCC_CSR1_LSERDY)) && (srcclk == RCC_USART1CLKSOURCE_LSE
 367:Drivers/STM32C0xx_HAL_Driver/Src/stm32c0xx_hal_rcc_ex.c ****         {
 368:Drivers/STM32C0xx_HAL_Driver/Src/stm32c0xx_hal_rcc_ex.c ****           frequency = LSE_VALUE;
 369:Drivers/STM32C0xx_HAL_Driver/Src/stm32c0xx_hal_rcc_ex.c ****         }
 370:Drivers/STM32C0xx_HAL_Driver/Src/stm32c0xx_hal_rcc_ex.c ****         /* Clock not enabled for USART1 */
 371:Drivers/STM32C0xx_HAL_Driver/Src/stm32c0xx_hal_rcc_ex.c ****         else
 372:Drivers/STM32C0xx_HAL_Driver/Src/stm32c0xx_hal_rcc_ex.c ****         {
 373:Drivers/STM32C0xx_HAL_Driver/Src/stm32c0xx_hal_rcc_ex.c ****           /* Nothing to do as frequency already initialized to 0U */
 374:Drivers/STM32C0xx_HAL_Driver/Src/stm32c0xx_hal_rcc_ex.c ****         }
 375:Drivers/STM32C0xx_HAL_Driver/Src/stm32c0xx_hal_rcc_ex.c ****         break;
 376:Drivers/STM32C0xx_HAL_Driver/Src/stm32c0xx_hal_rcc_ex.c **** 
 377:Drivers/STM32C0xx_HAL_Driver/Src/stm32c0xx_hal_rcc_ex.c ****       case RCC_PERIPHCLK_ADC:
 378:Drivers/STM32C0xx_HAL_Driver/Src/stm32c0xx_hal_rcc_ex.c **** 
 379:Drivers/STM32C0xx_HAL_Driver/Src/stm32c0xx_hal_rcc_ex.c ****         srcclk = __HAL_RCC_GET_ADC_SOURCE();
 380:Drivers/STM32C0xx_HAL_Driver/Src/stm32c0xx_hal_rcc_ex.c **** 
 381:Drivers/STM32C0xx_HAL_Driver/Src/stm32c0xx_hal_rcc_ex.c ****         if (srcclk == RCC_ADCCLKSOURCE_SYSCLK)
 382:Drivers/STM32C0xx_HAL_Driver/Src/stm32c0xx_hal_rcc_ex.c ****         {
 383:Drivers/STM32C0xx_HAL_Driver/Src/stm32c0xx_hal_rcc_ex.c ****           frequency = HAL_RCC_GetSysClockFreq();
 384:Drivers/STM32C0xx_HAL_Driver/Src/stm32c0xx_hal_rcc_ex.c ****         }
 385:Drivers/STM32C0xx_HAL_Driver/Src/stm32c0xx_hal_rcc_ex.c ****         else if ((HAL_IS_BIT_SET(RCC->CR, RCC_CR_HSIRDY)) && (srcclk == RCC_ADCCLKSOURCE_HSIKER))
 386:Drivers/STM32C0xx_HAL_Driver/Src/stm32c0xx_hal_rcc_ex.c ****         {
 387:Drivers/STM32C0xx_HAL_Driver/Src/stm32c0xx_hal_rcc_ex.c ****           frequency = (HSI_VALUE / ((__HAL_RCC_GET_HSIKER_DIVIDER() >> RCC_CR_HSIKERDIV_Pos) + 1U))
 388:Drivers/STM32C0xx_HAL_Driver/Src/stm32c0xx_hal_rcc_ex.c ****         }
 389:Drivers/STM32C0xx_HAL_Driver/Src/stm32c0xx_hal_rcc_ex.c ****         /* Clock not enabled for ADC */
 390:Drivers/STM32C0xx_HAL_Driver/Src/stm32c0xx_hal_rcc_ex.c ****         else
 391:Drivers/STM32C0xx_HAL_Driver/Src/stm32c0xx_hal_rcc_ex.c ****         {
 392:Drivers/STM32C0xx_HAL_Driver/Src/stm32c0xx_hal_rcc_ex.c ****           /* Nothing to do as frequency already initialized to 0U */
 393:Drivers/STM32C0xx_HAL_Driver/Src/stm32c0xx_hal_rcc_ex.c ****         }
 394:Drivers/STM32C0xx_HAL_Driver/Src/stm32c0xx_hal_rcc_ex.c ****         break;
 395:Drivers/STM32C0xx_HAL_Driver/Src/stm32c0xx_hal_rcc_ex.c **** 
 396:Drivers/STM32C0xx_HAL_Driver/Src/stm32c0xx_hal_rcc_ex.c ****       case RCC_PERIPHCLK_I2C1:
ARM GAS  C:\Users\amosd\AppData\Local\Temp\ccyPxSjF.s 			page 16


 397:Drivers/STM32C0xx_HAL_Driver/Src/stm32c0xx_hal_rcc_ex.c ****         /* Get the current I2C1 source */
 398:Drivers/STM32C0xx_HAL_Driver/Src/stm32c0xx_hal_rcc_ex.c ****         srcclk = __HAL_RCC_GET_I2C1_SOURCE();
 445              		.loc 1 398 9 view .LVU123
 446              		.loc 1 398 18 is_stmt 0 view .LVU124
 447 0016 694B     		ldr	r3, .L74
 448 0018 5A6D     		ldr	r2, [r3, #84]
 449              		.loc 1 398 16 view .LVU125
 450 001a C023     		movs	r3, #192
 451 001c 9B01     		lsls	r3, r3, #6
 452 001e 1100     		movs	r1, r2
 453 0020 1940     		ands	r1, r3
 454              	.LVL25:
 399:Drivers/STM32C0xx_HAL_Driver/Src/stm32c0xx_hal_rcc_ex.c **** 
 400:Drivers/STM32C0xx_HAL_Driver/Src/stm32c0xx_hal_rcc_ex.c ****         if (srcclk == RCC_I2C1CLKSOURCE_PCLK1)
 455              		.loc 1 400 9 is_stmt 1 view .LVU126
 456              		.loc 1 400 12 is_stmt 0 view .LVU127
 457 0022 1A42     		tst	r2, r3
 458 0024 00D1     		bne	.LCB419
 459 0026 89E0     		b	.L63	@long jump
 460              	.LCB419:
 401:Drivers/STM32C0xx_HAL_Driver/Src/stm32c0xx_hal_rcc_ex.c ****         {
 402:Drivers/STM32C0xx_HAL_Driver/Src/stm32c0xx_hal_rcc_ex.c ****           frequency = HAL_RCC_GetPCLK1Freq();
 403:Drivers/STM32C0xx_HAL_Driver/Src/stm32c0xx_hal_rcc_ex.c ****         }
 404:Drivers/STM32C0xx_HAL_Driver/Src/stm32c0xx_hal_rcc_ex.c ****         else if (srcclk == RCC_I2C1CLKSOURCE_SYSCLK)
 461              		.loc 1 404 14 is_stmt 1 view .LVU128
 462              		.loc 1 404 17 is_stmt 0 view .LVU129
 463 0028 8023     		movs	r3, #128
 464 002a 5B01     		lsls	r3, r3, #5
 465 002c 9942     		cmp	r1, r3
 466 002e 00D1     		bne	.LCB424
 467 0030 87E0     		b	.L64	@long jump
 468              	.LCB424:
 405:Drivers/STM32C0xx_HAL_Driver/Src/stm32c0xx_hal_rcc_ex.c ****         {
 406:Drivers/STM32C0xx_HAL_Driver/Src/stm32c0xx_hal_rcc_ex.c ****           frequency = HAL_RCC_GetSysClockFreq();
 407:Drivers/STM32C0xx_HAL_Driver/Src/stm32c0xx_hal_rcc_ex.c ****         }
 408:Drivers/STM32C0xx_HAL_Driver/Src/stm32c0xx_hal_rcc_ex.c ****         else if ((HAL_IS_BIT_SET(RCC->CR, RCC_CR_HSIRDY)) && (srcclk == RCC_I2C1CLKSOURCE_HSIKER))
 469              		.loc 1 408 14 is_stmt 1 view .LVU130
 470              		.loc 1 408 19 is_stmt 0 view .LVU131
 471 0032 624B     		ldr	r3, .L74
 472 0034 1A68     		ldr	r2, [r3]
 473 0036 8023     		movs	r3, #128
 474 0038 DB00     		lsls	r3, r3, #3
 475 003a 1000     		movs	r0, r2
 476              	.LVL26:
 477              		.loc 1 408 19 view .LVU132
 478 003c 1840     		ands	r0, r3
 479              		.loc 1 408 17 view .LVU133
 480 003e 1A42     		tst	r2, r3
 481 0040 2AD0     		beq	.L32
 482              		.loc 1 408 59 discriminator 1 view .LVU134
 483 0042 8023     		movs	r3, #128
 484 0044 9B01     		lsls	r3, r3, #6
 485 0046 9942     		cmp	r1, r3
 486 0048 00D1     		bne	.LCB438
 487 004a 7DE0     		b	.L65	@long jump
 488              	.LCB438:
 311:Drivers/STM32C0xx_HAL_Driver/Src/stm32c0xx_hal_rcc_ex.c ****   uint32_t srcclk;
ARM GAS  C:\Users\amosd\AppData\Local\Temp\ccyPxSjF.s 			page 17


 489              		.loc 1 311 12 view .LVU135
 490 004c 0020     		movs	r0, #0
 491 004e 23E0     		b	.L32
 492              	.LVL27:
 493              	.L61:
 320:Drivers/STM32C0xx_HAL_Driver/Src/stm32c0xx_hal_rcc_ex.c **** 
 494              		.loc 1 320 5 is_stmt 1 view .LVU136
 320:Drivers/STM32C0xx_HAL_Driver/Src/stm32c0xx_hal_rcc_ex.c **** 
 495              		.loc 1 320 14 is_stmt 0 view .LVU137
 496 0050 5A4A     		ldr	r2, .L74
 497 0052 D36D     		ldr	r3, [r2, #92]
 320:Drivers/STM32C0xx_HAL_Driver/Src/stm32c0xx_hal_rcc_ex.c **** 
 498              		.loc 1 320 12 view .LVU138
 499 0054 C021     		movs	r1, #192
 500 0056 8900     		lsls	r1, r1, #2
 501 0058 0B40     		ands	r3, r1
 502              	.LVL28:
 323:Drivers/STM32C0xx_HAL_Driver/Src/stm32c0xx_hal_rcc_ex.c ****     {
 503              		.loc 1 323 5 is_stmt 1 view .LVU139
 323:Drivers/STM32C0xx_HAL_Driver/Src/stm32c0xx_hal_rcc_ex.c ****     {
 504              		.loc 1 323 10 is_stmt 0 view .LVU140
 505 005a D26D     		ldr	r2, [r2, #92]
 323:Drivers/STM32C0xx_HAL_Driver/Src/stm32c0xx_hal_rcc_ex.c ****     {
 506              		.loc 1 323 8 view .LVU141
 507 005c 9207     		lsls	r2, r2, #30
 508 005e 04D5     		bpl	.L34
 323:Drivers/STM32C0xx_HAL_Driver/Src/stm32c0xx_hal_rcc_ex.c ****     {
 509              		.loc 1 323 54 discriminator 1 view .LVU142
 510 0060 8022     		movs	r2, #128
 511 0062 5200     		lsls	r2, r2, #1
 512 0064 9342     		cmp	r3, r2
 513 0066 00D1     		bne	.LCB462
 514 0068 9BE0     		b	.L50	@long jump
 515              	.LCB462:
 516              	.L34:
 328:Drivers/STM32C0xx_HAL_Driver/Src/stm32c0xx_hal_rcc_ex.c ****     {
 517              		.loc 1 328 10 is_stmt 1 view .LVU143
 328:Drivers/STM32C0xx_HAL_Driver/Src/stm32c0xx_hal_rcc_ex.c ****     {
 518              		.loc 1 328 15 is_stmt 0 view .LVU144
 519 006a 544A     		ldr	r2, .L74
 520 006c 126E     		ldr	r2, [r2, #96]
 328:Drivers/STM32C0xx_HAL_Driver/Src/stm32c0xx_hal_rcc_ex.c ****     {
 521              		.loc 1 328 13 view .LVU145
 522 006e 9207     		lsls	r2, r2, #30
 523 0070 04D5     		bpl	.L36
 328:Drivers/STM32C0xx_HAL_Driver/Src/stm32c0xx_hal_rcc_ex.c ****     {
 524              		.loc 1 328 59 discriminator 1 view .LVU146
 525 0072 8022     		movs	r2, #128
 526 0074 9200     		lsls	r2, r2, #2
 527 0076 9342     		cmp	r3, r2
 528 0078 00D1     		bne	.LCB474
 529 007a 95E0     		b	.L51	@long jump
 530              	.LCB474:
 531              	.L36:
 333:Drivers/STM32C0xx_HAL_Driver/Src/stm32c0xx_hal_rcc_ex.c ****     {
 532              		.loc 1 333 10 is_stmt 1 view .LVU147
 333:Drivers/STM32C0xx_HAL_Driver/Src/stm32c0xx_hal_rcc_ex.c ****     {
ARM GAS  C:\Users\amosd\AppData\Local\Temp\ccyPxSjF.s 			page 18


 533              		.loc 1 333 15 is_stmt 0 view .LVU148
 534 007c 4F4A     		ldr	r2, .L74
 535 007e 1168     		ldr	r1, [r2]
 536 0080 8022     		movs	r2, #128
 537 0082 9202     		lsls	r2, r2, #10
 538 0084 0800     		movs	r0, r1
 539              	.LVL29:
 333:Drivers/STM32C0xx_HAL_Driver/Src/stm32c0xx_hal_rcc_ex.c ****     {
 540              		.loc 1 333 15 view .LVU149
 541 0086 1040     		ands	r0, r2
 333:Drivers/STM32C0xx_HAL_Driver/Src/stm32c0xx_hal_rcc_ex.c ****     {
 542              		.loc 1 333 13 view .LVU150
 543 0088 1142     		tst	r1, r2
 544 008a 05D0     		beq	.L32
 333:Drivers/STM32C0xx_HAL_Driver/Src/stm32c0xx_hal_rcc_ex.c ****     {
 545              		.loc 1 333 55 discriminator 1 view .LVU151
 546 008c C022     		movs	r2, #192
 547 008e 9200     		lsls	r2, r2, #2
 548 0090 9342     		cmp	r3, r2
 549 0092 00D1     		bne	.LCB489
 550 0094 8BE0     		b	.L52	@long jump
 551              	.LCB489:
 311:Drivers/STM32C0xx_HAL_Driver/Src/stm32c0xx_hal_rcc_ex.c ****   uint32_t srcclk;
 552              		.loc 1 311 12 view .LVU152
 553 0096 0020     		movs	r0, #0
 554              	.LVL30:
 555              	.L32:
 409:Drivers/STM32C0xx_HAL_Driver/Src/stm32c0xx_hal_rcc_ex.c ****         {
 410:Drivers/STM32C0xx_HAL_Driver/Src/stm32c0xx_hal_rcc_ex.c ****           frequency = (HSI_VALUE / ((__HAL_RCC_GET_HSIKER_DIVIDER() >> RCC_CR_HSIKERDIV_Pos) + 1U))
 411:Drivers/STM32C0xx_HAL_Driver/Src/stm32c0xx_hal_rcc_ex.c ****         }
 412:Drivers/STM32C0xx_HAL_Driver/Src/stm32c0xx_hal_rcc_ex.c ****         /* Clock not enabled for I2C1 */
 413:Drivers/STM32C0xx_HAL_Driver/Src/stm32c0xx_hal_rcc_ex.c ****         else
 414:Drivers/STM32C0xx_HAL_Driver/Src/stm32c0xx_hal_rcc_ex.c ****         {
 415:Drivers/STM32C0xx_HAL_Driver/Src/stm32c0xx_hal_rcc_ex.c ****           /* Nothing to do as frequency already initialized to 0U */
 416:Drivers/STM32C0xx_HAL_Driver/Src/stm32c0xx_hal_rcc_ex.c ****         }
 417:Drivers/STM32C0xx_HAL_Driver/Src/stm32c0xx_hal_rcc_ex.c ****         break;
 418:Drivers/STM32C0xx_HAL_Driver/Src/stm32c0xx_hal_rcc_ex.c **** 
 419:Drivers/STM32C0xx_HAL_Driver/Src/stm32c0xx_hal_rcc_ex.c ****       case RCC_PERIPHCLK_I2S1:
 420:Drivers/STM32C0xx_HAL_Driver/Src/stm32c0xx_hal_rcc_ex.c ****         /* Get the current I2S1 source */
 421:Drivers/STM32C0xx_HAL_Driver/Src/stm32c0xx_hal_rcc_ex.c ****         srcclk = __HAL_RCC_GET_I2S1_SOURCE();
 422:Drivers/STM32C0xx_HAL_Driver/Src/stm32c0xx_hal_rcc_ex.c **** 
 423:Drivers/STM32C0xx_HAL_Driver/Src/stm32c0xx_hal_rcc_ex.c ****         if (srcclk == RCC_I2S1CLKSOURCE_SYSCLK)
 424:Drivers/STM32C0xx_HAL_Driver/Src/stm32c0xx_hal_rcc_ex.c ****         {
 425:Drivers/STM32C0xx_HAL_Driver/Src/stm32c0xx_hal_rcc_ex.c ****           frequency = HAL_RCC_GetSysClockFreq();
 426:Drivers/STM32C0xx_HAL_Driver/Src/stm32c0xx_hal_rcc_ex.c ****         }
 427:Drivers/STM32C0xx_HAL_Driver/Src/stm32c0xx_hal_rcc_ex.c ****         else if ((HAL_IS_BIT_SET(RCC->CR, RCC_CR_HSIRDY)) && (srcclk == RCC_I2S1CLKSOURCE_HSIKER))
 428:Drivers/STM32C0xx_HAL_Driver/Src/stm32c0xx_hal_rcc_ex.c ****         {
 429:Drivers/STM32C0xx_HAL_Driver/Src/stm32c0xx_hal_rcc_ex.c ****           frequency = (HSI_VALUE / ((__HAL_RCC_GET_HSIKER_DIVIDER() >> RCC_CR_HSIKERDIV_Pos) + 1U))
 430:Drivers/STM32C0xx_HAL_Driver/Src/stm32c0xx_hal_rcc_ex.c ****         }
 431:Drivers/STM32C0xx_HAL_Driver/Src/stm32c0xx_hal_rcc_ex.c ****         else if (srcclk == RCC_I2S1CLKSOURCE_EXT)
 432:Drivers/STM32C0xx_HAL_Driver/Src/stm32c0xx_hal_rcc_ex.c ****         {
 433:Drivers/STM32C0xx_HAL_Driver/Src/stm32c0xx_hal_rcc_ex.c ****           /* External clock used.*/
 434:Drivers/STM32C0xx_HAL_Driver/Src/stm32c0xx_hal_rcc_ex.c ****           frequency = EXTERNAL_I2S1_CLOCK_VALUE;
 435:Drivers/STM32C0xx_HAL_Driver/Src/stm32c0xx_hal_rcc_ex.c ****         }
 436:Drivers/STM32C0xx_HAL_Driver/Src/stm32c0xx_hal_rcc_ex.c ****         /* Clock not enabled for I2S1 */
 437:Drivers/STM32C0xx_HAL_Driver/Src/stm32c0xx_hal_rcc_ex.c ****         else
 438:Drivers/STM32C0xx_HAL_Driver/Src/stm32c0xx_hal_rcc_ex.c ****         {
ARM GAS  C:\Users\amosd\AppData\Local\Temp\ccyPxSjF.s 			page 19


 439:Drivers/STM32C0xx_HAL_Driver/Src/stm32c0xx_hal_rcc_ex.c ****           /* Nothing to do as frequency already initialized to 0U */
 440:Drivers/STM32C0xx_HAL_Driver/Src/stm32c0xx_hal_rcc_ex.c ****         }
 441:Drivers/STM32C0xx_HAL_Driver/Src/stm32c0xx_hal_rcc_ex.c ****         break;
 442:Drivers/STM32C0xx_HAL_Driver/Src/stm32c0xx_hal_rcc_ex.c **** #if defined(FDCAN1)
 443:Drivers/STM32C0xx_HAL_Driver/Src/stm32c0xx_hal_rcc_ex.c ****       case RCC_PERIPHCLK_FDCAN1:
 444:Drivers/STM32C0xx_HAL_Driver/Src/stm32c0xx_hal_rcc_ex.c ****         /* Get the current FDCAN1 source */
 445:Drivers/STM32C0xx_HAL_Driver/Src/stm32c0xx_hal_rcc_ex.c ****         srcclk = __HAL_RCC_GET_FDCAN1_SOURCE();
 446:Drivers/STM32C0xx_HAL_Driver/Src/stm32c0xx_hal_rcc_ex.c **** 
 447:Drivers/STM32C0xx_HAL_Driver/Src/stm32c0xx_hal_rcc_ex.c ****         if (srcclk == RCC_FDCAN1CLKSOURCE_PCLK1)
 448:Drivers/STM32C0xx_HAL_Driver/Src/stm32c0xx_hal_rcc_ex.c ****         {
 449:Drivers/STM32C0xx_HAL_Driver/Src/stm32c0xx_hal_rcc_ex.c ****           frequency = HAL_RCC_GetPCLK1Freq();
 450:Drivers/STM32C0xx_HAL_Driver/Src/stm32c0xx_hal_rcc_ex.c ****         }
 451:Drivers/STM32C0xx_HAL_Driver/Src/stm32c0xx_hal_rcc_ex.c ****         else if ((HAL_IS_BIT_SET(RCC->CR, RCC_CR_HSIRDY)) && (srcclk == RCC_FDCAN1CLKSOURCE_HSIKER)
 452:Drivers/STM32C0xx_HAL_Driver/Src/stm32c0xx_hal_rcc_ex.c ****         {
 453:Drivers/STM32C0xx_HAL_Driver/Src/stm32c0xx_hal_rcc_ex.c ****           frequency = (HSI_VALUE / ((__HAL_RCC_GET_HSIKER_DIVIDER() >> RCC_CR_HSIKERDIV_Pos) + 1U))
 454:Drivers/STM32C0xx_HAL_Driver/Src/stm32c0xx_hal_rcc_ex.c ****         }
 455:Drivers/STM32C0xx_HAL_Driver/Src/stm32c0xx_hal_rcc_ex.c ****         else if (srcclk == RCC_FDCAN1CLKSOURCE_HSE)
 456:Drivers/STM32C0xx_HAL_Driver/Src/stm32c0xx_hal_rcc_ex.c ****         {
 457:Drivers/STM32C0xx_HAL_Driver/Src/stm32c0xx_hal_rcc_ex.c ****           /* External clock used.*/
 458:Drivers/STM32C0xx_HAL_Driver/Src/stm32c0xx_hal_rcc_ex.c ****           frequency = HSE_VALUE;
 459:Drivers/STM32C0xx_HAL_Driver/Src/stm32c0xx_hal_rcc_ex.c ****         }
 460:Drivers/STM32C0xx_HAL_Driver/Src/stm32c0xx_hal_rcc_ex.c ****         /* Clock not enabled for FDCAN1 */
 461:Drivers/STM32C0xx_HAL_Driver/Src/stm32c0xx_hal_rcc_ex.c ****         else
 462:Drivers/STM32C0xx_HAL_Driver/Src/stm32c0xx_hal_rcc_ex.c ****         {
 463:Drivers/STM32C0xx_HAL_Driver/Src/stm32c0xx_hal_rcc_ex.c ****           /* Nothing to do as frequency already initialized to 0U */
 464:Drivers/STM32C0xx_HAL_Driver/Src/stm32c0xx_hal_rcc_ex.c ****         }
 465:Drivers/STM32C0xx_HAL_Driver/Src/stm32c0xx_hal_rcc_ex.c ****         break;
 466:Drivers/STM32C0xx_HAL_Driver/Src/stm32c0xx_hal_rcc_ex.c **** #endif /* FDCAN1 */
 467:Drivers/STM32C0xx_HAL_Driver/Src/stm32c0xx_hal_rcc_ex.c **** #if defined (USB_DRD_FS)
 468:Drivers/STM32C0xx_HAL_Driver/Src/stm32c0xx_hal_rcc_ex.c ****       case RCC_PERIPHCLK_USB:
 469:Drivers/STM32C0xx_HAL_Driver/Src/stm32c0xx_hal_rcc_ex.c ****         /* Get the current USB source */
 470:Drivers/STM32C0xx_HAL_Driver/Src/stm32c0xx_hal_rcc_ex.c ****         srcclk = __HAL_RCC_GET_USB_SOURCE();
 471:Drivers/STM32C0xx_HAL_Driver/Src/stm32c0xx_hal_rcc_ex.c ****         if (srcclk == RCC_USBCLKSOURCE_HSI48)
 472:Drivers/STM32C0xx_HAL_Driver/Src/stm32c0xx_hal_rcc_ex.c ****         {
 473:Drivers/STM32C0xx_HAL_Driver/Src/stm32c0xx_hal_rcc_ex.c ****           frequency = HSI48_VALUE;
 474:Drivers/STM32C0xx_HAL_Driver/Src/stm32c0xx_hal_rcc_ex.c ****         }
 475:Drivers/STM32C0xx_HAL_Driver/Src/stm32c0xx_hal_rcc_ex.c ****         else if (srcclk == RCC_USBCLKSOURCE_HSE)
 476:Drivers/STM32C0xx_HAL_Driver/Src/stm32c0xx_hal_rcc_ex.c ****         {
 477:Drivers/STM32C0xx_HAL_Driver/Src/stm32c0xx_hal_rcc_ex.c ****           frequency = HSE_VALUE;
 478:Drivers/STM32C0xx_HAL_Driver/Src/stm32c0xx_hal_rcc_ex.c ****         }
 479:Drivers/STM32C0xx_HAL_Driver/Src/stm32c0xx_hal_rcc_ex.c ****         /* Clock not enabled for USB */
 480:Drivers/STM32C0xx_HAL_Driver/Src/stm32c0xx_hal_rcc_ex.c ****         else
 481:Drivers/STM32C0xx_HAL_Driver/Src/stm32c0xx_hal_rcc_ex.c ****         {
 482:Drivers/STM32C0xx_HAL_Driver/Src/stm32c0xx_hal_rcc_ex.c ****           /* Nothing to do as frequency already initialized to 0U */
 483:Drivers/STM32C0xx_HAL_Driver/Src/stm32c0xx_hal_rcc_ex.c ****         }
 484:Drivers/STM32C0xx_HAL_Driver/Src/stm32c0xx_hal_rcc_ex.c **** #endif /* USB_DRD_FS */
 485:Drivers/STM32C0xx_HAL_Driver/Src/stm32c0xx_hal_rcc_ex.c ****       default:
 486:Drivers/STM32C0xx_HAL_Driver/Src/stm32c0xx_hal_rcc_ex.c ****         break;
 487:Drivers/STM32C0xx_HAL_Driver/Src/stm32c0xx_hal_rcc_ex.c ****     }
 488:Drivers/STM32C0xx_HAL_Driver/Src/stm32c0xx_hal_rcc_ex.c ****   }
 489:Drivers/STM32C0xx_HAL_Driver/Src/stm32c0xx_hal_rcc_ex.c **** 
 490:Drivers/STM32C0xx_HAL_Driver/Src/stm32c0xx_hal_rcc_ex.c ****   return (frequency);
 491:Drivers/STM32C0xx_HAL_Driver/Src/stm32c0xx_hal_rcc_ex.c **** }
 556              		.loc 1 491 1 view .LVU153
 557              		@ sp needed
 558 0098 10BD     		pop	{r4, pc}
 559              	.LVL31:
ARM GAS  C:\Users\amosd\AppData\Local\Temp\ccyPxSjF.s 			page 20


 560              	.L62:
 347:Drivers/STM32C0xx_HAL_Driver/Src/stm32c0xx_hal_rcc_ex.c ****     {
 561              		.loc 1 347 5 view .LVU154
 562 009a 0020     		movs	r0, #0
 563              	.LVL32:
 347:Drivers/STM32C0xx_HAL_Driver/Src/stm32c0xx_hal_rcc_ex.c ****     {
 564              		.loc 1 347 5 view .LVU155
 565 009c FCE7     		b	.L32
 566              	.LVL33:
 567              	.L38:
 347:Drivers/STM32C0xx_HAL_Driver/Src/stm32c0xx_hal_rcc_ex.c ****     {
 568              		.loc 1 347 5 view .LVU156
 569 009e 2028     		cmp	r0, #32
 570 00a0 13D1     		bne	.L66
 379:Drivers/STM32C0xx_HAL_Driver/Src/stm32c0xx_hal_rcc_ex.c **** 
 571              		.loc 1 379 9 is_stmt 1 view .LVU157
 379:Drivers/STM32C0xx_HAL_Driver/Src/stm32c0xx_hal_rcc_ex.c **** 
 572              		.loc 1 379 18 is_stmt 0 view .LVU158
 573 00a2 464B     		ldr	r3, .L74
 574 00a4 5B6D     		ldr	r3, [r3, #84]
 379:Drivers/STM32C0xx_HAL_Driver/Src/stm32c0xx_hal_rcc_ex.c **** 
 575              		.loc 1 379 16 view .LVU159
 576 00a6 9B0F     		lsrs	r3, r3, #30
 577 00a8 9907     		lsls	r1, r3, #30
 578              	.LVL34:
 381:Drivers/STM32C0xx_HAL_Driver/Src/stm32c0xx_hal_rcc_ex.c ****         {
 579              		.loc 1 381 9 is_stmt 1 view .LVU160
 381:Drivers/STM32C0xx_HAL_Driver/Src/stm32c0xx_hal_rcc_ex.c ****         {
 580              		.loc 1 381 12 is_stmt 0 view .LVU161
 581 00aa 002B     		cmp	r3, #0
 582 00ac 39D0     		beq	.L67
 385:Drivers/STM32C0xx_HAL_Driver/Src/stm32c0xx_hal_rcc_ex.c ****         {
 583              		.loc 1 385 14 is_stmt 1 view .LVU162
 385:Drivers/STM32C0xx_HAL_Driver/Src/stm32c0xx_hal_rcc_ex.c ****         {
 584              		.loc 1 385 19 is_stmt 0 view .LVU163
 585 00ae 434B     		ldr	r3, .L74
 586 00b0 1A68     		ldr	r2, [r3]
 587 00b2 8023     		movs	r3, #128
 588 00b4 DB00     		lsls	r3, r3, #3
 589 00b6 1000     		movs	r0, r2
 590              	.LVL35:
 385:Drivers/STM32C0xx_HAL_Driver/Src/stm32c0xx_hal_rcc_ex.c ****         {
 591              		.loc 1 385 19 view .LVU164
 592 00b8 1840     		ands	r0, r3
 385:Drivers/STM32C0xx_HAL_Driver/Src/stm32c0xx_hal_rcc_ex.c ****         {
 593              		.loc 1 385 17 view .LVU165
 594 00ba 1A42     		tst	r2, r3
 595 00bc ECD0     		beq	.L32
 385:Drivers/STM32C0xx_HAL_Driver/Src/stm32c0xx_hal_rcc_ex.c ****         {
 596              		.loc 1 385 59 discriminator 1 view .LVU166
 597 00be 8023     		movs	r3, #128
 598 00c0 1B06     		lsls	r3, r3, #24
 599 00c2 9942     		cmp	r1, r3
 600 00c4 30D0     		beq	.L68
 311:Drivers/STM32C0xx_HAL_Driver/Src/stm32c0xx_hal_rcc_ex.c ****   uint32_t srcclk;
 601              		.loc 1 311 12 view .LVU167
 602 00c6 0020     		movs	r0, #0
ARM GAS  C:\Users\amosd\AppData\Local\Temp\ccyPxSjF.s 			page 21


 603 00c8 E6E7     		b	.L32
 604              	.LVL36:
 605              	.L66:
 347:Drivers/STM32C0xx_HAL_Driver/Src/stm32c0xx_hal_rcc_ex.c ****     {
 606              		.loc 1 347 5 view .LVU168
 607 00ca 0020     		movs	r0, #0
 608              	.LVL37:
 347:Drivers/STM32C0xx_HAL_Driver/Src/stm32c0xx_hal_rcc_ex.c ****     {
 609              		.loc 1 347 5 view .LVU169
 610 00cc E4E7     		b	.L32
 611              	.LVL38:
 612              	.L39:
 352:Drivers/STM32C0xx_HAL_Driver/Src/stm32c0xx_hal_rcc_ex.c **** 
 613              		.loc 1 352 9 is_stmt 1 view .LVU170
 352:Drivers/STM32C0xx_HAL_Driver/Src/stm32c0xx_hal_rcc_ex.c **** 
 614              		.loc 1 352 18 is_stmt 0 view .LVU171
 615 00ce 3B4B     		ldr	r3, .L74
 616 00d0 5B6D     		ldr	r3, [r3, #84]
 352:Drivers/STM32C0xx_HAL_Driver/Src/stm32c0xx_hal_rcc_ex.c **** 
 617              		.loc 1 352 16 view .LVU172
 618 00d2 0322     		movs	r2, #3
 619 00d4 1100     		movs	r1, r2
 620 00d6 1940     		ands	r1, r3
 621              	.LVL39:
 354:Drivers/STM32C0xx_HAL_Driver/Src/stm32c0xx_hal_rcc_ex.c ****         {
 622              		.loc 1 354 9 is_stmt 1 view .LVU173
 354:Drivers/STM32C0xx_HAL_Driver/Src/stm32c0xx_hal_rcc_ex.c ****         {
 623              		.loc 1 354 12 is_stmt 0 view .LVU174
 624 00d8 1A42     		tst	r2, r3
 625 00da 12D0     		beq	.L69
 358:Drivers/STM32C0xx_HAL_Driver/Src/stm32c0xx_hal_rcc_ex.c ****         {
 626              		.loc 1 358 14 is_stmt 1 view .LVU175
 358:Drivers/STM32C0xx_HAL_Driver/Src/stm32c0xx_hal_rcc_ex.c ****         {
 627              		.loc 1 358 17 is_stmt 0 view .LVU176
 628 00dc 0129     		cmp	r1, #1
 629 00de 13D0     		beq	.L70
 362:Drivers/STM32C0xx_HAL_Driver/Src/stm32c0xx_hal_rcc_ex.c ****         {
 630              		.loc 1 362 14 is_stmt 1 view .LVU177
 362:Drivers/STM32C0xx_HAL_Driver/Src/stm32c0xx_hal_rcc_ex.c ****         {
 631              		.loc 1 362 19 is_stmt 0 view .LVU178
 632 00e0 364B     		ldr	r3, .L74
 633 00e2 1B68     		ldr	r3, [r3]
 362:Drivers/STM32C0xx_HAL_Driver/Src/stm32c0xx_hal_rcc_ex.c ****         {
 634              		.loc 1 362 17 view .LVU179
 635 00e4 5B05     		lsls	r3, r3, #21
 636 00e6 01D5     		bpl	.L44
 362:Drivers/STM32C0xx_HAL_Driver/Src/stm32c0xx_hal_rcc_ex.c ****         {
 637              		.loc 1 362 59 discriminator 1 view .LVU180
 638 00e8 0229     		cmp	r1, #2
 639 00ea 10D0     		beq	.L71
 640              	.L44:
 366:Drivers/STM32C0xx_HAL_Driver/Src/stm32c0xx_hal_rcc_ex.c ****         {
 641              		.loc 1 366 14 is_stmt 1 view .LVU181
 366:Drivers/STM32C0xx_HAL_Driver/Src/stm32c0xx_hal_rcc_ex.c ****         {
 642              		.loc 1 366 19 is_stmt 0 view .LVU182
 643 00ec 334B     		ldr	r3, .L74
 644 00ee DB6D     		ldr	r3, [r3, #92]
ARM GAS  C:\Users\amosd\AppData\Local\Temp\ccyPxSjF.s 			page 22


 645 00f0 0222     		movs	r2, #2
 646 00f2 1000     		movs	r0, r2
 647              	.LVL40:
 366:Drivers/STM32C0xx_HAL_Driver/Src/stm32c0xx_hal_rcc_ex.c ****         {
 648              		.loc 1 366 19 view .LVU183
 649 00f4 1840     		ands	r0, r3
 366:Drivers/STM32C0xx_HAL_Driver/Src/stm32c0xx_hal_rcc_ex.c ****         {
 650              		.loc 1 366 17 view .LVU184
 651 00f6 1A42     		tst	r2, r3
 652 00f8 CED0     		beq	.L32
 366:Drivers/STM32C0xx_HAL_Driver/Src/stm32c0xx_hal_rcc_ex.c ****         {
 653              		.loc 1 366 63 discriminator 1 view .LVU185
 654 00fa 0329     		cmp	r1, #3
 655 00fc 59D0     		beq	.L53
 311:Drivers/STM32C0xx_HAL_Driver/Src/stm32c0xx_hal_rcc_ex.c ****   uint32_t srcclk;
 656              		.loc 1 311 12 view .LVU186
 657 00fe 0020     		movs	r0, #0
 658 0100 CAE7     		b	.L32
 659              	.LVL41:
 660              	.L69:
 356:Drivers/STM32C0xx_HAL_Driver/Src/stm32c0xx_hal_rcc_ex.c ****         }
 661              		.loc 1 356 11 is_stmt 1 view .LVU187
 356:Drivers/STM32C0xx_HAL_Driver/Src/stm32c0xx_hal_rcc_ex.c ****         }
 662              		.loc 1 356 23 is_stmt 0 view .LVU188
 663 0102 FFF7FEFF 		bl	HAL_RCC_GetPCLK1Freq
 664              	.LVL42:
 356:Drivers/STM32C0xx_HAL_Driver/Src/stm32c0xx_hal_rcc_ex.c ****         }
 665              		.loc 1 356 23 view .LVU189
 666 0106 C7E7     		b	.L32
 667              	.LVL43:
 668              	.L70:
 360:Drivers/STM32C0xx_HAL_Driver/Src/stm32c0xx_hal_rcc_ex.c ****         }
 669              		.loc 1 360 11 is_stmt 1 view .LVU190
 360:Drivers/STM32C0xx_HAL_Driver/Src/stm32c0xx_hal_rcc_ex.c ****         }
 670              		.loc 1 360 23 is_stmt 0 view .LVU191
 671 0108 FFF7FEFF 		bl	HAL_RCC_GetSysClockFreq
 672              	.LVL44:
 360:Drivers/STM32C0xx_HAL_Driver/Src/stm32c0xx_hal_rcc_ex.c ****         }
 673              		.loc 1 360 23 view .LVU192
 674 010c C4E7     		b	.L32
 675              	.LVL45:
 676              	.L71:
 364:Drivers/STM32C0xx_HAL_Driver/Src/stm32c0xx_hal_rcc_ex.c ****         }
 677              		.loc 1 364 11 is_stmt 1 view .LVU193
 364:Drivers/STM32C0xx_HAL_Driver/Src/stm32c0xx_hal_rcc_ex.c ****         }
 678              		.loc 1 364 38 is_stmt 0 view .LVU194
 679 010e 2B4B     		ldr	r3, .L74
 680 0110 1B68     		ldr	r3, [r3]
 364:Drivers/STM32C0xx_HAL_Driver/Src/stm32c0xx_hal_rcc_ex.c ****         }
 681              		.loc 1 364 69 view .LVU195
 682 0112 5B09     		lsrs	r3, r3, #5
 683 0114 0531     		adds	r1, r1, #5
 684              	.LVL46:
 364:Drivers/STM32C0xx_HAL_Driver/Src/stm32c0xx_hal_rcc_ex.c ****         }
 685              		.loc 1 364 69 view .LVU196
 686 0116 1940     		ands	r1, r3
 687              	.LVL47:
ARM GAS  C:\Users\amosd\AppData\Local\Temp\ccyPxSjF.s 			page 23


 364:Drivers/STM32C0xx_HAL_Driver/Src/stm32c0xx_hal_rcc_ex.c ****         }
 688              		.loc 1 364 94 view .LVU197
 689 0118 0131     		adds	r1, r1, #1
 364:Drivers/STM32C0xx_HAL_Driver/Src/stm32c0xx_hal_rcc_ex.c ****         }
 690              		.loc 1 364 21 view .LVU198
 691 011a 2948     		ldr	r0, .L74+4
 692              	.LVL48:
 364:Drivers/STM32C0xx_HAL_Driver/Src/stm32c0xx_hal_rcc_ex.c ****         }
 693              		.loc 1 364 21 view .LVU199
 694 011c FFF7FEFF 		bl	__aeabi_uidiv
 695              	.LVL49:
 364:Drivers/STM32C0xx_HAL_Driver/Src/stm32c0xx_hal_rcc_ex.c ****         }
 696              		.loc 1 364 21 view .LVU200
 697 0120 BAE7     		b	.L32
 698              	.LVL50:
 699              	.L67:
 383:Drivers/STM32C0xx_HAL_Driver/Src/stm32c0xx_hal_rcc_ex.c ****         }
 700              		.loc 1 383 11 is_stmt 1 view .LVU201
 383:Drivers/STM32C0xx_HAL_Driver/Src/stm32c0xx_hal_rcc_ex.c ****         }
 701              		.loc 1 383 23 is_stmt 0 view .LVU202
 702 0122 FFF7FEFF 		bl	HAL_RCC_GetSysClockFreq
 703              	.LVL51:
 383:Drivers/STM32C0xx_HAL_Driver/Src/stm32c0xx_hal_rcc_ex.c ****         }
 704              		.loc 1 383 23 view .LVU203
 705 0126 B7E7     		b	.L32
 706              	.LVL52:
 707              	.L68:
 387:Drivers/STM32C0xx_HAL_Driver/Src/stm32c0xx_hal_rcc_ex.c ****         }
 708              		.loc 1 387 11 is_stmt 1 view .LVU204
 387:Drivers/STM32C0xx_HAL_Driver/Src/stm32c0xx_hal_rcc_ex.c ****         }
 709              		.loc 1 387 38 is_stmt 0 view .LVU205
 710 0128 244B     		ldr	r3, .L74
 711 012a 1B68     		ldr	r3, [r3]
 387:Drivers/STM32C0xx_HAL_Driver/Src/stm32c0xx_hal_rcc_ex.c ****         }
 712              		.loc 1 387 69 view .LVU206
 713 012c 5B09     		lsrs	r3, r3, #5
 714 012e 0721     		movs	r1, #7
 715              	.LVL53:
 387:Drivers/STM32C0xx_HAL_Driver/Src/stm32c0xx_hal_rcc_ex.c ****         }
 716              		.loc 1 387 69 view .LVU207
 717 0130 1940     		ands	r1, r3
 387:Drivers/STM32C0xx_HAL_Driver/Src/stm32c0xx_hal_rcc_ex.c ****         }
 718              		.loc 1 387 94 view .LVU208
 719 0132 0131     		adds	r1, r1, #1
 387:Drivers/STM32C0xx_HAL_Driver/Src/stm32c0xx_hal_rcc_ex.c ****         }
 720              		.loc 1 387 21 view .LVU209
 721 0134 2248     		ldr	r0, .L74+4
 722 0136 FFF7FEFF 		bl	__aeabi_uidiv
 723              	.LVL54:
 387:Drivers/STM32C0xx_HAL_Driver/Src/stm32c0xx_hal_rcc_ex.c ****         }
 724              		.loc 1 387 21 view .LVU210
 725 013a ADE7     		b	.L32
 726              	.LVL55:
 727              	.L63:
 402:Drivers/STM32C0xx_HAL_Driver/Src/stm32c0xx_hal_rcc_ex.c ****         }
 728              		.loc 1 402 11 is_stmt 1 view .LVU211
 402:Drivers/STM32C0xx_HAL_Driver/Src/stm32c0xx_hal_rcc_ex.c ****         }
ARM GAS  C:\Users\amosd\AppData\Local\Temp\ccyPxSjF.s 			page 24


 729              		.loc 1 402 23 is_stmt 0 view .LVU212
 730 013c FFF7FEFF 		bl	HAL_RCC_GetPCLK1Freq
 731              	.LVL56:
 402:Drivers/STM32C0xx_HAL_Driver/Src/stm32c0xx_hal_rcc_ex.c ****         }
 732              		.loc 1 402 23 view .LVU213
 733 0140 AAE7     		b	.L32
 734              	.LVL57:
 735              	.L64:
 406:Drivers/STM32C0xx_HAL_Driver/Src/stm32c0xx_hal_rcc_ex.c ****         }
 736              		.loc 1 406 11 is_stmt 1 view .LVU214
 406:Drivers/STM32C0xx_HAL_Driver/Src/stm32c0xx_hal_rcc_ex.c ****         }
 737              		.loc 1 406 23 is_stmt 0 view .LVU215
 738 0142 FFF7FEFF 		bl	HAL_RCC_GetSysClockFreq
 739              	.LVL58:
 406:Drivers/STM32C0xx_HAL_Driver/Src/stm32c0xx_hal_rcc_ex.c ****         }
 740              		.loc 1 406 23 view .LVU216
 741 0146 A7E7     		b	.L32
 742              	.LVL59:
 743              	.L65:
 410:Drivers/STM32C0xx_HAL_Driver/Src/stm32c0xx_hal_rcc_ex.c ****         }
 744              		.loc 1 410 11 is_stmt 1 view .LVU217
 410:Drivers/STM32C0xx_HAL_Driver/Src/stm32c0xx_hal_rcc_ex.c ****         }
 745              		.loc 1 410 38 is_stmt 0 view .LVU218
 746 0148 1C4B     		ldr	r3, .L74
 747 014a 1B68     		ldr	r3, [r3]
 410:Drivers/STM32C0xx_HAL_Driver/Src/stm32c0xx_hal_rcc_ex.c ****         }
 748              		.loc 1 410 69 view .LVU219
 749 014c 5B09     		lsrs	r3, r3, #5
 750 014e 0721     		movs	r1, #7
 751              	.LVL60:
 410:Drivers/STM32C0xx_HAL_Driver/Src/stm32c0xx_hal_rcc_ex.c ****         }
 752              		.loc 1 410 69 view .LVU220
 753 0150 1940     		ands	r1, r3
 410:Drivers/STM32C0xx_HAL_Driver/Src/stm32c0xx_hal_rcc_ex.c ****         }
 754              		.loc 1 410 94 view .LVU221
 755 0152 0131     		adds	r1, r1, #1
 410:Drivers/STM32C0xx_HAL_Driver/Src/stm32c0xx_hal_rcc_ex.c ****         }
 756              		.loc 1 410 21 view .LVU222
 757 0154 1A48     		ldr	r0, .L74+4
 758 0156 FFF7FEFF 		bl	__aeabi_uidiv
 759              	.LVL61:
 410:Drivers/STM32C0xx_HAL_Driver/Src/stm32c0xx_hal_rcc_ex.c ****         }
 760              		.loc 1 410 21 view .LVU223
 761 015a 9DE7     		b	.L32
 762              	.LVL62:
 763              	.L37:
 421:Drivers/STM32C0xx_HAL_Driver/Src/stm32c0xx_hal_rcc_ex.c **** 
 764              		.loc 1 421 9 is_stmt 1 view .LVU224
 421:Drivers/STM32C0xx_HAL_Driver/Src/stm32c0xx_hal_rcc_ex.c **** 
 765              		.loc 1 421 18 is_stmt 0 view .LVU225
 766 015c 174B     		ldr	r3, .L74
 767 015e 5A6D     		ldr	r2, [r3, #84]
 421:Drivers/STM32C0xx_HAL_Driver/Src/stm32c0xx_hal_rcc_ex.c **** 
 768              		.loc 1 421 16 view .LVU226
 769 0160 C023     		movs	r3, #192
 770 0162 1B02     		lsls	r3, r3, #8
 771 0164 1100     		movs	r1, r2
ARM GAS  C:\Users\amosd\AppData\Local\Temp\ccyPxSjF.s 			page 25


 772 0166 1940     		ands	r1, r3
 773              	.LVL63:
 423:Drivers/STM32C0xx_HAL_Driver/Src/stm32c0xx_hal_rcc_ex.c ****         {
 774              		.loc 1 423 9 is_stmt 1 view .LVU227
 423:Drivers/STM32C0xx_HAL_Driver/Src/stm32c0xx_hal_rcc_ex.c ****         {
 775              		.loc 1 423 12 is_stmt 0 view .LVU228
 776 0168 1A42     		tst	r2, r3
 777 016a 0DD0     		beq	.L72
 427:Drivers/STM32C0xx_HAL_Driver/Src/stm32c0xx_hal_rcc_ex.c ****         {
 778              		.loc 1 427 14 is_stmt 1 view .LVU229
 427:Drivers/STM32C0xx_HAL_Driver/Src/stm32c0xx_hal_rcc_ex.c ****         {
 779              		.loc 1 427 19 is_stmt 0 view .LVU230
 780 016c 134B     		ldr	r3, .L74
 781 016e 1B68     		ldr	r3, [r3]
 427:Drivers/STM32C0xx_HAL_Driver/Src/stm32c0xx_hal_rcc_ex.c ****         {
 782              		.loc 1 427 17 view .LVU231
 783 0170 5B05     		lsls	r3, r3, #21
 784 0172 03D5     		bpl	.L49
 427:Drivers/STM32C0xx_HAL_Driver/Src/stm32c0xx_hal_rcc_ex.c ****         {
 785              		.loc 1 427 59 discriminator 1 view .LVU232
 786 0174 8023     		movs	r3, #128
 787 0176 1B02     		lsls	r3, r3, #8
 788 0178 9942     		cmp	r1, r3
 789 017a 08D0     		beq	.L73
 790              	.L49:
 431:Drivers/STM32C0xx_HAL_Driver/Src/stm32c0xx_hal_rcc_ex.c ****         {
 791              		.loc 1 431 14 is_stmt 1 view .LVU233
 431:Drivers/STM32C0xx_HAL_Driver/Src/stm32c0xx_hal_rcc_ex.c ****         {
 792              		.loc 1 431 17 is_stmt 0 view .LVU234
 793 017c C023     		movs	r3, #192
 794 017e 1B02     		lsls	r3, r3, #8
 795 0180 9942     		cmp	r1, r3
 796 0182 19D0     		beq	.L56
 311:Drivers/STM32C0xx_HAL_Driver/Src/stm32c0xx_hal_rcc_ex.c ****   uint32_t srcclk;
 797              		.loc 1 311 12 view .LVU235
 798 0184 0020     		movs	r0, #0
 799              	.LVL64:
 311:Drivers/STM32C0xx_HAL_Driver/Src/stm32c0xx_hal_rcc_ex.c ****   uint32_t srcclk;
 800              		.loc 1 311 12 view .LVU236
 801 0186 87E7     		b	.L32
 802              	.LVL65:
 803              	.L72:
 425:Drivers/STM32C0xx_HAL_Driver/Src/stm32c0xx_hal_rcc_ex.c ****         }
 804              		.loc 1 425 11 is_stmt 1 view .LVU237
 425:Drivers/STM32C0xx_HAL_Driver/Src/stm32c0xx_hal_rcc_ex.c ****         }
 805              		.loc 1 425 23 is_stmt 0 view .LVU238
 806 0188 FFF7FEFF 		bl	HAL_RCC_GetSysClockFreq
 807              	.LVL66:
 425:Drivers/STM32C0xx_HAL_Driver/Src/stm32c0xx_hal_rcc_ex.c ****         }
 808              		.loc 1 425 23 view .LVU239
 809 018c 84E7     		b	.L32
 810              	.LVL67:
 811              	.L73:
 429:Drivers/STM32C0xx_HAL_Driver/Src/stm32c0xx_hal_rcc_ex.c ****         }
 812              		.loc 1 429 11 is_stmt 1 view .LVU240
 429:Drivers/STM32C0xx_HAL_Driver/Src/stm32c0xx_hal_rcc_ex.c ****         }
 813              		.loc 1 429 38 is_stmt 0 view .LVU241
ARM GAS  C:\Users\amosd\AppData\Local\Temp\ccyPxSjF.s 			page 26


 814 018e 0B4B     		ldr	r3, .L74
 815 0190 1B68     		ldr	r3, [r3]
 429:Drivers/STM32C0xx_HAL_Driver/Src/stm32c0xx_hal_rcc_ex.c ****         }
 816              		.loc 1 429 69 view .LVU242
 817 0192 5B09     		lsrs	r3, r3, #5
 818 0194 0721     		movs	r1, #7
 819              	.LVL68:
 429:Drivers/STM32C0xx_HAL_Driver/Src/stm32c0xx_hal_rcc_ex.c ****         }
 820              		.loc 1 429 69 view .LVU243
 821 0196 1940     		ands	r1, r3
 429:Drivers/STM32C0xx_HAL_Driver/Src/stm32c0xx_hal_rcc_ex.c ****         }
 822              		.loc 1 429 94 view .LVU244
 823 0198 0131     		adds	r1, r1, #1
 429:Drivers/STM32C0xx_HAL_Driver/Src/stm32c0xx_hal_rcc_ex.c ****         }
 824              		.loc 1 429 21 view .LVU245
 825 019a 0948     		ldr	r0, .L74+4
 826              	.LVL69:
 429:Drivers/STM32C0xx_HAL_Driver/Src/stm32c0xx_hal_rcc_ex.c ****         }
 827              		.loc 1 429 21 view .LVU246
 828 019c FFF7FEFF 		bl	__aeabi_uidiv
 829              	.LVL70:
 429:Drivers/STM32C0xx_HAL_Driver/Src/stm32c0xx_hal_rcc_ex.c ****         }
 830              		.loc 1 429 21 view .LVU247
 831 01a0 7AE7     		b	.L32
 832              	.LVL71:
 833              	.L50:
 325:Drivers/STM32C0xx_HAL_Driver/Src/stm32c0xx_hal_rcc_ex.c ****     }
 834              		.loc 1 325 17 view .LVU248
 835 01a2 8020     		movs	r0, #128
 836              	.LVL72:
 325:Drivers/STM32C0xx_HAL_Driver/Src/stm32c0xx_hal_rcc_ex.c ****     }
 837              		.loc 1 325 17 view .LVU249
 838 01a4 0002     		lsls	r0, r0, #8
 839 01a6 77E7     		b	.L32
 840              	.LVL73:
 841              	.L51:
 330:Drivers/STM32C0xx_HAL_Driver/Src/stm32c0xx_hal_rcc_ex.c ****     }
 842              		.loc 1 330 17 view .LVU250
 843 01a8 FA20     		movs	r0, #250
 844              	.LVL74:
 330:Drivers/STM32C0xx_HAL_Driver/Src/stm32c0xx_hal_rcc_ex.c ****     }
 845              		.loc 1 330 17 view .LVU251
 846 01aa C001     		lsls	r0, r0, #7
 847 01ac 74E7     		b	.L32
 848              	.L52:
 335:Drivers/STM32C0xx_HAL_Driver/Src/stm32c0xx_hal_rcc_ex.c ****     }
 849              		.loc 1 335 17 view .LVU252
 850 01ae 0548     		ldr	r0, .L74+8
 851 01b0 72E7     		b	.L32
 852              	.LVL75:
 853              	.L53:
 368:Drivers/STM32C0xx_HAL_Driver/Src/stm32c0xx_hal_rcc_ex.c ****         }
 854              		.loc 1 368 21 view .LVU253
 855 01b2 8020     		movs	r0, #128
 856 01b4 0002     		lsls	r0, r0, #8
 857 01b6 6FE7     		b	.L32
 858              	.LVL76:
ARM GAS  C:\Users\amosd\AppData\Local\Temp\ccyPxSjF.s 			page 27


 859              	.L56:
 434:Drivers/STM32C0xx_HAL_Driver/Src/stm32c0xx_hal_rcc_ex.c ****         }
 860              		.loc 1 434 21 view .LVU254
 861 01b8 0348     		ldr	r0, .L74+12
 862              	.LVL77:
 490:Drivers/STM32C0xx_HAL_Driver/Src/stm32c0xx_hal_rcc_ex.c **** }
 863              		.loc 1 490 3 is_stmt 1 view .LVU255
 490:Drivers/STM32C0xx_HAL_Driver/Src/stm32c0xx_hal_rcc_ex.c **** }
 864              		.loc 1 490 10 is_stmt 0 view .LVU256
 865 01ba 6DE7     		b	.L32
 866              	.L75:
 867              		.align	2
 868              	.L74:
 869 01bc 00100240 		.word	1073876992
 870 01c0 006CDC02 		.word	48000000
 871 01c4 60E31600 		.word	1500000
 872 01c8 0080BB00 		.word	12288000
 873              		.cfi_endproc
 874              	.LFE216:
 876              		.section	.text.HAL_RCCEx_EnableLSCO,"ax",%progbits
 877              		.align	1
 878              		.global	HAL_RCCEx_EnableLSCO
 879              		.syntax unified
 880              		.code	16
 881              		.thumb_func
 883              	HAL_RCCEx_EnableLSCO:
 884              	.LVL78:
 885              	.LFB217:
 492:Drivers/STM32C0xx_HAL_Driver/Src/stm32c0xx_hal_rcc_ex.c **** 
 493:Drivers/STM32C0xx_HAL_Driver/Src/stm32c0xx_hal_rcc_ex.c **** /**
 494:Drivers/STM32C0xx_HAL_Driver/Src/stm32c0xx_hal_rcc_ex.c ****   * @}
 495:Drivers/STM32C0xx_HAL_Driver/Src/stm32c0xx_hal_rcc_ex.c ****   */
 496:Drivers/STM32C0xx_HAL_Driver/Src/stm32c0xx_hal_rcc_ex.c **** 
 497:Drivers/STM32C0xx_HAL_Driver/Src/stm32c0xx_hal_rcc_ex.c **** /** @defgroup RCCEx_Exported_Functions_Group2 Extended Clock management functions
 498:Drivers/STM32C0xx_HAL_Driver/Src/stm32c0xx_hal_rcc_ex.c ****   *  @brief  Extended Clock management functions
 499:Drivers/STM32C0xx_HAL_Driver/Src/stm32c0xx_hal_rcc_ex.c ****   *
 500:Drivers/STM32C0xx_HAL_Driver/Src/stm32c0xx_hal_rcc_ex.c **** @verbatim
 501:Drivers/STM32C0xx_HAL_Driver/Src/stm32c0xx_hal_rcc_ex.c ****  ===============================================================================
 502:Drivers/STM32C0xx_HAL_Driver/Src/stm32c0xx_hal_rcc_ex.c ****                 ##### Extended clock management functions  #####
 503:Drivers/STM32C0xx_HAL_Driver/Src/stm32c0xx_hal_rcc_ex.c ****  ===============================================================================
 504:Drivers/STM32C0xx_HAL_Driver/Src/stm32c0xx_hal_rcc_ex.c ****     [..]
 505:Drivers/STM32C0xx_HAL_Driver/Src/stm32c0xx_hal_rcc_ex.c ****     This subsection provides a set of functions allowing to control the
 506:Drivers/STM32C0xx_HAL_Driver/Src/stm32c0xx_hal_rcc_ex.c ****     activation or deactivation of LSE CSS, Low speed clock output and
 507:Drivers/STM32C0xx_HAL_Driver/Src/stm32c0xx_hal_rcc_ex.c ****     clock after wake-up from STOP mode.
 508:Drivers/STM32C0xx_HAL_Driver/Src/stm32c0xx_hal_rcc_ex.c **** @endverbatim
 509:Drivers/STM32C0xx_HAL_Driver/Src/stm32c0xx_hal_rcc_ex.c ****   * @{
 510:Drivers/STM32C0xx_HAL_Driver/Src/stm32c0xx_hal_rcc_ex.c ****   */
 511:Drivers/STM32C0xx_HAL_Driver/Src/stm32c0xx_hal_rcc_ex.c **** 
 512:Drivers/STM32C0xx_HAL_Driver/Src/stm32c0xx_hal_rcc_ex.c **** /**
 513:Drivers/STM32C0xx_HAL_Driver/Src/stm32c0xx_hal_rcc_ex.c ****   * @brief  Select the Low Speed clock source to output on LSCO pin (PA2).
 514:Drivers/STM32C0xx_HAL_Driver/Src/stm32c0xx_hal_rcc_ex.c ****   * @param  LSCOSource  specifies the Low Speed clock source to output.
 515:Drivers/STM32C0xx_HAL_Driver/Src/stm32c0xx_hal_rcc_ex.c ****   *          This parameter can be one of the following values:
 516:Drivers/STM32C0xx_HAL_Driver/Src/stm32c0xx_hal_rcc_ex.c ****   *            @arg @ref RCC_LSCOSOURCE_LSI  LSI clock selected as LSCO source
 517:Drivers/STM32C0xx_HAL_Driver/Src/stm32c0xx_hal_rcc_ex.c ****   *            @arg @ref RCC_LSCOSOURCE_LSE  LSE clock selected as LSCO source
 518:Drivers/STM32C0xx_HAL_Driver/Src/stm32c0xx_hal_rcc_ex.c ****   * @retval None
 519:Drivers/STM32C0xx_HAL_Driver/Src/stm32c0xx_hal_rcc_ex.c ****   */
 520:Drivers/STM32C0xx_HAL_Driver/Src/stm32c0xx_hal_rcc_ex.c **** void HAL_RCCEx_EnableLSCO(uint32_t LSCOSource)
ARM GAS  C:\Users\amosd\AppData\Local\Temp\ccyPxSjF.s 			page 28


 521:Drivers/STM32C0xx_HAL_Driver/Src/stm32c0xx_hal_rcc_ex.c **** {
 886              		.loc 1 521 1 is_stmt 1 view -0
 887              		.cfi_startproc
 888              		@ args = 0, pretend = 0, frame = 24
 889              		@ frame_needed = 0, uses_anonymous_args = 0
 890              		.loc 1 521 1 is_stmt 0 view .LVU258
 891 0000 30B5     		push	{r4, r5, lr}
 892              	.LCFI3:
 893              		.cfi_def_cfa_offset 12
 894              		.cfi_offset 4, -12
 895              		.cfi_offset 5, -8
 896              		.cfi_offset 14, -4
 897 0002 87B0     		sub	sp, sp, #28
 898              	.LCFI4:
 899              		.cfi_def_cfa_offset 40
 900 0004 0500     		movs	r5, r0
 522:Drivers/STM32C0xx_HAL_Driver/Src/stm32c0xx_hal_rcc_ex.c ****   GPIO_InitTypeDef GPIO_InitStruct;
 901              		.loc 1 522 3 is_stmt 1 view .LVU259
 523:Drivers/STM32C0xx_HAL_Driver/Src/stm32c0xx_hal_rcc_ex.c **** 
 524:Drivers/STM32C0xx_HAL_Driver/Src/stm32c0xx_hal_rcc_ex.c ****   /* Check the parameters */
 525:Drivers/STM32C0xx_HAL_Driver/Src/stm32c0xx_hal_rcc_ex.c ****   assert_param(IS_RCC_LSCOSOURCE(LSCOSource));
 902              		.loc 1 525 3 view .LVU260
 526:Drivers/STM32C0xx_HAL_Driver/Src/stm32c0xx_hal_rcc_ex.c **** 
 527:Drivers/STM32C0xx_HAL_Driver/Src/stm32c0xx_hal_rcc_ex.c ****   /* LSCO Pin Clock Enable */
 528:Drivers/STM32C0xx_HAL_Driver/Src/stm32c0xx_hal_rcc_ex.c ****   LSCO_CLK_ENABLE();
 903              		.loc 1 528 3 view .LVU261
 904              	.LBB7:
 905              		.loc 1 528 3 view .LVU262
 906              		.loc 1 528 3 view .LVU263
 907 0006 0F4C     		ldr	r4, .L77
 908 0008 626B     		ldr	r2, [r4, #52]
 909 000a 0123     		movs	r3, #1
 910 000c 1A43     		orrs	r2, r3
 911 000e 6263     		str	r2, [r4, #52]
 912              		.loc 1 528 3 view .LVU264
 913 0010 626B     		ldr	r2, [r4, #52]
 914 0012 1340     		ands	r3, r2
 915 0014 0093     		str	r3, [sp]
 916              		.loc 1 528 3 view .LVU265
 917 0016 009B     		ldr	r3, [sp]
 918              	.LBE7:
 919              		.loc 1 528 3 view .LVU266
 529:Drivers/STM32C0xx_HAL_Driver/Src/stm32c0xx_hal_rcc_ex.c **** 
 530:Drivers/STM32C0xx_HAL_Driver/Src/stm32c0xx_hal_rcc_ex.c ****   /* configure the LSCO pin in analog mode */
 531:Drivers/STM32C0xx_HAL_Driver/Src/stm32c0xx_hal_rcc_ex.c ****   GPIO_InitStruct.Pin = LSCO_PIN;
 920              		.loc 1 531 3 view .LVU267
 921              		.loc 1 531 23 is_stmt 0 view .LVU268
 922 0018 01A9     		add	r1, sp, #4
 923 001a 0423     		movs	r3, #4
 924 001c 0193     		str	r3, [sp, #4]
 532:Drivers/STM32C0xx_HAL_Driver/Src/stm32c0xx_hal_rcc_ex.c ****   GPIO_InitStruct.Mode = GPIO_MODE_ANALOG;
 925              		.loc 1 532 3 is_stmt 1 view .LVU269
 926              		.loc 1 532 24 is_stmt 0 view .LVU270
 927 001e 013B     		subs	r3, r3, #1
 928 0020 4B60     		str	r3, [r1, #4]
 533:Drivers/STM32C0xx_HAL_Driver/Src/stm32c0xx_hal_rcc_ex.c ****   GPIO_InitStruct.Speed = GPIO_SPEED_FREQ_VERY_HIGH;
 929              		.loc 1 533 3 is_stmt 1 view .LVU271
ARM GAS  C:\Users\amosd\AppData\Local\Temp\ccyPxSjF.s 			page 29


 930              		.loc 1 533 25 is_stmt 0 view .LVU272
 931 0022 CB60     		str	r3, [r1, #12]
 534:Drivers/STM32C0xx_HAL_Driver/Src/stm32c0xx_hal_rcc_ex.c ****   GPIO_InitStruct.Pull = GPIO_NOPULL;
 932              		.loc 1 534 3 is_stmt 1 view .LVU273
 933              		.loc 1 534 24 is_stmt 0 view .LVU274
 934 0024 0023     		movs	r3, #0
 935 0026 8B60     		str	r3, [r1, #8]
 535:Drivers/STM32C0xx_HAL_Driver/Src/stm32c0xx_hal_rcc_ex.c ****   HAL_GPIO_Init(LSCO_GPIO_PORT, &GPIO_InitStruct);
 936              		.loc 1 535 3 is_stmt 1 view .LVU275
 937 0028 A020     		movs	r0, #160
 938              	.LVL79:
 939              		.loc 1 535 3 is_stmt 0 view .LVU276
 940 002a C005     		lsls	r0, r0, #23
 941 002c FFF7FEFF 		bl	HAL_GPIO_Init
 942              	.LVL80:
 536:Drivers/STM32C0xx_HAL_Driver/Src/stm32c0xx_hal_rcc_ex.c **** 
 537:Drivers/STM32C0xx_HAL_Driver/Src/stm32c0xx_hal_rcc_ex.c ****   MODIFY_REG(RCC->CSR1, RCC_CSR1_LSCOSEL | RCC_CSR1_LSCOEN, LSCOSource | RCC_CSR1_LSCOEN);
 943              		.loc 1 537 3 is_stmt 1 view .LVU277
 944 0030 E06D     		ldr	r0, [r4, #92]
 945 0032 054B     		ldr	r3, .L77+4
 946 0034 1840     		ands	r0, r3
 947 0036 2843     		orrs	r0, r5
 948 0038 8023     		movs	r3, #128
 949 003a 5B04     		lsls	r3, r3, #17
 950 003c 0343     		orrs	r3, r0
 951 003e E365     		str	r3, [r4, #92]
 538:Drivers/STM32C0xx_HAL_Driver/Src/stm32c0xx_hal_rcc_ex.c **** 
 539:Drivers/STM32C0xx_HAL_Driver/Src/stm32c0xx_hal_rcc_ex.c **** }
 952              		.loc 1 539 1 is_stmt 0 view .LVU278
 953 0040 07B0     		add	sp, sp, #28
 954              		@ sp needed
 955              	.LVL81:
 956              		.loc 1 539 1 view .LVU279
 957 0042 30BD     		pop	{r4, r5, pc}
 958              	.L78:
 959              		.align	2
 960              	.L77:
 961 0044 00100240 		.word	1073876992
 962 0048 FFFFFFFC 		.word	-50331649
 963              		.cfi_endproc
 964              	.LFE217:
 966              		.section	.text.HAL_RCCEx_DisableLSCO,"ax",%progbits
 967              		.align	1
 968              		.global	HAL_RCCEx_DisableLSCO
 969              		.syntax unified
 970              		.code	16
 971              		.thumb_func
 973              	HAL_RCCEx_DisableLSCO:
 974              	.LFB218:
 540:Drivers/STM32C0xx_HAL_Driver/Src/stm32c0xx_hal_rcc_ex.c **** 
 541:Drivers/STM32C0xx_HAL_Driver/Src/stm32c0xx_hal_rcc_ex.c **** /**
 542:Drivers/STM32C0xx_HAL_Driver/Src/stm32c0xx_hal_rcc_ex.c ****   * @brief  Disable the Low Speed clock output.
 543:Drivers/STM32C0xx_HAL_Driver/Src/stm32c0xx_hal_rcc_ex.c ****   * @retval None
 544:Drivers/STM32C0xx_HAL_Driver/Src/stm32c0xx_hal_rcc_ex.c ****   */
 545:Drivers/STM32C0xx_HAL_Driver/Src/stm32c0xx_hal_rcc_ex.c **** void HAL_RCCEx_DisableLSCO(void)
 546:Drivers/STM32C0xx_HAL_Driver/Src/stm32c0xx_hal_rcc_ex.c **** {
 975              		.loc 1 546 1 is_stmt 1 view -0
ARM GAS  C:\Users\amosd\AppData\Local\Temp\ccyPxSjF.s 			page 30


 976              		.cfi_startproc
 977              		@ args = 0, pretend = 0, frame = 0
 978              		@ frame_needed = 0, uses_anonymous_args = 0
 979              		@ link register save eliminated.
 547:Drivers/STM32C0xx_HAL_Driver/Src/stm32c0xx_hal_rcc_ex.c **** 
 548:Drivers/STM32C0xx_HAL_Driver/Src/stm32c0xx_hal_rcc_ex.c ****   CLEAR_BIT(RCC->CSR1, RCC_CSR1_LSCOEN);
 980              		.loc 1 548 3 view .LVU281
 981 0000 024A     		ldr	r2, .L80
 982 0002 D36D     		ldr	r3, [r2, #92]
 983 0004 0249     		ldr	r1, .L80+4
 984 0006 0B40     		ands	r3, r1
 985 0008 D365     		str	r3, [r2, #92]
 549:Drivers/STM32C0xx_HAL_Driver/Src/stm32c0xx_hal_rcc_ex.c **** 
 550:Drivers/STM32C0xx_HAL_Driver/Src/stm32c0xx_hal_rcc_ex.c **** }
 986              		.loc 1 550 1 is_stmt 0 view .LVU282
 987              		@ sp needed
 988 000a 7047     		bx	lr
 989              	.L81:
 990              		.align	2
 991              	.L80:
 992 000c 00100240 		.word	1073876992
 993 0010 FFFFFFFE 		.word	-16777217
 994              		.cfi_endproc
 995              	.LFE218:
 997              		.text
 998              	.Letext0:
 999              		.file 2 "C:/Program Files (x86)/Arm GNU Toolchain arm-none-eabi/14.2 rel1/arm-none-eabi/include/ma
 1000              		.file 3 "C:/Program Files (x86)/Arm GNU Toolchain arm-none-eabi/14.2 rel1/arm-none-eabi/include/sy
 1001              		.file 4 "Drivers/CMSIS/Device/ST/STM32C0xx/Include/stm32c031xx.h"
 1002              		.file 5 "Drivers/CMSIS/Device/ST/STM32C0xx/Include/stm32c0xx.h"
 1003              		.file 6 "Drivers/STM32C0xx_HAL_Driver/Inc/stm32c0xx_hal_def.h"
 1004              		.file 7 "Drivers/STM32C0xx_HAL_Driver/Inc/stm32c0xx_hal_rcc_ex.h"
 1005              		.file 8 "Drivers/STM32C0xx_HAL_Driver/Inc/stm32c0xx_hal_gpio.h"
 1006              		.file 9 "Drivers/STM32C0xx_HAL_Driver/Inc/stm32c0xx_hal_rcc.h"
 1007              		.file 10 "Drivers/STM32C0xx_HAL_Driver/Inc/stm32c0xx_hal.h"
ARM GAS  C:\Users\amosd\AppData\Local\Temp\ccyPxSjF.s 			page 31


DEFINED SYMBOLS
                            *ABS*:00000000 stm32c0xx_hal_rcc_ex.c
C:\Users\amosd\AppData\Local\Temp\ccyPxSjF.s:19     .text.HAL_RCCEx_PeriphCLKConfig:00000000 $t
C:\Users\amosd\AppData\Local\Temp\ccyPxSjF.s:25     .text.HAL_RCCEx_PeriphCLKConfig:00000000 HAL_RCCEx_PeriphCLKConfig
C:\Users\amosd\AppData\Local\Temp\ccyPxSjF.s:322    .text.HAL_RCCEx_PeriphCLKConfig:00000118 $d
C:\Users\amosd\AppData\Local\Temp\ccyPxSjF.s:333    .text.HAL_RCCEx_GetPeriphCLKConfig:00000000 $t
C:\Users\amosd\AppData\Local\Temp\ccyPxSjF.s:339    .text.HAL_RCCEx_GetPeriphCLKConfig:00000000 HAL_RCCEx_GetPeriphCLKConfig
C:\Users\amosd\AppData\Local\Temp\ccyPxSjF.s:403    .text.HAL_RCCEx_GetPeriphCLKConfig:00000040 $d
C:\Users\amosd\AppData\Local\Temp\ccyPxSjF.s:408    .text.HAL_RCCEx_GetPeriphCLKFreq:00000000 $t
C:\Users\amosd\AppData\Local\Temp\ccyPxSjF.s:414    .text.HAL_RCCEx_GetPeriphCLKFreq:00000000 HAL_RCCEx_GetPeriphCLKFreq
C:\Users\amosd\AppData\Local\Temp\ccyPxSjF.s:869    .text.HAL_RCCEx_GetPeriphCLKFreq:000001bc $d
C:\Users\amosd\AppData\Local\Temp\ccyPxSjF.s:877    .text.HAL_RCCEx_EnableLSCO:00000000 $t
C:\Users\amosd\AppData\Local\Temp\ccyPxSjF.s:883    .text.HAL_RCCEx_EnableLSCO:00000000 HAL_RCCEx_EnableLSCO
C:\Users\amosd\AppData\Local\Temp\ccyPxSjF.s:961    .text.HAL_RCCEx_EnableLSCO:00000044 $d
C:\Users\amosd\AppData\Local\Temp\ccyPxSjF.s:967    .text.HAL_RCCEx_DisableLSCO:00000000 $t
C:\Users\amosd\AppData\Local\Temp\ccyPxSjF.s:973    .text.HAL_RCCEx_DisableLSCO:00000000 HAL_RCCEx_DisableLSCO
C:\Users\amosd\AppData\Local\Temp\ccyPxSjF.s:992    .text.HAL_RCCEx_DisableLSCO:0000000c $d

UNDEFINED SYMBOLS
HAL_GetTick
HAL_RCC_GetPCLK1Freq
HAL_RCC_GetSysClockFreq
__aeabi_uidiv
HAL_GPIO_Init
