ARM GAS  C:\Users\amosd\AppData\Local\Temp\ccZNTucz.s 			page 1


   1              		.cpu cortex-m0plus
   2              		.arch armv6s-m
   3              		.fpu softvfp
   4              		.eabi_attribute 20, 1
   5              		.eabi_attribute 21, 1
   6              		.eabi_attribute 23, 3
   7              		.eabi_attribute 24, 1
   8              		.eabi_attribute 25, 1
   9              		.eabi_attribute 26, 1
  10              		.eabi_attribute 30, 1
  11              		.eabi_attribute 34, 0
  12              		.eabi_attribute 18, 4
  13              		.file	"stm32c0xx_hal.c"
  14              		.text
  15              	.Ltext0:
  16              		.cfi_sections	.debug_frame
  17              		.file 1 "Drivers/STM32C0xx_HAL_Driver/Src/stm32c0xx_hal.c"
  18              		.section	.text.HAL_MspInit,"ax",%progbits
  19              		.align	1
  20              		.weak	HAL_MspInit
  21              		.syntax unified
  22              		.code	16
  23              		.thumb_func
  25              	HAL_MspInit:
  26              	.LFB216:
   1:Drivers/STM32C0xx_HAL_Driver/Src/stm32c0xx_hal.c **** /**
   2:Drivers/STM32C0xx_HAL_Driver/Src/stm32c0xx_hal.c ****   ******************************************************************************
   3:Drivers/STM32C0xx_HAL_Driver/Src/stm32c0xx_hal.c ****   * @file    stm32c0xx_hal.c
   4:Drivers/STM32C0xx_HAL_Driver/Src/stm32c0xx_hal.c ****   * @author  MCD Application Team
   5:Drivers/STM32C0xx_HAL_Driver/Src/stm32c0xx_hal.c ****   * @brief   HAL module driver.
   6:Drivers/STM32C0xx_HAL_Driver/Src/stm32c0xx_hal.c ****   *          This is the common part of the HAL initialization
   7:Drivers/STM32C0xx_HAL_Driver/Src/stm32c0xx_hal.c ****   *
   8:Drivers/STM32C0xx_HAL_Driver/Src/stm32c0xx_hal.c ****   ******************************************************************************
   9:Drivers/STM32C0xx_HAL_Driver/Src/stm32c0xx_hal.c ****   * @attention
  10:Drivers/STM32C0xx_HAL_Driver/Src/stm32c0xx_hal.c ****   *
  11:Drivers/STM32C0xx_HAL_Driver/Src/stm32c0xx_hal.c ****   * Copyright (c) 2022 STMicroelectronics.
  12:Drivers/STM32C0xx_HAL_Driver/Src/stm32c0xx_hal.c ****   * All rights reserved.
  13:Drivers/STM32C0xx_HAL_Driver/Src/stm32c0xx_hal.c ****   *
  14:Drivers/STM32C0xx_HAL_Driver/Src/stm32c0xx_hal.c ****   * This software is licensed under terms that can be found in the LICENSE file
  15:Drivers/STM32C0xx_HAL_Driver/Src/stm32c0xx_hal.c ****   * in the root directory of this software component.
  16:Drivers/STM32C0xx_HAL_Driver/Src/stm32c0xx_hal.c ****   * If no LICENSE file comes with this software, it is provided AS-IS.
  17:Drivers/STM32C0xx_HAL_Driver/Src/stm32c0xx_hal.c ****   *
  18:Drivers/STM32C0xx_HAL_Driver/Src/stm32c0xx_hal.c ****   ******************************************************************************
  19:Drivers/STM32C0xx_HAL_Driver/Src/stm32c0xx_hal.c ****   @verbatim
  20:Drivers/STM32C0xx_HAL_Driver/Src/stm32c0xx_hal.c ****   ==============================================================================
  21:Drivers/STM32C0xx_HAL_Driver/Src/stm32c0xx_hal.c ****                      ##### How to use this driver #####
  22:Drivers/STM32C0xx_HAL_Driver/Src/stm32c0xx_hal.c ****   ==============================================================================
  23:Drivers/STM32C0xx_HAL_Driver/Src/stm32c0xx_hal.c ****     [..]
  24:Drivers/STM32C0xx_HAL_Driver/Src/stm32c0xx_hal.c ****     The common HAL driver contains a set of generic and common APIs that can be
  25:Drivers/STM32C0xx_HAL_Driver/Src/stm32c0xx_hal.c ****     used by the PPP peripheral drivers and the user to start using the HAL.
  26:Drivers/STM32C0xx_HAL_Driver/Src/stm32c0xx_hal.c ****     [..]
  27:Drivers/STM32C0xx_HAL_Driver/Src/stm32c0xx_hal.c ****     The HAL contains two APIs' categories:
  28:Drivers/STM32C0xx_HAL_Driver/Src/stm32c0xx_hal.c ****          (+) Common HAL APIs
  29:Drivers/STM32C0xx_HAL_Driver/Src/stm32c0xx_hal.c ****          (+) Services HAL APIs
  30:Drivers/STM32C0xx_HAL_Driver/Src/stm32c0xx_hal.c **** 
  31:Drivers/STM32C0xx_HAL_Driver/Src/stm32c0xx_hal.c ****   @endverbatim
  32:Drivers/STM32C0xx_HAL_Driver/Src/stm32c0xx_hal.c ****   ******************************************************************************
ARM GAS  C:\Users\amosd\AppData\Local\Temp\ccZNTucz.s 			page 2


  33:Drivers/STM32C0xx_HAL_Driver/Src/stm32c0xx_hal.c ****   */
  34:Drivers/STM32C0xx_HAL_Driver/Src/stm32c0xx_hal.c **** 
  35:Drivers/STM32C0xx_HAL_Driver/Src/stm32c0xx_hal.c **** /* Includes ------------------------------------------------------------------*/
  36:Drivers/STM32C0xx_HAL_Driver/Src/stm32c0xx_hal.c **** #include "stm32c0xx_hal.h"
  37:Drivers/STM32C0xx_HAL_Driver/Src/stm32c0xx_hal.c **** 
  38:Drivers/STM32C0xx_HAL_Driver/Src/stm32c0xx_hal.c **** /** @addtogroup STM32C0xx_HAL_Driver
  39:Drivers/STM32C0xx_HAL_Driver/Src/stm32c0xx_hal.c ****   * @{
  40:Drivers/STM32C0xx_HAL_Driver/Src/stm32c0xx_hal.c ****   */
  41:Drivers/STM32C0xx_HAL_Driver/Src/stm32c0xx_hal.c **** 
  42:Drivers/STM32C0xx_HAL_Driver/Src/stm32c0xx_hal.c **** /** @addtogroup HAL
  43:Drivers/STM32C0xx_HAL_Driver/Src/stm32c0xx_hal.c ****   * @brief HAL module driver
  44:Drivers/STM32C0xx_HAL_Driver/Src/stm32c0xx_hal.c ****   * @{
  45:Drivers/STM32C0xx_HAL_Driver/Src/stm32c0xx_hal.c ****   */
  46:Drivers/STM32C0xx_HAL_Driver/Src/stm32c0xx_hal.c **** 
  47:Drivers/STM32C0xx_HAL_Driver/Src/stm32c0xx_hal.c **** #ifdef HAL_MODULE_ENABLED
  48:Drivers/STM32C0xx_HAL_Driver/Src/stm32c0xx_hal.c **** 
  49:Drivers/STM32C0xx_HAL_Driver/Src/stm32c0xx_hal.c **** /* Private typedef -----------------------------------------------------------*/
  50:Drivers/STM32C0xx_HAL_Driver/Src/stm32c0xx_hal.c **** /* Private define ------------------------------------------------------------*/
  51:Drivers/STM32C0xx_HAL_Driver/Src/stm32c0xx_hal.c **** 
  52:Drivers/STM32C0xx_HAL_Driver/Src/stm32c0xx_hal.c **** /** @defgroup HAL_Private_Constants HAL Private Constants
  53:Drivers/STM32C0xx_HAL_Driver/Src/stm32c0xx_hal.c ****   * @{
  54:Drivers/STM32C0xx_HAL_Driver/Src/stm32c0xx_hal.c ****   */
  55:Drivers/STM32C0xx_HAL_Driver/Src/stm32c0xx_hal.c **** /**
  56:Drivers/STM32C0xx_HAL_Driver/Src/stm32c0xx_hal.c ****   * @brief STM32C0xx HAL Driver version number
  57:Drivers/STM32C0xx_HAL_Driver/Src/stm32c0xx_hal.c ****    */
  58:Drivers/STM32C0xx_HAL_Driver/Src/stm32c0xx_hal.c **** #define __STM32C0xx_HAL_VERSION_MAIN   (0x01UL) /*!< [31:24] main version */
  59:Drivers/STM32C0xx_HAL_Driver/Src/stm32c0xx_hal.c **** #define __STM32C0xx_HAL_VERSION_SUB1   (0x04UL) /*!< [23:16] sub1 version */
  60:Drivers/STM32C0xx_HAL_Driver/Src/stm32c0xx_hal.c **** #define __STM32C0xx_HAL_VERSION_SUB2   (0x01UL) /*!< [15:8]  sub2 version */
  61:Drivers/STM32C0xx_HAL_Driver/Src/stm32c0xx_hal.c **** #define __STM32C0xx_HAL_VERSION_RC     (0x00UL) /*!< [7:0]  release candidate */
  62:Drivers/STM32C0xx_HAL_Driver/Src/stm32c0xx_hal.c **** #define __STM32C0xx_HAL_VERSION         ((__STM32C0xx_HAL_VERSION_MAIN << 24U)\
  63:Drivers/STM32C0xx_HAL_Driver/Src/stm32c0xx_hal.c ****                                          |(__STM32C0xx_HAL_VERSION_SUB1 << 16U)\
  64:Drivers/STM32C0xx_HAL_Driver/Src/stm32c0xx_hal.c ****                                          |(__STM32C0xx_HAL_VERSION_SUB2 << 8U )\
  65:Drivers/STM32C0xx_HAL_Driver/Src/stm32c0xx_hal.c ****                                          |(__STM32C0xx_HAL_VERSION_RC))
  66:Drivers/STM32C0xx_HAL_Driver/Src/stm32c0xx_hal.c **** 
  67:Drivers/STM32C0xx_HAL_Driver/Src/stm32c0xx_hal.c **** /**
  68:Drivers/STM32C0xx_HAL_Driver/Src/stm32c0xx_hal.c ****   * @}
  69:Drivers/STM32C0xx_HAL_Driver/Src/stm32c0xx_hal.c ****   */
  70:Drivers/STM32C0xx_HAL_Driver/Src/stm32c0xx_hal.c **** 
  71:Drivers/STM32C0xx_HAL_Driver/Src/stm32c0xx_hal.c **** /* Private macro -------------------------------------------------------------*/
  72:Drivers/STM32C0xx_HAL_Driver/Src/stm32c0xx_hal.c **** /* Exported variables ---------------------------------------------------------*/
  73:Drivers/STM32C0xx_HAL_Driver/Src/stm32c0xx_hal.c **** /** @defgroup HAL_Exported_Variables HAL Exported Variables
  74:Drivers/STM32C0xx_HAL_Driver/Src/stm32c0xx_hal.c ****   * @{
  75:Drivers/STM32C0xx_HAL_Driver/Src/stm32c0xx_hal.c ****   */
  76:Drivers/STM32C0xx_HAL_Driver/Src/stm32c0xx_hal.c **** __IO uint32_t uwTick;
  77:Drivers/STM32C0xx_HAL_Driver/Src/stm32c0xx_hal.c **** uint32_t uwTickPrio = (1UL << __NVIC_PRIO_BITS); /* Invalid PRIO */
  78:Drivers/STM32C0xx_HAL_Driver/Src/stm32c0xx_hal.c **** HAL_TickFreqTypeDef uwTickFreq = HAL_TICK_FREQ_DEFAULT;  /* 1KHz */
  79:Drivers/STM32C0xx_HAL_Driver/Src/stm32c0xx_hal.c **** /**
  80:Drivers/STM32C0xx_HAL_Driver/Src/stm32c0xx_hal.c ****   * @}
  81:Drivers/STM32C0xx_HAL_Driver/Src/stm32c0xx_hal.c ****   */
  82:Drivers/STM32C0xx_HAL_Driver/Src/stm32c0xx_hal.c **** 
  83:Drivers/STM32C0xx_HAL_Driver/Src/stm32c0xx_hal.c **** /* Private function prototypes -----------------------------------------------*/
  84:Drivers/STM32C0xx_HAL_Driver/Src/stm32c0xx_hal.c **** /* Exported functions --------------------------------------------------------*/
  85:Drivers/STM32C0xx_HAL_Driver/Src/stm32c0xx_hal.c **** 
  86:Drivers/STM32C0xx_HAL_Driver/Src/stm32c0xx_hal.c **** /** @addtogroup HAL_Exported_Functions
  87:Drivers/STM32C0xx_HAL_Driver/Src/stm32c0xx_hal.c ****   * @{
  88:Drivers/STM32C0xx_HAL_Driver/Src/stm32c0xx_hal.c ****   */
  89:Drivers/STM32C0xx_HAL_Driver/Src/stm32c0xx_hal.c **** 
ARM GAS  C:\Users\amosd\AppData\Local\Temp\ccZNTucz.s 			page 3


  90:Drivers/STM32C0xx_HAL_Driver/Src/stm32c0xx_hal.c **** /** @addtogroup HAL_Exported_Functions_Group1
  91:Drivers/STM32C0xx_HAL_Driver/Src/stm32c0xx_hal.c ****   *  @brief    HAL Initialization and Configuration functions
  92:Drivers/STM32C0xx_HAL_Driver/Src/stm32c0xx_hal.c ****   *
  93:Drivers/STM32C0xx_HAL_Driver/Src/stm32c0xx_hal.c **** @verbatim
  94:Drivers/STM32C0xx_HAL_Driver/Src/stm32c0xx_hal.c ****  ===============================================================================
  95:Drivers/STM32C0xx_HAL_Driver/Src/stm32c0xx_hal.c ****            ##### HAL Initialization and Configuration functions #####
  96:Drivers/STM32C0xx_HAL_Driver/Src/stm32c0xx_hal.c ****  ===============================================================================
  97:Drivers/STM32C0xx_HAL_Driver/Src/stm32c0xx_hal.c ****     [..]  This section provides functions allowing to:
  98:Drivers/STM32C0xx_HAL_Driver/Src/stm32c0xx_hal.c ****       (+) Initialize the Flash interface the NVIC allocation and initial time base
  99:Drivers/STM32C0xx_HAL_Driver/Src/stm32c0xx_hal.c ****           clock configuration.
 100:Drivers/STM32C0xx_HAL_Driver/Src/stm32c0xx_hal.c ****       (+) De-initialize common part of the HAL.
 101:Drivers/STM32C0xx_HAL_Driver/Src/stm32c0xx_hal.c ****       (+) Configure the time base source to have 1ms time base with a dedicated
 102:Drivers/STM32C0xx_HAL_Driver/Src/stm32c0xx_hal.c ****           Tick interrupt priority.
 103:Drivers/STM32C0xx_HAL_Driver/Src/stm32c0xx_hal.c ****         (++) SysTick timer is used by default as source of time base, but user
 104:Drivers/STM32C0xx_HAL_Driver/Src/stm32c0xx_hal.c ****              can eventually implement his proper time base source (a general purpose
 105:Drivers/STM32C0xx_HAL_Driver/Src/stm32c0xx_hal.c ****              timer for example or other time source), keeping in mind that Time base
 106:Drivers/STM32C0xx_HAL_Driver/Src/stm32c0xx_hal.c ****              duration should be kept 1ms since PPP_TIMEOUT_VALUEs are defined and
 107:Drivers/STM32C0xx_HAL_Driver/Src/stm32c0xx_hal.c ****              handled in milliseconds basis.
 108:Drivers/STM32C0xx_HAL_Driver/Src/stm32c0xx_hal.c ****         (++) Time base configuration function (HAL_InitTick ()) is called automatically
 109:Drivers/STM32C0xx_HAL_Driver/Src/stm32c0xx_hal.c ****              at the beginning of the program after reset by HAL_Init() or at any time
 110:Drivers/STM32C0xx_HAL_Driver/Src/stm32c0xx_hal.c ****              when clock is configured, by HAL_RCC_ClockConfig().
 111:Drivers/STM32C0xx_HAL_Driver/Src/stm32c0xx_hal.c ****         (++) Source of time base is configured  to generate interrupts at regular
 112:Drivers/STM32C0xx_HAL_Driver/Src/stm32c0xx_hal.c ****              time intervals. Care must be taken if HAL_Delay() is called from a
 113:Drivers/STM32C0xx_HAL_Driver/Src/stm32c0xx_hal.c ****              peripheral ISR process, the Tick interrupt line must have higher priority
 114:Drivers/STM32C0xx_HAL_Driver/Src/stm32c0xx_hal.c ****             (numerically lower) than the peripheral interrupt. Otherwise the caller
 115:Drivers/STM32C0xx_HAL_Driver/Src/stm32c0xx_hal.c ****             ISR process will be blocked.
 116:Drivers/STM32C0xx_HAL_Driver/Src/stm32c0xx_hal.c ****        (++) functions affecting time base configurations are declared as __weak
 117:Drivers/STM32C0xx_HAL_Driver/Src/stm32c0xx_hal.c ****              to make  override possible  in case of other  implementations in user file.
 118:Drivers/STM32C0xx_HAL_Driver/Src/stm32c0xx_hal.c **** @endverbatim
 119:Drivers/STM32C0xx_HAL_Driver/Src/stm32c0xx_hal.c ****   * @{
 120:Drivers/STM32C0xx_HAL_Driver/Src/stm32c0xx_hal.c ****   */
 121:Drivers/STM32C0xx_HAL_Driver/Src/stm32c0xx_hal.c **** 
 122:Drivers/STM32C0xx_HAL_Driver/Src/stm32c0xx_hal.c **** /**
 123:Drivers/STM32C0xx_HAL_Driver/Src/stm32c0xx_hal.c ****   * @brief  Configure the Flash prefetch and the Instruction cache,
 124:Drivers/STM32C0xx_HAL_Driver/Src/stm32c0xx_hal.c ****   *         the time base source, NVIC and any required global low level hardware
 125:Drivers/STM32C0xx_HAL_Driver/Src/stm32c0xx_hal.c ****   *         by calling the HAL_MspInit() callback function to be optionally defined in user file
 126:Drivers/STM32C0xx_HAL_Driver/Src/stm32c0xx_hal.c ****   *         stm32c0xx_hal_msp.c.
 127:Drivers/STM32C0xx_HAL_Driver/Src/stm32c0xx_hal.c ****   *
 128:Drivers/STM32C0xx_HAL_Driver/Src/stm32c0xx_hal.c ****   * @note   HAL_Init() function is called at the beginning of program after reset and before
 129:Drivers/STM32C0xx_HAL_Driver/Src/stm32c0xx_hal.c ****   *         the clock configuration.
 130:Drivers/STM32C0xx_HAL_Driver/Src/stm32c0xx_hal.c ****   *
 131:Drivers/STM32C0xx_HAL_Driver/Src/stm32c0xx_hal.c ****   * @note   In the default implementation the System Timer (Systick) is used as source of time base
 132:Drivers/STM32C0xx_HAL_Driver/Src/stm32c0xx_hal.c ****   *         The Systick configuration is based on HSI clock, as HSI is the clock
 133:Drivers/STM32C0xx_HAL_Driver/Src/stm32c0xx_hal.c ****   *         used after a system Reset.
 134:Drivers/STM32C0xx_HAL_Driver/Src/stm32c0xx_hal.c ****   *         Once done, time base tick starts incrementing: the tick variable counter is incremented
 135:Drivers/STM32C0xx_HAL_Driver/Src/stm32c0xx_hal.c ****   *         each 1ms in the SysTick_Handler() interrupt handler.
 136:Drivers/STM32C0xx_HAL_Driver/Src/stm32c0xx_hal.c ****   *
 137:Drivers/STM32C0xx_HAL_Driver/Src/stm32c0xx_hal.c ****   * @retval HAL status
 138:Drivers/STM32C0xx_HAL_Driver/Src/stm32c0xx_hal.c ****   */
 139:Drivers/STM32C0xx_HAL_Driver/Src/stm32c0xx_hal.c **** HAL_StatusTypeDef HAL_Init(void)
 140:Drivers/STM32C0xx_HAL_Driver/Src/stm32c0xx_hal.c **** {
 141:Drivers/STM32C0xx_HAL_Driver/Src/stm32c0xx_hal.c ****   HAL_StatusTypeDef  status = HAL_OK;
 142:Drivers/STM32C0xx_HAL_Driver/Src/stm32c0xx_hal.c **** 
 143:Drivers/STM32C0xx_HAL_Driver/Src/stm32c0xx_hal.c ****   /* Configure Flash prefetch, Instruction cache             */
 144:Drivers/STM32C0xx_HAL_Driver/Src/stm32c0xx_hal.c ****   /* Default configuration at reset is:                      */
 145:Drivers/STM32C0xx_HAL_Driver/Src/stm32c0xx_hal.c ****   /* - Prefetch disabled                                     */
 146:Drivers/STM32C0xx_HAL_Driver/Src/stm32c0xx_hal.c ****   /* - Instruction cache enabled                             */
ARM GAS  C:\Users\amosd\AppData\Local\Temp\ccZNTucz.s 			page 4


 147:Drivers/STM32C0xx_HAL_Driver/Src/stm32c0xx_hal.c **** 
 148:Drivers/STM32C0xx_HAL_Driver/Src/stm32c0xx_hal.c **** #if (INSTRUCTION_CACHE_ENABLE == 0U)
 149:Drivers/STM32C0xx_HAL_Driver/Src/stm32c0xx_hal.c ****   __HAL_FLASH_INSTRUCTION_CACHE_DISABLE();
 150:Drivers/STM32C0xx_HAL_Driver/Src/stm32c0xx_hal.c **** #endif /* INSTRUCTION_CACHE_ENABLE */
 151:Drivers/STM32C0xx_HAL_Driver/Src/stm32c0xx_hal.c **** 
 152:Drivers/STM32C0xx_HAL_Driver/Src/stm32c0xx_hal.c **** #if (PREFETCH_ENABLE != 0U)
 153:Drivers/STM32C0xx_HAL_Driver/Src/stm32c0xx_hal.c ****   __HAL_FLASH_PREFETCH_BUFFER_ENABLE();
 154:Drivers/STM32C0xx_HAL_Driver/Src/stm32c0xx_hal.c **** #endif /* PREFETCH_ENABLE */
 155:Drivers/STM32C0xx_HAL_Driver/Src/stm32c0xx_hal.c **** 
 156:Drivers/STM32C0xx_HAL_Driver/Src/stm32c0xx_hal.c ****   /* Use SysTick as time base source and configure 1ms tick (default clock after Reset is HSI) */
 157:Drivers/STM32C0xx_HAL_Driver/Src/stm32c0xx_hal.c ****   if (HAL_InitTick(TICK_INT_PRIORITY) != HAL_OK)
 158:Drivers/STM32C0xx_HAL_Driver/Src/stm32c0xx_hal.c ****   {
 159:Drivers/STM32C0xx_HAL_Driver/Src/stm32c0xx_hal.c ****     status = HAL_ERROR;
 160:Drivers/STM32C0xx_HAL_Driver/Src/stm32c0xx_hal.c ****   }
 161:Drivers/STM32C0xx_HAL_Driver/Src/stm32c0xx_hal.c ****   else
 162:Drivers/STM32C0xx_HAL_Driver/Src/stm32c0xx_hal.c ****   {
 163:Drivers/STM32C0xx_HAL_Driver/Src/stm32c0xx_hal.c ****     /* Init the low level hardware */
 164:Drivers/STM32C0xx_HAL_Driver/Src/stm32c0xx_hal.c ****     HAL_MspInit();
 165:Drivers/STM32C0xx_HAL_Driver/Src/stm32c0xx_hal.c ****   }
 166:Drivers/STM32C0xx_HAL_Driver/Src/stm32c0xx_hal.c **** 
 167:Drivers/STM32C0xx_HAL_Driver/Src/stm32c0xx_hal.c ****   /* Return function status */
 168:Drivers/STM32C0xx_HAL_Driver/Src/stm32c0xx_hal.c ****   return status;
 169:Drivers/STM32C0xx_HAL_Driver/Src/stm32c0xx_hal.c **** }
 170:Drivers/STM32C0xx_HAL_Driver/Src/stm32c0xx_hal.c **** 
 171:Drivers/STM32C0xx_HAL_Driver/Src/stm32c0xx_hal.c **** /**
 172:Drivers/STM32C0xx_HAL_Driver/Src/stm32c0xx_hal.c ****   * @brief  This function de-Initializes common part of the HAL and stops the source of time base.
 173:Drivers/STM32C0xx_HAL_Driver/Src/stm32c0xx_hal.c ****   * @note   This function is optional.
 174:Drivers/STM32C0xx_HAL_Driver/Src/stm32c0xx_hal.c ****   * @retval HAL status
 175:Drivers/STM32C0xx_HAL_Driver/Src/stm32c0xx_hal.c ****   */
 176:Drivers/STM32C0xx_HAL_Driver/Src/stm32c0xx_hal.c **** HAL_StatusTypeDef HAL_DeInit(void)
 177:Drivers/STM32C0xx_HAL_Driver/Src/stm32c0xx_hal.c **** {
 178:Drivers/STM32C0xx_HAL_Driver/Src/stm32c0xx_hal.c ****   /* Reset of all peripherals */
 179:Drivers/STM32C0xx_HAL_Driver/Src/stm32c0xx_hal.c ****   __HAL_RCC_APB1_GRP1_FORCE_RESET();
 180:Drivers/STM32C0xx_HAL_Driver/Src/stm32c0xx_hal.c ****   __HAL_RCC_APB1_GRP1_RELEASE_RESET();
 181:Drivers/STM32C0xx_HAL_Driver/Src/stm32c0xx_hal.c **** 
 182:Drivers/STM32C0xx_HAL_Driver/Src/stm32c0xx_hal.c ****   __HAL_RCC_APB1_GRP2_FORCE_RESET();
 183:Drivers/STM32C0xx_HAL_Driver/Src/stm32c0xx_hal.c ****   __HAL_RCC_APB1_GRP2_RELEASE_RESET();
 184:Drivers/STM32C0xx_HAL_Driver/Src/stm32c0xx_hal.c **** 
 185:Drivers/STM32C0xx_HAL_Driver/Src/stm32c0xx_hal.c ****   __HAL_RCC_AHB_FORCE_RESET();
 186:Drivers/STM32C0xx_HAL_Driver/Src/stm32c0xx_hal.c ****   __HAL_RCC_AHB_RELEASE_RESET();
 187:Drivers/STM32C0xx_HAL_Driver/Src/stm32c0xx_hal.c **** 
 188:Drivers/STM32C0xx_HAL_Driver/Src/stm32c0xx_hal.c ****   __HAL_RCC_IOP_FORCE_RESET();
 189:Drivers/STM32C0xx_HAL_Driver/Src/stm32c0xx_hal.c ****   __HAL_RCC_IOP_RELEASE_RESET();
 190:Drivers/STM32C0xx_HAL_Driver/Src/stm32c0xx_hal.c **** 
 191:Drivers/STM32C0xx_HAL_Driver/Src/stm32c0xx_hal.c ****   /* De-Init the low level hardware */
 192:Drivers/STM32C0xx_HAL_Driver/Src/stm32c0xx_hal.c ****   HAL_MspDeInit();
 193:Drivers/STM32C0xx_HAL_Driver/Src/stm32c0xx_hal.c **** 
 194:Drivers/STM32C0xx_HAL_Driver/Src/stm32c0xx_hal.c ****   /* Return function status */
 195:Drivers/STM32C0xx_HAL_Driver/Src/stm32c0xx_hal.c ****   return HAL_OK;
 196:Drivers/STM32C0xx_HAL_Driver/Src/stm32c0xx_hal.c **** }
 197:Drivers/STM32C0xx_HAL_Driver/Src/stm32c0xx_hal.c **** 
 198:Drivers/STM32C0xx_HAL_Driver/Src/stm32c0xx_hal.c **** /**
 199:Drivers/STM32C0xx_HAL_Driver/Src/stm32c0xx_hal.c ****   * @brief  Initialize the MSP.
 200:Drivers/STM32C0xx_HAL_Driver/Src/stm32c0xx_hal.c ****   * @retval None
 201:Drivers/STM32C0xx_HAL_Driver/Src/stm32c0xx_hal.c ****   */
 202:Drivers/STM32C0xx_HAL_Driver/Src/stm32c0xx_hal.c **** __weak void HAL_MspInit(void)
 203:Drivers/STM32C0xx_HAL_Driver/Src/stm32c0xx_hal.c **** {
ARM GAS  C:\Users\amosd\AppData\Local\Temp\ccZNTucz.s 			page 5


  27              		.loc 1 203 1 view -0
  28              		.cfi_startproc
  29              		@ args = 0, pretend = 0, frame = 0
  30              		@ frame_needed = 0, uses_anonymous_args = 0
  31              		@ link register save eliminated.
 204:Drivers/STM32C0xx_HAL_Driver/Src/stm32c0xx_hal.c ****   /* NOTE : This function should not be modified, when the callback is needed,
 205:Drivers/STM32C0xx_HAL_Driver/Src/stm32c0xx_hal.c ****             the HAL_MspInit could be implemented in the user file
 206:Drivers/STM32C0xx_HAL_Driver/Src/stm32c0xx_hal.c ****    */
 207:Drivers/STM32C0xx_HAL_Driver/Src/stm32c0xx_hal.c **** }
  32              		.loc 1 207 1 view .LVU1
  33              		@ sp needed
  34 0000 7047     		bx	lr
  35              		.cfi_endproc
  36              	.LFE216:
  38              		.section	.text.HAL_MspDeInit,"ax",%progbits
  39              		.align	1
  40              		.weak	HAL_MspDeInit
  41              		.syntax unified
  42              		.code	16
  43              		.thumb_func
  45              	HAL_MspDeInit:
  46              	.LFB217:
 208:Drivers/STM32C0xx_HAL_Driver/Src/stm32c0xx_hal.c **** 
 209:Drivers/STM32C0xx_HAL_Driver/Src/stm32c0xx_hal.c **** /**
 210:Drivers/STM32C0xx_HAL_Driver/Src/stm32c0xx_hal.c ****   * @brief  DeInitializes the MSP.
 211:Drivers/STM32C0xx_HAL_Driver/Src/stm32c0xx_hal.c ****   * @retval None
 212:Drivers/STM32C0xx_HAL_Driver/Src/stm32c0xx_hal.c ****   */
 213:Drivers/STM32C0xx_HAL_Driver/Src/stm32c0xx_hal.c **** __weak void HAL_MspDeInit(void)
 214:Drivers/STM32C0xx_HAL_Driver/Src/stm32c0xx_hal.c **** {
  47              		.loc 1 214 1 view -0
  48              		.cfi_startproc
  49              		@ args = 0, pretend = 0, frame = 0
  50              		@ frame_needed = 0, uses_anonymous_args = 0
  51              		@ link register save eliminated.
 215:Drivers/STM32C0xx_HAL_Driver/Src/stm32c0xx_hal.c ****   /* NOTE : This function should not be modified, when the callback is needed,
 216:Drivers/STM32C0xx_HAL_Driver/Src/stm32c0xx_hal.c ****             the HAL_MspDeInit could be implemented in the user file
 217:Drivers/STM32C0xx_HAL_Driver/Src/stm32c0xx_hal.c ****    */
 218:Drivers/STM32C0xx_HAL_Driver/Src/stm32c0xx_hal.c **** }
  52              		.loc 1 218 1 view .LVU3
  53              		@ sp needed
  54 0000 7047     		bx	lr
  55              		.cfi_endproc
  56              	.LFE217:
  58              		.section	.text.HAL_DeInit,"ax",%progbits
  59              		.align	1
  60              		.global	HAL_DeInit
  61              		.syntax unified
  62              		.code	16
  63              		.thumb_func
  65              	HAL_DeInit:
  66              	.LFB215:
 177:Drivers/STM32C0xx_HAL_Driver/Src/stm32c0xx_hal.c ****   /* Reset of all peripherals */
  67              		.loc 1 177 1 view -0
  68              		.cfi_startproc
  69              		@ args = 0, pretend = 0, frame = 0
  70              		@ frame_needed = 0, uses_anonymous_args = 0
  71 0000 10B5     		push	{r4, lr}
ARM GAS  C:\Users\amosd\AppData\Local\Temp\ccZNTucz.s 			page 6


  72              	.LCFI0:
  73              		.cfi_def_cfa_offset 8
  74              		.cfi_offset 4, -8
  75              		.cfi_offset 14, -4
 179:Drivers/STM32C0xx_HAL_Driver/Src/stm32c0xx_hal.c ****   __HAL_RCC_APB1_GRP1_RELEASE_RESET();
  76              		.loc 1 179 3 view .LVU5
  77 0002 084B     		ldr	r3, .L4
  78 0004 0121     		movs	r1, #1
  79 0006 4942     		rsbs	r1, r1, #0
  80 0008 D962     		str	r1, [r3, #44]
 180:Drivers/STM32C0xx_HAL_Driver/Src/stm32c0xx_hal.c **** 
  81              		.loc 1 180 3 view .LVU6
  82 000a 0022     		movs	r2, #0
  83 000c DA62     		str	r2, [r3, #44]
 182:Drivers/STM32C0xx_HAL_Driver/Src/stm32c0xx_hal.c ****   __HAL_RCC_APB1_GRP2_RELEASE_RESET();
  84              		.loc 1 182 3 view .LVU7
  85 000e 1963     		str	r1, [r3, #48]
 183:Drivers/STM32C0xx_HAL_Driver/Src/stm32c0xx_hal.c **** 
  86              		.loc 1 183 3 view .LVU8
  87 0010 1A63     		str	r2, [r3, #48]
 185:Drivers/STM32C0xx_HAL_Driver/Src/stm32c0xx_hal.c ****   __HAL_RCC_AHB_RELEASE_RESET();
  88              		.loc 1 185 3 view .LVU9
  89 0012 9962     		str	r1, [r3, #40]
 186:Drivers/STM32C0xx_HAL_Driver/Src/stm32c0xx_hal.c **** 
  90              		.loc 1 186 3 view .LVU10
  91 0014 9A62     		str	r2, [r3, #40]
 188:Drivers/STM32C0xx_HAL_Driver/Src/stm32c0xx_hal.c ****   __HAL_RCC_IOP_RELEASE_RESET();
  92              		.loc 1 188 3 view .LVU11
  93 0016 5962     		str	r1, [r3, #36]
 189:Drivers/STM32C0xx_HAL_Driver/Src/stm32c0xx_hal.c **** 
  94              		.loc 1 189 3 view .LVU12
  95 0018 5A62     		str	r2, [r3, #36]
 192:Drivers/STM32C0xx_HAL_Driver/Src/stm32c0xx_hal.c **** 
  96              		.loc 1 192 3 view .LVU13
  97 001a FFF7FEFF 		bl	HAL_MspDeInit
  98              	.LVL0:
 195:Drivers/STM32C0xx_HAL_Driver/Src/stm32c0xx_hal.c **** }
  99              		.loc 1 195 3 view .LVU14
 196:Drivers/STM32C0xx_HAL_Driver/Src/stm32c0xx_hal.c **** 
 100              		.loc 1 196 1 is_stmt 0 view .LVU15
 101 001e 0020     		movs	r0, #0
 102              		@ sp needed
 103 0020 10BD     		pop	{r4, pc}
 104              	.L5:
 105 0022 C046     		.align	2
 106              	.L4:
 107 0024 00100240 		.word	1073876992
 108              		.cfi_endproc
 109              	.LFE215:
 111              		.section	.text.HAL_InitTick,"ax",%progbits
 112              		.align	1
 113              		.weak	HAL_InitTick
 114              		.syntax unified
 115              		.code	16
 116              		.thumb_func
 118              	HAL_InitTick:
 119              	.LVL1:
ARM GAS  C:\Users\amosd\AppData\Local\Temp\ccZNTucz.s 			page 7


 120              	.LFB218:
 219:Drivers/STM32C0xx_HAL_Driver/Src/stm32c0xx_hal.c **** 
 220:Drivers/STM32C0xx_HAL_Driver/Src/stm32c0xx_hal.c **** /**
 221:Drivers/STM32C0xx_HAL_Driver/Src/stm32c0xx_hal.c ****   * @brief This function configures the source of the time base:
 222:Drivers/STM32C0xx_HAL_Driver/Src/stm32c0xx_hal.c ****   *        The time source is configured  to have 1ms time base with a dedicated
 223:Drivers/STM32C0xx_HAL_Driver/Src/stm32c0xx_hal.c ****   *        Tick interrupt priority.
 224:Drivers/STM32C0xx_HAL_Driver/Src/stm32c0xx_hal.c ****   * @note This function is called  automatically at the beginning of program after
 225:Drivers/STM32C0xx_HAL_Driver/Src/stm32c0xx_hal.c ****   *       reset by HAL_Init() or at any time when clock is reconfigured  by HAL_RCC_ClockConfig().
 226:Drivers/STM32C0xx_HAL_Driver/Src/stm32c0xx_hal.c ****   * @note In the default implementation, SysTick timer is the source of time base.
 227:Drivers/STM32C0xx_HAL_Driver/Src/stm32c0xx_hal.c ****   *       It is used to generate interrupts at regular time intervals.
 228:Drivers/STM32C0xx_HAL_Driver/Src/stm32c0xx_hal.c ****   *       Care must be taken if HAL_Delay() is called from a peripheral ISR process,
 229:Drivers/STM32C0xx_HAL_Driver/Src/stm32c0xx_hal.c ****   *       The SysTick interrupt must have higher priority (numerically lower)
 230:Drivers/STM32C0xx_HAL_Driver/Src/stm32c0xx_hal.c ****   *       than the peripheral interrupt. Otherwise the caller ISR process will be blocked.
 231:Drivers/STM32C0xx_HAL_Driver/Src/stm32c0xx_hal.c ****   *       The function is declared as __weak  to be overwritten  in case of other
 232:Drivers/STM32C0xx_HAL_Driver/Src/stm32c0xx_hal.c ****   *       implementation  in user file.
 233:Drivers/STM32C0xx_HAL_Driver/Src/stm32c0xx_hal.c ****   * @param TickPriority Tick interrupt priority.
 234:Drivers/STM32C0xx_HAL_Driver/Src/stm32c0xx_hal.c ****   * @retval HAL status
 235:Drivers/STM32C0xx_HAL_Driver/Src/stm32c0xx_hal.c ****   */
 236:Drivers/STM32C0xx_HAL_Driver/Src/stm32c0xx_hal.c **** __weak HAL_StatusTypeDef HAL_InitTick(uint32_t TickPriority)
 237:Drivers/STM32C0xx_HAL_Driver/Src/stm32c0xx_hal.c **** {
 121              		.loc 1 237 1 is_stmt 1 view -0
 122              		.cfi_startproc
 123              		@ args = 0, pretend = 0, frame = 0
 124              		@ frame_needed = 0, uses_anonymous_args = 0
 125              		.loc 1 237 1 is_stmt 0 view .LVU17
 126 0000 10B5     		push	{r4, lr}
 127              	.LCFI1:
 128              		.cfi_def_cfa_offset 8
 129              		.cfi_offset 4, -8
 130              		.cfi_offset 14, -4
 131 0002 0400     		movs	r4, r0
 238:Drivers/STM32C0xx_HAL_Driver/Src/stm32c0xx_hal.c ****   HAL_StatusTypeDef  status = HAL_OK;
 132              		.loc 1 238 3 is_stmt 1 view .LVU18
 133              	.LVL2:
 239:Drivers/STM32C0xx_HAL_Driver/Src/stm32c0xx_hal.c **** 
 240:Drivers/STM32C0xx_HAL_Driver/Src/stm32c0xx_hal.c ****   if ((uint32_t)uwTickFreq != 0UL)
 134              		.loc 1 240 3 view .LVU19
 135              		.loc 1 240 28 is_stmt 0 view .LVU20
 136 0004 114B     		ldr	r3, .L13
 137 0006 1978     		ldrb	r1, [r3]
 138              		.loc 1 240 6 view .LVU21
 139 0008 0029     		cmp	r1, #0
 140 000a 01D1     		bne	.L11
 241:Drivers/STM32C0xx_HAL_Driver/Src/stm32c0xx_hal.c ****   {
 242:Drivers/STM32C0xx_HAL_Driver/Src/stm32c0xx_hal.c ****     /*Configure the SysTick to have interrupt in 1ms time basis*/
 243:Drivers/STM32C0xx_HAL_Driver/Src/stm32c0xx_hal.c ****     if (HAL_SYSTICK_Config(SystemCoreClock / (1000UL / (uint32_t)uwTickFreq)) == 0U)
 244:Drivers/STM32C0xx_HAL_Driver/Src/stm32c0xx_hal.c ****     {
 245:Drivers/STM32C0xx_HAL_Driver/Src/stm32c0xx_hal.c ****       /* Configure the SysTick IRQ priority */
 246:Drivers/STM32C0xx_HAL_Driver/Src/stm32c0xx_hal.c ****       if (TickPriority < (1UL << __NVIC_PRIO_BITS))
 247:Drivers/STM32C0xx_HAL_Driver/Src/stm32c0xx_hal.c ****       {
 248:Drivers/STM32C0xx_HAL_Driver/Src/stm32c0xx_hal.c ****         HAL_NVIC_SetPriority(SysTick_IRQn, TickPriority, 0U);
 249:Drivers/STM32C0xx_HAL_Driver/Src/stm32c0xx_hal.c ****         uwTickPrio = TickPriority;
 250:Drivers/STM32C0xx_HAL_Driver/Src/stm32c0xx_hal.c ****       }
 251:Drivers/STM32C0xx_HAL_Driver/Src/stm32c0xx_hal.c ****       else
 252:Drivers/STM32C0xx_HAL_Driver/Src/stm32c0xx_hal.c ****       {
 253:Drivers/STM32C0xx_HAL_Driver/Src/stm32c0xx_hal.c ****         status = HAL_ERROR;
 254:Drivers/STM32C0xx_HAL_Driver/Src/stm32c0xx_hal.c ****       }
ARM GAS  C:\Users\amosd\AppData\Local\Temp\ccZNTucz.s 			page 8


 255:Drivers/STM32C0xx_HAL_Driver/Src/stm32c0xx_hal.c ****     }
 256:Drivers/STM32C0xx_HAL_Driver/Src/stm32c0xx_hal.c ****     else
 257:Drivers/STM32C0xx_HAL_Driver/Src/stm32c0xx_hal.c ****     {
 258:Drivers/STM32C0xx_HAL_Driver/Src/stm32c0xx_hal.c ****       status = HAL_ERROR;
 259:Drivers/STM32C0xx_HAL_Driver/Src/stm32c0xx_hal.c ****     }
 260:Drivers/STM32C0xx_HAL_Driver/Src/stm32c0xx_hal.c ****   }
 261:Drivers/STM32C0xx_HAL_Driver/Src/stm32c0xx_hal.c ****   else
 262:Drivers/STM32C0xx_HAL_Driver/Src/stm32c0xx_hal.c ****   {
 263:Drivers/STM32C0xx_HAL_Driver/Src/stm32c0xx_hal.c ****     status = HAL_ERROR;
 141              		.loc 1 263 12 view .LVU22
 142 000c 0120     		movs	r0, #1
 143              	.LVL3:
 144              	.L7:
 264:Drivers/STM32C0xx_HAL_Driver/Src/stm32c0xx_hal.c ****   }
 265:Drivers/STM32C0xx_HAL_Driver/Src/stm32c0xx_hal.c **** 
 266:Drivers/STM32C0xx_HAL_Driver/Src/stm32c0xx_hal.c ****   /* Return function status */
 267:Drivers/STM32C0xx_HAL_Driver/Src/stm32c0xx_hal.c ****   return status;
 145              		.loc 1 267 3 is_stmt 1 view .LVU23
 268:Drivers/STM32C0xx_HAL_Driver/Src/stm32c0xx_hal.c **** }
 146              		.loc 1 268 1 is_stmt 0 view .LVU24
 147              		@ sp needed
 148              	.LVL4:
 149              		.loc 1 268 1 view .LVU25
 150 000e 10BD     		pop	{r4, pc}
 151              	.LVL5:
 152              	.L11:
 243:Drivers/STM32C0xx_HAL_Driver/Src/stm32c0xx_hal.c ****     {
 153              		.loc 1 243 5 is_stmt 1 view .LVU26
 243:Drivers/STM32C0xx_HAL_Driver/Src/stm32c0xx_hal.c ****     {
 154              		.loc 1 243 54 is_stmt 0 view .LVU27
 155 0010 FA20     		movs	r0, #250
 156              	.LVL6:
 243:Drivers/STM32C0xx_HAL_Driver/Src/stm32c0xx_hal.c ****     {
 157              		.loc 1 243 54 view .LVU28
 158 0012 8000     		lsls	r0, r0, #2
 159 0014 FFF7FEFF 		bl	__aeabi_uidiv
 160              	.LVL7:
 161 0018 0100     		movs	r1, r0
 243:Drivers/STM32C0xx_HAL_Driver/Src/stm32c0xx_hal.c ****     {
 162              		.loc 1 243 9 view .LVU29
 163 001a 0D4B     		ldr	r3, .L13+4
 164 001c 1868     		ldr	r0, [r3]
 165 001e FFF7FEFF 		bl	__aeabi_uidiv
 166              	.LVL8:
 167 0022 FFF7FEFF 		bl	HAL_SYSTICK_Config
 168              	.LVL9:
 243:Drivers/STM32C0xx_HAL_Driver/Src/stm32c0xx_hal.c ****     {
 169              		.loc 1 243 8 discriminator 1 view .LVU30
 170 0026 0028     		cmp	r0, #0
 171 0028 0DD1     		bne	.L9
 246:Drivers/STM32C0xx_HAL_Driver/Src/stm32c0xx_hal.c ****       {
 172              		.loc 1 246 7 is_stmt 1 view .LVU31
 246:Drivers/STM32C0xx_HAL_Driver/Src/stm32c0xx_hal.c ****       {
 173              		.loc 1 246 10 is_stmt 0 view .LVU32
 174 002a 032C     		cmp	r4, #3
 175 002c 01D9     		bls	.L12
 253:Drivers/STM32C0xx_HAL_Driver/Src/stm32c0xx_hal.c ****       }
ARM GAS  C:\Users\amosd\AppData\Local\Temp\ccZNTucz.s 			page 9


 176              		.loc 1 253 16 view .LVU33
 177 002e 0120     		movs	r0, #1
 178 0030 EDE7     		b	.L7
 179              	.L12:
 248:Drivers/STM32C0xx_HAL_Driver/Src/stm32c0xx_hal.c ****         uwTickPrio = TickPriority;
 180              		.loc 1 248 9 is_stmt 1 view .LVU34
 181 0032 0130     		adds	r0, r0, #1
 182 0034 0022     		movs	r2, #0
 183 0036 2100     		movs	r1, r4
 184 0038 4042     		rsbs	r0, r0, #0
 185 003a FFF7FEFF 		bl	HAL_NVIC_SetPriority
 186              	.LVL10:
 249:Drivers/STM32C0xx_HAL_Driver/Src/stm32c0xx_hal.c ****       }
 187              		.loc 1 249 9 view .LVU35
 249:Drivers/STM32C0xx_HAL_Driver/Src/stm32c0xx_hal.c ****       }
 188              		.loc 1 249 20 is_stmt 0 view .LVU36
 189 003e 054B     		ldr	r3, .L13+8
 190 0040 1C60     		str	r4, [r3]
 238:Drivers/STM32C0xx_HAL_Driver/Src/stm32c0xx_hal.c **** 
 191              		.loc 1 238 22 view .LVU37
 192 0042 0020     		movs	r0, #0
 193 0044 E3E7     		b	.L7
 194              	.L9:
 258:Drivers/STM32C0xx_HAL_Driver/Src/stm32c0xx_hal.c ****     }
 195              		.loc 1 258 14 view .LVU38
 196 0046 0120     		movs	r0, #1
 197 0048 E1E7     		b	.L7
 198              	.L14:
 199 004a C046     		.align	2
 200              	.L13:
 201 004c 00000000 		.word	uwTickFreq
 202 0050 00000000 		.word	SystemCoreClock
 203 0054 00000000 		.word	uwTickPrio
 204              		.cfi_endproc
 205              	.LFE218:
 207              		.section	.text.HAL_Init,"ax",%progbits
 208              		.align	1
 209              		.global	HAL_Init
 210              		.syntax unified
 211              		.code	16
 212              		.thumb_func
 214              	HAL_Init:
 215              	.LFB214:
 140:Drivers/STM32C0xx_HAL_Driver/Src/stm32c0xx_hal.c ****   HAL_StatusTypeDef  status = HAL_OK;
 216              		.loc 1 140 1 is_stmt 1 view -0
 217              		.cfi_startproc
 218              		@ args = 0, pretend = 0, frame = 0
 219              		@ frame_needed = 0, uses_anonymous_args = 0
 220 0000 10B5     		push	{r4, lr}
 221              	.LCFI2:
 222              		.cfi_def_cfa_offset 8
 223              		.cfi_offset 4, -8
 224              		.cfi_offset 14, -4
 141:Drivers/STM32C0xx_HAL_Driver/Src/stm32c0xx_hal.c **** 
 225              		.loc 1 141 3 view .LVU40
 226              	.LVL11:
 157:Drivers/STM32C0xx_HAL_Driver/Src/stm32c0xx_hal.c ****   {
ARM GAS  C:\Users\amosd\AppData\Local\Temp\ccZNTucz.s 			page 10


 227              		.loc 1 157 3 view .LVU41
 157:Drivers/STM32C0xx_HAL_Driver/Src/stm32c0xx_hal.c ****   {
 228              		.loc 1 157 7 is_stmt 0 view .LVU42
 229 0002 0320     		movs	r0, #3
 230 0004 FFF7FEFF 		bl	HAL_InitTick
 231              	.LVL12:
 232 0008 041E     		subs	r4, r0, #0
 157:Drivers/STM32C0xx_HAL_Driver/Src/stm32c0xx_hal.c ****   {
 233              		.loc 1 157 6 discriminator 1 view .LVU43
 234 000a 02D0     		beq	.L18
 159:Drivers/STM32C0xx_HAL_Driver/Src/stm32c0xx_hal.c ****   }
 235              		.loc 1 159 12 view .LVU44
 236 000c 0124     		movs	r4, #1
 237              	.L16:
 238              	.LVL13:
 168:Drivers/STM32C0xx_HAL_Driver/Src/stm32c0xx_hal.c **** }
 239              		.loc 1 168 3 is_stmt 1 view .LVU45
 169:Drivers/STM32C0xx_HAL_Driver/Src/stm32c0xx_hal.c **** 
 240              		.loc 1 169 1 is_stmt 0 view .LVU46
 241 000e 2000     		movs	r0, r4
 242              		@ sp needed
 243              	.LVL14:
 169:Drivers/STM32C0xx_HAL_Driver/Src/stm32c0xx_hal.c **** 
 244              		.loc 1 169 1 view .LVU47
 245 0010 10BD     		pop	{r4, pc}
 246              	.LVL15:
 247              	.L18:
 164:Drivers/STM32C0xx_HAL_Driver/Src/stm32c0xx_hal.c ****   }
 248              		.loc 1 164 5 is_stmt 1 view .LVU48
 249 0012 FFF7FEFF 		bl	HAL_MspInit
 250              	.LVL16:
 251 0016 FAE7     		b	.L16
 252              		.cfi_endproc
 253              	.LFE214:
 255              		.section	.text.HAL_IncTick,"ax",%progbits
 256              		.align	1
 257              		.weak	HAL_IncTick
 258              		.syntax unified
 259              		.code	16
 260              		.thumb_func
 262              	HAL_IncTick:
 263              	.LFB219:
 269:Drivers/STM32C0xx_HAL_Driver/Src/stm32c0xx_hal.c **** 
 270:Drivers/STM32C0xx_HAL_Driver/Src/stm32c0xx_hal.c **** /**
 271:Drivers/STM32C0xx_HAL_Driver/Src/stm32c0xx_hal.c ****   * @}
 272:Drivers/STM32C0xx_HAL_Driver/Src/stm32c0xx_hal.c ****   */
 273:Drivers/STM32C0xx_HAL_Driver/Src/stm32c0xx_hal.c **** 
 274:Drivers/STM32C0xx_HAL_Driver/Src/stm32c0xx_hal.c **** /** @addtogroup HAL_Exported_Functions_Group2
 275:Drivers/STM32C0xx_HAL_Driver/Src/stm32c0xx_hal.c ****   *  @brief    HAL Control functions
 276:Drivers/STM32C0xx_HAL_Driver/Src/stm32c0xx_hal.c ****   *
 277:Drivers/STM32C0xx_HAL_Driver/Src/stm32c0xx_hal.c **** @verbatim
 278:Drivers/STM32C0xx_HAL_Driver/Src/stm32c0xx_hal.c ****  ===============================================================================
 279:Drivers/STM32C0xx_HAL_Driver/Src/stm32c0xx_hal.c ****                       ##### HAL Control functions #####
 280:Drivers/STM32C0xx_HAL_Driver/Src/stm32c0xx_hal.c ****  ===============================================================================
 281:Drivers/STM32C0xx_HAL_Driver/Src/stm32c0xx_hal.c ****     [..]  This section provides functions allowing to:
 282:Drivers/STM32C0xx_HAL_Driver/Src/stm32c0xx_hal.c ****       (+) Provide a tick value in millisecond
 283:Drivers/STM32C0xx_HAL_Driver/Src/stm32c0xx_hal.c ****       (+) Provide a blocking delay in millisecond
ARM GAS  C:\Users\amosd\AppData\Local\Temp\ccZNTucz.s 			page 11


 284:Drivers/STM32C0xx_HAL_Driver/Src/stm32c0xx_hal.c ****       (+) Suspend the time base source interrupt
 285:Drivers/STM32C0xx_HAL_Driver/Src/stm32c0xx_hal.c ****       (+) Resume the time base source interrupt
 286:Drivers/STM32C0xx_HAL_Driver/Src/stm32c0xx_hal.c ****       (+) Get the HAL API driver version
 287:Drivers/STM32C0xx_HAL_Driver/Src/stm32c0xx_hal.c ****       (+) Get the device identifier
 288:Drivers/STM32C0xx_HAL_Driver/Src/stm32c0xx_hal.c ****       (+) Get the device revision identifier
 289:Drivers/STM32C0xx_HAL_Driver/Src/stm32c0xx_hal.c **** 
 290:Drivers/STM32C0xx_HAL_Driver/Src/stm32c0xx_hal.c **** @endverbatim
 291:Drivers/STM32C0xx_HAL_Driver/Src/stm32c0xx_hal.c ****   * @{
 292:Drivers/STM32C0xx_HAL_Driver/Src/stm32c0xx_hal.c ****   */
 293:Drivers/STM32C0xx_HAL_Driver/Src/stm32c0xx_hal.c **** 
 294:Drivers/STM32C0xx_HAL_Driver/Src/stm32c0xx_hal.c **** /**
 295:Drivers/STM32C0xx_HAL_Driver/Src/stm32c0xx_hal.c ****   * @brief This function is called to increment  a global variable "uwTick"
 296:Drivers/STM32C0xx_HAL_Driver/Src/stm32c0xx_hal.c ****   *        used as application time base.
 297:Drivers/STM32C0xx_HAL_Driver/Src/stm32c0xx_hal.c ****   * @note In the default implementation, this variable is incremented each 1ms
 298:Drivers/STM32C0xx_HAL_Driver/Src/stm32c0xx_hal.c ****   *       in SysTick ISR.
 299:Drivers/STM32C0xx_HAL_Driver/Src/stm32c0xx_hal.c ****   * @note This function is declared as __weak to be overwritten in case of other
 300:Drivers/STM32C0xx_HAL_Driver/Src/stm32c0xx_hal.c ****   *      implementations in user file.
 301:Drivers/STM32C0xx_HAL_Driver/Src/stm32c0xx_hal.c ****   * @retval None
 302:Drivers/STM32C0xx_HAL_Driver/Src/stm32c0xx_hal.c ****   */
 303:Drivers/STM32C0xx_HAL_Driver/Src/stm32c0xx_hal.c **** __weak void HAL_IncTick(void)
 304:Drivers/STM32C0xx_HAL_Driver/Src/stm32c0xx_hal.c **** {
 264              		.loc 1 304 1 view -0
 265              		.cfi_startproc
 266              		@ args = 0, pretend = 0, frame = 0
 267              		@ frame_needed = 0, uses_anonymous_args = 0
 268              		@ link register save eliminated.
 305:Drivers/STM32C0xx_HAL_Driver/Src/stm32c0xx_hal.c ****   uwTick += (uint32_t)uwTickFreq;
 269              		.loc 1 305 3 view .LVU50
 270              		.loc 1 305 13 is_stmt 0 view .LVU51
 271 0000 034B     		ldr	r3, .L20
 272 0002 1B78     		ldrb	r3, [r3]
 273              		.loc 1 305 10 view .LVU52
 274 0004 034A     		ldr	r2, .L20+4
 275 0006 1168     		ldr	r1, [r2]
 276 0008 5B18     		adds	r3, r3, r1
 277 000a 1360     		str	r3, [r2]
 306:Drivers/STM32C0xx_HAL_Driver/Src/stm32c0xx_hal.c **** }
 278              		.loc 1 306 1 view .LVU53
 279              		@ sp needed
 280 000c 7047     		bx	lr
 281              	.L21:
 282 000e C046     		.align	2
 283              	.L20:
 284 0010 00000000 		.word	uwTickFreq
 285 0014 00000000 		.word	uwTick
 286              		.cfi_endproc
 287              	.LFE219:
 289              		.section	.text.HAL_GetTick,"ax",%progbits
 290              		.align	1
 291              		.weak	HAL_GetTick
 292              		.syntax unified
 293              		.code	16
 294              		.thumb_func
 296              	HAL_GetTick:
 297              	.LFB220:
 307:Drivers/STM32C0xx_HAL_Driver/Src/stm32c0xx_hal.c **** 
 308:Drivers/STM32C0xx_HAL_Driver/Src/stm32c0xx_hal.c **** /**
ARM GAS  C:\Users\amosd\AppData\Local\Temp\ccZNTucz.s 			page 12


 309:Drivers/STM32C0xx_HAL_Driver/Src/stm32c0xx_hal.c ****   * @brief Provides a tick value in millisecond.
 310:Drivers/STM32C0xx_HAL_Driver/Src/stm32c0xx_hal.c ****   * @note This function is declared as __weak to be overwritten in case of other
 311:Drivers/STM32C0xx_HAL_Driver/Src/stm32c0xx_hal.c ****   *       implementations in user file.
 312:Drivers/STM32C0xx_HAL_Driver/Src/stm32c0xx_hal.c ****   * @retval tick value
 313:Drivers/STM32C0xx_HAL_Driver/Src/stm32c0xx_hal.c ****   */
 314:Drivers/STM32C0xx_HAL_Driver/Src/stm32c0xx_hal.c **** __weak uint32_t HAL_GetTick(void)
 315:Drivers/STM32C0xx_HAL_Driver/Src/stm32c0xx_hal.c **** {
 298              		.loc 1 315 1 is_stmt 1 view -0
 299              		.cfi_startproc
 300              		@ args = 0, pretend = 0, frame = 0
 301              		@ frame_needed = 0, uses_anonymous_args = 0
 302              		@ link register save eliminated.
 316:Drivers/STM32C0xx_HAL_Driver/Src/stm32c0xx_hal.c ****   return uwTick;
 303              		.loc 1 316 3 view .LVU55
 304              		.loc 1 316 10 is_stmt 0 view .LVU56
 305 0000 014B     		ldr	r3, .L23
 306 0002 1868     		ldr	r0, [r3]
 317:Drivers/STM32C0xx_HAL_Driver/Src/stm32c0xx_hal.c **** }
 307              		.loc 1 317 1 view .LVU57
 308              		@ sp needed
 309 0004 7047     		bx	lr
 310              	.L24:
 311 0006 C046     		.align	2
 312              	.L23:
 313 0008 00000000 		.word	uwTick
 314              		.cfi_endproc
 315              	.LFE220:
 317              		.section	.text.HAL_GetTickPrio,"ax",%progbits
 318              		.align	1
 319              		.global	HAL_GetTickPrio
 320              		.syntax unified
 321              		.code	16
 322              		.thumb_func
 324              	HAL_GetTickPrio:
 325              	.LFB221:
 318:Drivers/STM32C0xx_HAL_Driver/Src/stm32c0xx_hal.c **** 
 319:Drivers/STM32C0xx_HAL_Driver/Src/stm32c0xx_hal.c **** /**
 320:Drivers/STM32C0xx_HAL_Driver/Src/stm32c0xx_hal.c ****   * @brief This function returns a tick priority.
 321:Drivers/STM32C0xx_HAL_Driver/Src/stm32c0xx_hal.c ****   * @retval tick priority
 322:Drivers/STM32C0xx_HAL_Driver/Src/stm32c0xx_hal.c ****   */
 323:Drivers/STM32C0xx_HAL_Driver/Src/stm32c0xx_hal.c **** uint32_t HAL_GetTickPrio(void)
 324:Drivers/STM32C0xx_HAL_Driver/Src/stm32c0xx_hal.c **** {
 326              		.loc 1 324 1 is_stmt 1 view -0
 327              		.cfi_startproc
 328              		@ args = 0, pretend = 0, frame = 0
 329              		@ frame_needed = 0, uses_anonymous_args = 0
 330              		@ link register save eliminated.
 325:Drivers/STM32C0xx_HAL_Driver/Src/stm32c0xx_hal.c ****   return uwTickPrio;
 331              		.loc 1 325 3 view .LVU59
 332              		.loc 1 325 10 is_stmt 0 view .LVU60
 333 0000 014B     		ldr	r3, .L26
 334              		.loc 1 325 10 discriminator 1 view .LVU61
 335 0002 1868     		ldr	r0, [r3]
 326:Drivers/STM32C0xx_HAL_Driver/Src/stm32c0xx_hal.c **** }
 336              		.loc 1 326 1 view .LVU62
 337              		@ sp needed
 338 0004 7047     		bx	lr
ARM GAS  C:\Users\amosd\AppData\Local\Temp\ccZNTucz.s 			page 13


 339              	.L27:
 340 0006 C046     		.align	2
 341              	.L26:
 342 0008 00000000 		.word	uwTickPrio
 343              		.cfi_endproc
 344              	.LFE221:
 346              		.section	.text.HAL_SetTickFreq,"ax",%progbits
 347              		.align	1
 348              		.global	HAL_SetTickFreq
 349              		.syntax unified
 350              		.code	16
 351              		.thumb_func
 353              	HAL_SetTickFreq:
 354              	.LVL17:
 355              	.LFB222:
 327:Drivers/STM32C0xx_HAL_Driver/Src/stm32c0xx_hal.c **** 
 328:Drivers/STM32C0xx_HAL_Driver/Src/stm32c0xx_hal.c **** /**
 329:Drivers/STM32C0xx_HAL_Driver/Src/stm32c0xx_hal.c ****   * @brief Set new tick Freq.
 330:Drivers/STM32C0xx_HAL_Driver/Src/stm32c0xx_hal.c ****   * @retval status
 331:Drivers/STM32C0xx_HAL_Driver/Src/stm32c0xx_hal.c ****   */
 332:Drivers/STM32C0xx_HAL_Driver/Src/stm32c0xx_hal.c **** HAL_StatusTypeDef HAL_SetTickFreq(HAL_TickFreqTypeDef Freq)
 333:Drivers/STM32C0xx_HAL_Driver/Src/stm32c0xx_hal.c **** {
 356              		.loc 1 333 1 is_stmt 1 view -0
 357              		.cfi_startproc
 358              		@ args = 0, pretend = 0, frame = 0
 359              		@ frame_needed = 0, uses_anonymous_args = 0
 360              		.loc 1 333 1 is_stmt 0 view .LVU64
 361 0000 10B5     		push	{r4, lr}
 362              	.LCFI3:
 363              		.cfi_def_cfa_offset 8
 364              		.cfi_offset 4, -8
 365              		.cfi_offset 14, -4
 334:Drivers/STM32C0xx_HAL_Driver/Src/stm32c0xx_hal.c ****   HAL_StatusTypeDef status  = HAL_OK;
 366              		.loc 1 334 3 is_stmt 1 view .LVU65
 367              	.LVL18:
 335:Drivers/STM32C0xx_HAL_Driver/Src/stm32c0xx_hal.c ****   HAL_TickFreqTypeDef prevTickFreq;
 368              		.loc 1 335 3 view .LVU66
 336:Drivers/STM32C0xx_HAL_Driver/Src/stm32c0xx_hal.c **** 
 337:Drivers/STM32C0xx_HAL_Driver/Src/stm32c0xx_hal.c ****   assert_param(IS_TICKFREQ(Freq));
 369              		.loc 1 337 3 view .LVU67
 338:Drivers/STM32C0xx_HAL_Driver/Src/stm32c0xx_hal.c **** 
 339:Drivers/STM32C0xx_HAL_Driver/Src/stm32c0xx_hal.c ****   if (uwTickFreq != Freq)
 370              		.loc 1 339 3 view .LVU68
 371              		.loc 1 339 18 is_stmt 0 view .LVU69
 372 0002 084B     		ldr	r3, .L32
 373 0004 1C78     		ldrb	r4, [r3]
 374              		.loc 1 339 6 view .LVU70
 375 0006 8442     		cmp	r4, r0
 376 0008 01D1     		bne	.L31
 334:Drivers/STM32C0xx_HAL_Driver/Src/stm32c0xx_hal.c ****   HAL_TickFreqTypeDef prevTickFreq;
 377              		.loc 1 334 21 view .LVU71
 378 000a 0020     		movs	r0, #0
 379              	.LVL19:
 380              	.L29:
 340:Drivers/STM32C0xx_HAL_Driver/Src/stm32c0xx_hal.c ****   {
 341:Drivers/STM32C0xx_HAL_Driver/Src/stm32c0xx_hal.c ****     /* Back up uwTickFreq frequency */
 342:Drivers/STM32C0xx_HAL_Driver/Src/stm32c0xx_hal.c ****     prevTickFreq = uwTickFreq;
ARM GAS  C:\Users\amosd\AppData\Local\Temp\ccZNTucz.s 			page 14


 343:Drivers/STM32C0xx_HAL_Driver/Src/stm32c0xx_hal.c **** 
 344:Drivers/STM32C0xx_HAL_Driver/Src/stm32c0xx_hal.c ****     /* Update uwTickFreq global variable used by HAL_InitTick() */
 345:Drivers/STM32C0xx_HAL_Driver/Src/stm32c0xx_hal.c ****     uwTickFreq = Freq;
 346:Drivers/STM32C0xx_HAL_Driver/Src/stm32c0xx_hal.c **** 
 347:Drivers/STM32C0xx_HAL_Driver/Src/stm32c0xx_hal.c ****     /* Apply the new tick Freq  */
 348:Drivers/STM32C0xx_HAL_Driver/Src/stm32c0xx_hal.c ****     status = HAL_InitTick(uwTickPrio);
 349:Drivers/STM32C0xx_HAL_Driver/Src/stm32c0xx_hal.c **** 
 350:Drivers/STM32C0xx_HAL_Driver/Src/stm32c0xx_hal.c ****     if (status != HAL_OK)
 351:Drivers/STM32C0xx_HAL_Driver/Src/stm32c0xx_hal.c ****     {
 352:Drivers/STM32C0xx_HAL_Driver/Src/stm32c0xx_hal.c ****       /* Restore previous tick frequency */
 353:Drivers/STM32C0xx_HAL_Driver/Src/stm32c0xx_hal.c ****       uwTickFreq = prevTickFreq;
 354:Drivers/STM32C0xx_HAL_Driver/Src/stm32c0xx_hal.c ****     }
 355:Drivers/STM32C0xx_HAL_Driver/Src/stm32c0xx_hal.c ****   }
 356:Drivers/STM32C0xx_HAL_Driver/Src/stm32c0xx_hal.c **** 
 357:Drivers/STM32C0xx_HAL_Driver/Src/stm32c0xx_hal.c ****   return status;
 381              		.loc 1 357 3 is_stmt 1 view .LVU72
 358:Drivers/STM32C0xx_HAL_Driver/Src/stm32c0xx_hal.c **** }
 382              		.loc 1 358 1 is_stmt 0 view .LVU73
 383              		@ sp needed
 384 000c 10BD     		pop	{r4, pc}
 385              	.LVL20:
 386              	.L31:
 342:Drivers/STM32C0xx_HAL_Driver/Src/stm32c0xx_hal.c **** 
 387              		.loc 1 342 5 is_stmt 1 view .LVU74
 345:Drivers/STM32C0xx_HAL_Driver/Src/stm32c0xx_hal.c **** 
 388              		.loc 1 345 5 view .LVU75
 345:Drivers/STM32C0xx_HAL_Driver/Src/stm32c0xx_hal.c **** 
 389              		.loc 1 345 16 is_stmt 0 view .LVU76
 390 000e 1870     		strb	r0, [r3]
 348:Drivers/STM32C0xx_HAL_Driver/Src/stm32c0xx_hal.c **** 
 391              		.loc 1 348 5 is_stmt 1 view .LVU77
 348:Drivers/STM32C0xx_HAL_Driver/Src/stm32c0xx_hal.c **** 
 392              		.loc 1 348 14 is_stmt 0 view .LVU78
 393 0010 054B     		ldr	r3, .L32+4
 394 0012 1868     		ldr	r0, [r3]
 395              	.LVL21:
 348:Drivers/STM32C0xx_HAL_Driver/Src/stm32c0xx_hal.c **** 
 396              		.loc 1 348 14 view .LVU79
 397 0014 FFF7FEFF 		bl	HAL_InitTick
 398              	.LVL22:
 350:Drivers/STM32C0xx_HAL_Driver/Src/stm32c0xx_hal.c ****     {
 399              		.loc 1 350 5 is_stmt 1 view .LVU80
 350:Drivers/STM32C0xx_HAL_Driver/Src/stm32c0xx_hal.c ****     {
 400              		.loc 1 350 8 is_stmt 0 view .LVU81
 401 0018 0028     		cmp	r0, #0
 402 001a F7D0     		beq	.L29
 353:Drivers/STM32C0xx_HAL_Driver/Src/stm32c0xx_hal.c ****     }
 403              		.loc 1 353 7 is_stmt 1 view .LVU82
 353:Drivers/STM32C0xx_HAL_Driver/Src/stm32c0xx_hal.c ****     }
 404              		.loc 1 353 18 is_stmt 0 view .LVU83
 405 001c 014B     		ldr	r3, .L32
 406 001e 1C70     		strb	r4, [r3]
 407 0020 F4E7     		b	.L29
 408              	.L33:
 409 0022 C046     		.align	2
 410              	.L32:
 411 0024 00000000 		.word	uwTickFreq
ARM GAS  C:\Users\amosd\AppData\Local\Temp\ccZNTucz.s 			page 15


 412 0028 00000000 		.word	uwTickPrio
 413              		.cfi_endproc
 414              	.LFE222:
 416              		.section	.text.HAL_GetTickFreq,"ax",%progbits
 417              		.align	1
 418              		.global	HAL_GetTickFreq
 419              		.syntax unified
 420              		.code	16
 421              		.thumb_func
 423              	HAL_GetTickFreq:
 424              	.LFB223:
 359:Drivers/STM32C0xx_HAL_Driver/Src/stm32c0xx_hal.c **** 
 360:Drivers/STM32C0xx_HAL_Driver/Src/stm32c0xx_hal.c **** /**
 361:Drivers/STM32C0xx_HAL_Driver/Src/stm32c0xx_hal.c ****   * @brief return tick frequency.
 362:Drivers/STM32C0xx_HAL_Driver/Src/stm32c0xx_hal.c ****   * @retval Tick frequency.
 363:Drivers/STM32C0xx_HAL_Driver/Src/stm32c0xx_hal.c ****   *         Value of @ref HAL_TickFreqTypeDef.
 364:Drivers/STM32C0xx_HAL_Driver/Src/stm32c0xx_hal.c ****   */
 365:Drivers/STM32C0xx_HAL_Driver/Src/stm32c0xx_hal.c **** HAL_TickFreqTypeDef HAL_GetTickFreq(void)
 366:Drivers/STM32C0xx_HAL_Driver/Src/stm32c0xx_hal.c **** {
 425              		.loc 1 366 1 is_stmt 1 view -0
 426              		.cfi_startproc
 427              		@ args = 0, pretend = 0, frame = 0
 428              		@ frame_needed = 0, uses_anonymous_args = 0
 429              		@ link register save eliminated.
 367:Drivers/STM32C0xx_HAL_Driver/Src/stm32c0xx_hal.c ****   return uwTickFreq;
 430              		.loc 1 367 3 view .LVU85
 431              		.loc 1 367 10 is_stmt 0 view .LVU86
 432 0000 014B     		ldr	r3, .L35
 433              		.loc 1 367 10 discriminator 1 view .LVU87
 434 0002 1878     		ldrb	r0, [r3]
 368:Drivers/STM32C0xx_HAL_Driver/Src/stm32c0xx_hal.c **** }
 435              		.loc 1 368 1 view .LVU88
 436              		@ sp needed
 437 0004 7047     		bx	lr
 438              	.L36:
 439 0006 C046     		.align	2
 440              	.L35:
 441 0008 00000000 		.word	uwTickFreq
 442              		.cfi_endproc
 443              	.LFE223:
 445              		.section	.text.HAL_Delay,"ax",%progbits
 446              		.align	1
 447              		.weak	HAL_Delay
 448              		.syntax unified
 449              		.code	16
 450              		.thumb_func
 452              	HAL_Delay:
 453              	.LVL23:
 454              	.LFB224:
 369:Drivers/STM32C0xx_HAL_Driver/Src/stm32c0xx_hal.c **** 
 370:Drivers/STM32C0xx_HAL_Driver/Src/stm32c0xx_hal.c **** /**
 371:Drivers/STM32C0xx_HAL_Driver/Src/stm32c0xx_hal.c ****   * @brief This function provides minimum delay (in milliseconds) based
 372:Drivers/STM32C0xx_HAL_Driver/Src/stm32c0xx_hal.c ****   *        on variable incremented.
 373:Drivers/STM32C0xx_HAL_Driver/Src/stm32c0xx_hal.c ****   * @note In the default implementation , SysTick timer is the source of time base.
 374:Drivers/STM32C0xx_HAL_Driver/Src/stm32c0xx_hal.c ****   *       It is used to generate interrupts at regular time intervals where uwTick
 375:Drivers/STM32C0xx_HAL_Driver/Src/stm32c0xx_hal.c ****   *       is incremented.
 376:Drivers/STM32C0xx_HAL_Driver/Src/stm32c0xx_hal.c ****   * @note This function is declared as __weak to be overwritten in case of other
ARM GAS  C:\Users\amosd\AppData\Local\Temp\ccZNTucz.s 			page 16


 377:Drivers/STM32C0xx_HAL_Driver/Src/stm32c0xx_hal.c ****   *       implementations in user file.
 378:Drivers/STM32C0xx_HAL_Driver/Src/stm32c0xx_hal.c ****   * @param Delay  specifies the delay time length, in milliseconds.
 379:Drivers/STM32C0xx_HAL_Driver/Src/stm32c0xx_hal.c ****   * @retval None
 380:Drivers/STM32C0xx_HAL_Driver/Src/stm32c0xx_hal.c ****   */
 381:Drivers/STM32C0xx_HAL_Driver/Src/stm32c0xx_hal.c **** __weak void HAL_Delay(uint32_t Delay)
 382:Drivers/STM32C0xx_HAL_Driver/Src/stm32c0xx_hal.c **** {
 455              		.loc 1 382 1 is_stmt 1 view -0
 456              		.cfi_startproc
 457              		@ args = 0, pretend = 0, frame = 0
 458              		@ frame_needed = 0, uses_anonymous_args = 0
 459              		.loc 1 382 1 is_stmt 0 view .LVU90
 460 0000 70B5     		push	{r4, r5, r6, lr}
 461              	.LCFI4:
 462              		.cfi_def_cfa_offset 16
 463              		.cfi_offset 4, -16
 464              		.cfi_offset 5, -12
 465              		.cfi_offset 6, -8
 466              		.cfi_offset 14, -4
 467 0002 0400     		movs	r4, r0
 383:Drivers/STM32C0xx_HAL_Driver/Src/stm32c0xx_hal.c ****   uint32_t tickstart = HAL_GetTick();
 468              		.loc 1 383 3 is_stmt 1 view .LVU91
 469              		.loc 1 383 24 is_stmt 0 view .LVU92
 470 0004 FFF7FEFF 		bl	HAL_GetTick
 471              	.LVL24:
 472              		.loc 1 383 24 view .LVU93
 473 0008 0500     		movs	r5, r0
 474              	.LVL25:
 384:Drivers/STM32C0xx_HAL_Driver/Src/stm32c0xx_hal.c ****   uint32_t wait = Delay;
 475              		.loc 1 384 3 is_stmt 1 view .LVU94
 385:Drivers/STM32C0xx_HAL_Driver/Src/stm32c0xx_hal.c **** 
 386:Drivers/STM32C0xx_HAL_Driver/Src/stm32c0xx_hal.c ****   /* Add a freq to guarantee minimum wait */
 387:Drivers/STM32C0xx_HAL_Driver/Src/stm32c0xx_hal.c ****   if (wait < HAL_MAX_DELAY)
 476              		.loc 1 387 3 view .LVU95
 477              		.loc 1 387 6 is_stmt 0 view .LVU96
 478 000a 631C     		adds	r3, r4, #1
 479 000c 02D0     		beq	.L39
 388:Drivers/STM32C0xx_HAL_Driver/Src/stm32c0xx_hal.c ****   {
 389:Drivers/STM32C0xx_HAL_Driver/Src/stm32c0xx_hal.c ****     wait += (uint32_t)(uwTickFreq);
 480              		.loc 1 389 5 is_stmt 1 view .LVU97
 481              		.loc 1 389 13 is_stmt 0 view .LVU98
 482 000e 044B     		ldr	r3, .L41
 483 0010 1B78     		ldrb	r3, [r3]
 484              		.loc 1 389 10 view .LVU99
 485 0012 E418     		adds	r4, r4, r3
 486              	.LVL26:
 487              	.L39:
 390:Drivers/STM32C0xx_HAL_Driver/Src/stm32c0xx_hal.c ****   }
 391:Drivers/STM32C0xx_HAL_Driver/Src/stm32c0xx_hal.c **** 
 392:Drivers/STM32C0xx_HAL_Driver/Src/stm32c0xx_hal.c ****   while ((HAL_GetTick() - tickstart) < wait)
 393:Drivers/STM32C0xx_HAL_Driver/Src/stm32c0xx_hal.c ****   {
 394:Drivers/STM32C0xx_HAL_Driver/Src/stm32c0xx_hal.c ****   }
 488              		.loc 1 394 3 is_stmt 1 view .LVU100
 392:Drivers/STM32C0xx_HAL_Driver/Src/stm32c0xx_hal.c ****   {
 489              		.loc 1 392 38 discriminator 1 view .LVU101
 392:Drivers/STM32C0xx_HAL_Driver/Src/stm32c0xx_hal.c ****   {
 490              		.loc 1 392 11 is_stmt 0 discriminator 1 view .LVU102
 491 0014 FFF7FEFF 		bl	HAL_GetTick
ARM GAS  C:\Users\amosd\AppData\Local\Temp\ccZNTucz.s 			page 17


 492              	.LVL27:
 392:Drivers/STM32C0xx_HAL_Driver/Src/stm32c0xx_hal.c ****   {
 493              		.loc 1 392 25 discriminator 1 view .LVU103
 494 0018 401B     		subs	r0, r0, r5
 392:Drivers/STM32C0xx_HAL_Driver/Src/stm32c0xx_hal.c ****   {
 495              		.loc 1 392 38 discriminator 1 view .LVU104
 496 001a A042     		cmp	r0, r4
 497 001c FAD3     		bcc	.L39
 395:Drivers/STM32C0xx_HAL_Driver/Src/stm32c0xx_hal.c **** }
 498              		.loc 1 395 1 view .LVU105
 499              		@ sp needed
 500              	.LVL28:
 501              	.LVL29:
 502              		.loc 1 395 1 view .LVU106
 503 001e 70BD     		pop	{r4, r5, r6, pc}
 504              	.L42:
 505              		.align	2
 506              	.L41:
 507 0020 00000000 		.word	uwTickFreq
 508              		.cfi_endproc
 509              	.LFE224:
 511              		.section	.text.HAL_SuspendTick,"ax",%progbits
 512              		.align	1
 513              		.weak	HAL_SuspendTick
 514              		.syntax unified
 515              		.code	16
 516              		.thumb_func
 518              	HAL_SuspendTick:
 519              	.LFB225:
 396:Drivers/STM32C0xx_HAL_Driver/Src/stm32c0xx_hal.c **** 
 397:Drivers/STM32C0xx_HAL_Driver/Src/stm32c0xx_hal.c **** /**
 398:Drivers/STM32C0xx_HAL_Driver/Src/stm32c0xx_hal.c ****   * @brief Suspend Tick increment.
 399:Drivers/STM32C0xx_HAL_Driver/Src/stm32c0xx_hal.c ****   * @note In the default implementation , SysTick timer is the source of time base. It is
 400:Drivers/STM32C0xx_HAL_Driver/Src/stm32c0xx_hal.c ****   *       used to generate interrupts at regular time intervals. Once HAL_SuspendTick()
 401:Drivers/STM32C0xx_HAL_Driver/Src/stm32c0xx_hal.c ****   *       is called, the SysTick interrupt will be disabled and so Tick increment
 402:Drivers/STM32C0xx_HAL_Driver/Src/stm32c0xx_hal.c ****   *       is suspended.
 403:Drivers/STM32C0xx_HAL_Driver/Src/stm32c0xx_hal.c ****   * @note This function is declared as __weak to be overwritten in case of other
 404:Drivers/STM32C0xx_HAL_Driver/Src/stm32c0xx_hal.c ****   *       implementations in user file.
 405:Drivers/STM32C0xx_HAL_Driver/Src/stm32c0xx_hal.c ****   * @retval None
 406:Drivers/STM32C0xx_HAL_Driver/Src/stm32c0xx_hal.c ****   */
 407:Drivers/STM32C0xx_HAL_Driver/Src/stm32c0xx_hal.c **** __weak void HAL_SuspendTick(void)
 408:Drivers/STM32C0xx_HAL_Driver/Src/stm32c0xx_hal.c **** {
 520              		.loc 1 408 1 is_stmt 1 view -0
 521              		.cfi_startproc
 522              		@ args = 0, pretend = 0, frame = 0
 523              		@ frame_needed = 0, uses_anonymous_args = 0
 524              		@ link register save eliminated.
 409:Drivers/STM32C0xx_HAL_Driver/Src/stm32c0xx_hal.c ****   /* Disable SysTick Interrupt */
 410:Drivers/STM32C0xx_HAL_Driver/Src/stm32c0xx_hal.c ****   CLEAR_BIT(SysTick->CTRL, SysTick_CTRL_TICKINT_Msk);
 525              		.loc 1 410 3 view .LVU108
 526 0000 024A     		ldr	r2, .L44
 527 0002 1368     		ldr	r3, [r2]
 528 0004 0221     		movs	r1, #2
 529 0006 8B43     		bics	r3, r1
 530 0008 1360     		str	r3, [r2]
 411:Drivers/STM32C0xx_HAL_Driver/Src/stm32c0xx_hal.c **** }
 531              		.loc 1 411 1 is_stmt 0 view .LVU109
ARM GAS  C:\Users\amosd\AppData\Local\Temp\ccZNTucz.s 			page 18


 532              		@ sp needed
 533 000a 7047     		bx	lr
 534              	.L45:
 535              		.align	2
 536              	.L44:
 537 000c 10E000E0 		.word	-536813552
 538              		.cfi_endproc
 539              	.LFE225:
 541              		.section	.text.HAL_ResumeTick,"ax",%progbits
 542              		.align	1
 543              		.weak	HAL_ResumeTick
 544              		.syntax unified
 545              		.code	16
 546              		.thumb_func
 548              	HAL_ResumeTick:
 549              	.LFB226:
 412:Drivers/STM32C0xx_HAL_Driver/Src/stm32c0xx_hal.c **** 
 413:Drivers/STM32C0xx_HAL_Driver/Src/stm32c0xx_hal.c **** /**
 414:Drivers/STM32C0xx_HAL_Driver/Src/stm32c0xx_hal.c ****   * @brief Resume Tick increment.
 415:Drivers/STM32C0xx_HAL_Driver/Src/stm32c0xx_hal.c ****   * @note In the default implementation , SysTick timer is the source of time base. It is
 416:Drivers/STM32C0xx_HAL_Driver/Src/stm32c0xx_hal.c ****   *       used to generate interrupts at regular time intervals. Once HAL_ResumeTick()
 417:Drivers/STM32C0xx_HAL_Driver/Src/stm32c0xx_hal.c ****   *       is called, the SysTick interrupt will be enabled and so Tick increment
 418:Drivers/STM32C0xx_HAL_Driver/Src/stm32c0xx_hal.c ****   *       is resumed.
 419:Drivers/STM32C0xx_HAL_Driver/Src/stm32c0xx_hal.c ****   * @note This function is declared as __weak to be overwritten in case of other
 420:Drivers/STM32C0xx_HAL_Driver/Src/stm32c0xx_hal.c ****   *       implementations in user file.
 421:Drivers/STM32C0xx_HAL_Driver/Src/stm32c0xx_hal.c ****   * @retval None
 422:Drivers/STM32C0xx_HAL_Driver/Src/stm32c0xx_hal.c ****   */
 423:Drivers/STM32C0xx_HAL_Driver/Src/stm32c0xx_hal.c **** __weak void HAL_ResumeTick(void)
 424:Drivers/STM32C0xx_HAL_Driver/Src/stm32c0xx_hal.c **** {
 550              		.loc 1 424 1 is_stmt 1 view -0
 551              		.cfi_startproc
 552              		@ args = 0, pretend = 0, frame = 0
 553              		@ frame_needed = 0, uses_anonymous_args = 0
 554              		@ link register save eliminated.
 425:Drivers/STM32C0xx_HAL_Driver/Src/stm32c0xx_hal.c ****   /* Enable SysTick Interrupt */
 426:Drivers/STM32C0xx_HAL_Driver/Src/stm32c0xx_hal.c ****   SET_BIT(SysTick->CTRL, SysTick_CTRL_TICKINT_Msk);
 555              		.loc 1 426 3 view .LVU111
 556 0000 024A     		ldr	r2, .L47
 557 0002 1368     		ldr	r3, [r2]
 558 0004 0221     		movs	r1, #2
 559 0006 0B43     		orrs	r3, r1
 560 0008 1360     		str	r3, [r2]
 427:Drivers/STM32C0xx_HAL_Driver/Src/stm32c0xx_hal.c **** }
 561              		.loc 1 427 1 is_stmt 0 view .LVU112
 562              		@ sp needed
 563 000a 7047     		bx	lr
 564              	.L48:
 565              		.align	2
 566              	.L47:
 567 000c 10E000E0 		.word	-536813552
 568              		.cfi_endproc
 569              	.LFE226:
 571              		.section	.text.HAL_GetHalVersion,"ax",%progbits
 572              		.align	1
 573              		.global	HAL_GetHalVersion
 574              		.syntax unified
 575              		.code	16
ARM GAS  C:\Users\amosd\AppData\Local\Temp\ccZNTucz.s 			page 19


 576              		.thumb_func
 578              	HAL_GetHalVersion:
 579              	.LFB227:
 428:Drivers/STM32C0xx_HAL_Driver/Src/stm32c0xx_hal.c **** 
 429:Drivers/STM32C0xx_HAL_Driver/Src/stm32c0xx_hal.c **** /**
 430:Drivers/STM32C0xx_HAL_Driver/Src/stm32c0xx_hal.c ****   * @brief  Returns the HAL revision
 431:Drivers/STM32C0xx_HAL_Driver/Src/stm32c0xx_hal.c ****   * @retval version : 0xXYZR (8bits for each decimal, R for RC)
 432:Drivers/STM32C0xx_HAL_Driver/Src/stm32c0xx_hal.c ****   */
 433:Drivers/STM32C0xx_HAL_Driver/Src/stm32c0xx_hal.c **** uint32_t HAL_GetHalVersion(void)
 434:Drivers/STM32C0xx_HAL_Driver/Src/stm32c0xx_hal.c **** {
 580              		.loc 1 434 1 is_stmt 1 view -0
 581              		.cfi_startproc
 582              		@ args = 0, pretend = 0, frame = 0
 583              		@ frame_needed = 0, uses_anonymous_args = 0
 584              		@ link register save eliminated.
 435:Drivers/STM32C0xx_HAL_Driver/Src/stm32c0xx_hal.c ****   return __STM32C0xx_HAL_VERSION;
 585              		.loc 1 435 3 view .LVU114
 436:Drivers/STM32C0xx_HAL_Driver/Src/stm32c0xx_hal.c **** }
 586              		.loc 1 436 1 is_stmt 0 view .LVU115
 587 0000 0048     		ldr	r0, .L50
 588              		@ sp needed
 589 0002 7047     		bx	lr
 590              	.L51:
 591              		.align	2
 592              	.L50:
 593 0004 00010401 		.word	17039616
 594              		.cfi_endproc
 595              	.LFE227:
 597              		.section	.text.HAL_GetREVID,"ax",%progbits
 598              		.align	1
 599              		.global	HAL_GetREVID
 600              		.syntax unified
 601              		.code	16
 602              		.thumb_func
 604              	HAL_GetREVID:
 605              	.LFB228:
 437:Drivers/STM32C0xx_HAL_Driver/Src/stm32c0xx_hal.c **** 
 438:Drivers/STM32C0xx_HAL_Driver/Src/stm32c0xx_hal.c **** /**
 439:Drivers/STM32C0xx_HAL_Driver/Src/stm32c0xx_hal.c ****   * @brief  Returns the device revision identifier.
 440:Drivers/STM32C0xx_HAL_Driver/Src/stm32c0xx_hal.c ****   * @retval Device revision identifier
 441:Drivers/STM32C0xx_HAL_Driver/Src/stm32c0xx_hal.c ****   */
 442:Drivers/STM32C0xx_HAL_Driver/Src/stm32c0xx_hal.c **** uint32_t HAL_GetREVID(void)
 443:Drivers/STM32C0xx_HAL_Driver/Src/stm32c0xx_hal.c **** {
 606              		.loc 1 443 1 is_stmt 1 view -0
 607              		.cfi_startproc
 608              		@ args = 0, pretend = 0, frame = 0
 609              		@ frame_needed = 0, uses_anonymous_args = 0
 610              		@ link register save eliminated.
 444:Drivers/STM32C0xx_HAL_Driver/Src/stm32c0xx_hal.c ****   return ((DBG->IDCODE & DBG_IDCODE_REV_ID) >> 16U);
 611              		.loc 1 444 3 view .LVU117
 612              		.loc 1 444 15 is_stmt 0 view .LVU118
 613 0000 014B     		ldr	r3, .L53
 614 0002 1868     		ldr	r0, [r3]
 615              		.loc 1 444 45 view .LVU119
 616 0004 000C     		lsrs	r0, r0, #16
 445:Drivers/STM32C0xx_HAL_Driver/Src/stm32c0xx_hal.c **** }
 617              		.loc 1 445 1 view .LVU120
ARM GAS  C:\Users\amosd\AppData\Local\Temp\ccZNTucz.s 			page 20


 618              		@ sp needed
 619 0006 7047     		bx	lr
 620              	.L54:
 621              		.align	2
 622              	.L53:
 623 0008 00580140 		.word	1073829888
 624              		.cfi_endproc
 625              	.LFE228:
 627              		.section	.text.HAL_GetDEVID,"ax",%progbits
 628              		.align	1
 629              		.global	HAL_GetDEVID
 630              		.syntax unified
 631              		.code	16
 632              		.thumb_func
 634              	HAL_GetDEVID:
 635              	.LFB229:
 446:Drivers/STM32C0xx_HAL_Driver/Src/stm32c0xx_hal.c **** 
 447:Drivers/STM32C0xx_HAL_Driver/Src/stm32c0xx_hal.c **** /**
 448:Drivers/STM32C0xx_HAL_Driver/Src/stm32c0xx_hal.c ****   * @brief  Returns the device identifier.
 449:Drivers/STM32C0xx_HAL_Driver/Src/stm32c0xx_hal.c ****   * @retval Device identifier
 450:Drivers/STM32C0xx_HAL_Driver/Src/stm32c0xx_hal.c ****   */
 451:Drivers/STM32C0xx_HAL_Driver/Src/stm32c0xx_hal.c **** uint32_t HAL_GetDEVID(void)
 452:Drivers/STM32C0xx_HAL_Driver/Src/stm32c0xx_hal.c **** {
 636              		.loc 1 452 1 is_stmt 1 view -0
 637              		.cfi_startproc
 638              		@ args = 0, pretend = 0, frame = 0
 639              		@ frame_needed = 0, uses_anonymous_args = 0
 640              		@ link register save eliminated.
 453:Drivers/STM32C0xx_HAL_Driver/Src/stm32c0xx_hal.c ****   return ((DBG->IDCODE) & DBG_IDCODE_DEV_ID);
 641              		.loc 1 453 3 view .LVU122
 642              		.loc 1 453 15 is_stmt 0 view .LVU123
 643 0000 024B     		ldr	r3, .L56
 644 0002 1868     		ldr	r0, [r3]
 645              		.loc 1 453 25 view .LVU124
 646 0004 0005     		lsls	r0, r0, #20
 647 0006 000D     		lsrs	r0, r0, #20
 454:Drivers/STM32C0xx_HAL_Driver/Src/stm32c0xx_hal.c **** }
 648              		.loc 1 454 1 view .LVU125
 649              		@ sp needed
 650 0008 7047     		bx	lr
 651              	.L57:
 652 000a C046     		.align	2
 653              	.L56:
 654 000c 00580140 		.word	1073829888
 655              		.cfi_endproc
 656              	.LFE229:
 658              		.section	.text.HAL_GetUIDw0,"ax",%progbits
 659              		.align	1
 660              		.global	HAL_GetUIDw0
 661              		.syntax unified
 662              		.code	16
 663              		.thumb_func
 665              	HAL_GetUIDw0:
 666              	.LFB230:
 455:Drivers/STM32C0xx_HAL_Driver/Src/stm32c0xx_hal.c **** 
 456:Drivers/STM32C0xx_HAL_Driver/Src/stm32c0xx_hal.c **** /**
 457:Drivers/STM32C0xx_HAL_Driver/Src/stm32c0xx_hal.c ****   * @brief  Returns first word of the unique device identifier (UID based on 96 bits)
ARM GAS  C:\Users\amosd\AppData\Local\Temp\ccZNTucz.s 			page 21


 458:Drivers/STM32C0xx_HAL_Driver/Src/stm32c0xx_hal.c ****   * @retval Device identifier
 459:Drivers/STM32C0xx_HAL_Driver/Src/stm32c0xx_hal.c ****   */
 460:Drivers/STM32C0xx_HAL_Driver/Src/stm32c0xx_hal.c **** uint32_t HAL_GetUIDw0(void)
 461:Drivers/STM32C0xx_HAL_Driver/Src/stm32c0xx_hal.c **** {
 667              		.loc 1 461 1 is_stmt 1 view -0
 668              		.cfi_startproc
 669              		@ args = 0, pretend = 0, frame = 0
 670              		@ frame_needed = 0, uses_anonymous_args = 0
 671              		@ link register save eliminated.
 462:Drivers/STM32C0xx_HAL_Driver/Src/stm32c0xx_hal.c ****   return (READ_REG(*((uint32_t *)UID_BASE)));
 672              		.loc 1 462 3 view .LVU127
 673              		.loc 1 462 11 is_stmt 0 view .LVU128
 674 0000 014B     		ldr	r3, .L59
 675              		.loc 1 462 11 discriminator 1 view .LVU129
 676 0002 1868     		ldr	r0, [r3]
 463:Drivers/STM32C0xx_HAL_Driver/Src/stm32c0xx_hal.c **** }
 677              		.loc 1 463 1 view .LVU130
 678              		@ sp needed
 679 0004 7047     		bx	lr
 680              	.L60:
 681 0006 C046     		.align	2
 682              	.L59:
 683 0008 5075FF1F 		.word	536835408
 684              		.cfi_endproc
 685              	.LFE230:
 687              		.section	.text.HAL_GetUIDw1,"ax",%progbits
 688              		.align	1
 689              		.global	HAL_GetUIDw1
 690              		.syntax unified
 691              		.code	16
 692              		.thumb_func
 694              	HAL_GetUIDw1:
 695              	.LFB231:
 464:Drivers/STM32C0xx_HAL_Driver/Src/stm32c0xx_hal.c **** 
 465:Drivers/STM32C0xx_HAL_Driver/Src/stm32c0xx_hal.c **** /**
 466:Drivers/STM32C0xx_HAL_Driver/Src/stm32c0xx_hal.c ****   * @brief  Returns second word of the unique device identifier (UID based on 96 bits)
 467:Drivers/STM32C0xx_HAL_Driver/Src/stm32c0xx_hal.c ****   * @retval Device identifier
 468:Drivers/STM32C0xx_HAL_Driver/Src/stm32c0xx_hal.c ****   */
 469:Drivers/STM32C0xx_HAL_Driver/Src/stm32c0xx_hal.c **** uint32_t HAL_GetUIDw1(void)
 470:Drivers/STM32C0xx_HAL_Driver/Src/stm32c0xx_hal.c **** {
 696              		.loc 1 470 1 is_stmt 1 view -0
 697              		.cfi_startproc
 698              		@ args = 0, pretend = 0, frame = 0
 699              		@ frame_needed = 0, uses_anonymous_args = 0
 700              		@ link register save eliminated.
 471:Drivers/STM32C0xx_HAL_Driver/Src/stm32c0xx_hal.c ****   return (READ_REG(*((uint32_t *)(UID_BASE + 4U))));
 701              		.loc 1 471 3 view .LVU132
 702              		.loc 1 471 11 is_stmt 0 view .LVU133
 703 0000 014B     		ldr	r3, .L62
 704              		.loc 1 471 11 discriminator 1 view .LVU134
 705 0002 1868     		ldr	r0, [r3]
 472:Drivers/STM32C0xx_HAL_Driver/Src/stm32c0xx_hal.c **** }
 706              		.loc 1 472 1 view .LVU135
 707              		@ sp needed
 708 0004 7047     		bx	lr
 709              	.L63:
 710 0006 C046     		.align	2
ARM GAS  C:\Users\amosd\AppData\Local\Temp\ccZNTucz.s 			page 22


 711              	.L62:
 712 0008 5475FF1F 		.word	536835412
 713              		.cfi_endproc
 714              	.LFE231:
 716              		.section	.text.HAL_GetUIDw2,"ax",%progbits
 717              		.align	1
 718              		.global	HAL_GetUIDw2
 719              		.syntax unified
 720              		.code	16
 721              		.thumb_func
 723              	HAL_GetUIDw2:
 724              	.LFB232:
 473:Drivers/STM32C0xx_HAL_Driver/Src/stm32c0xx_hal.c **** 
 474:Drivers/STM32C0xx_HAL_Driver/Src/stm32c0xx_hal.c **** /**
 475:Drivers/STM32C0xx_HAL_Driver/Src/stm32c0xx_hal.c ****   * @brief  Returns third word of the unique device identifier (UID based on 96 bits)
 476:Drivers/STM32C0xx_HAL_Driver/Src/stm32c0xx_hal.c ****   * @retval Device identifier
 477:Drivers/STM32C0xx_HAL_Driver/Src/stm32c0xx_hal.c ****   */
 478:Drivers/STM32C0xx_HAL_Driver/Src/stm32c0xx_hal.c **** uint32_t HAL_GetUIDw2(void)
 479:Drivers/STM32C0xx_HAL_Driver/Src/stm32c0xx_hal.c **** {
 725              		.loc 1 479 1 is_stmt 1 view -0
 726              		.cfi_startproc
 727              		@ args = 0, pretend = 0, frame = 0
 728              		@ frame_needed = 0, uses_anonymous_args = 0
 729              		@ link register save eliminated.
 480:Drivers/STM32C0xx_HAL_Driver/Src/stm32c0xx_hal.c ****   return (READ_REG(*((uint32_t *)(UID_BASE + 8U))));
 730              		.loc 1 480 3 view .LVU137
 731              		.loc 1 480 11 is_stmt 0 view .LVU138
 732 0000 014B     		ldr	r3, .L65
 733              		.loc 1 480 11 discriminator 1 view .LVU139
 734 0002 1868     		ldr	r0, [r3]
 481:Drivers/STM32C0xx_HAL_Driver/Src/stm32c0xx_hal.c **** }
 735              		.loc 1 481 1 view .LVU140
 736              		@ sp needed
 737 0004 7047     		bx	lr
 738              	.L66:
 739 0006 C046     		.align	2
 740              	.L65:
 741 0008 5875FF1F 		.word	536835416
 742              		.cfi_endproc
 743              	.LFE232:
 745              		.section	.text.HAL_DBGMCU_EnableDBGStopMode,"ax",%progbits
 746              		.align	1
 747              		.global	HAL_DBGMCU_EnableDBGStopMode
 748              		.syntax unified
 749              		.code	16
 750              		.thumb_func
 752              	HAL_DBGMCU_EnableDBGStopMode:
 753              	.LFB233:
 482:Drivers/STM32C0xx_HAL_Driver/Src/stm32c0xx_hal.c **** 
 483:Drivers/STM32C0xx_HAL_Driver/Src/stm32c0xx_hal.c **** /**
 484:Drivers/STM32C0xx_HAL_Driver/Src/stm32c0xx_hal.c ****   * @}
 485:Drivers/STM32C0xx_HAL_Driver/Src/stm32c0xx_hal.c ****   */
 486:Drivers/STM32C0xx_HAL_Driver/Src/stm32c0xx_hal.c **** 
 487:Drivers/STM32C0xx_HAL_Driver/Src/stm32c0xx_hal.c **** /** @addtogroup HAL_Exported_Functions_Group3
 488:Drivers/STM32C0xx_HAL_Driver/Src/stm32c0xx_hal.c ****   *  @brief    HAL Debug functions
 489:Drivers/STM32C0xx_HAL_Driver/Src/stm32c0xx_hal.c ****   *
 490:Drivers/STM32C0xx_HAL_Driver/Src/stm32c0xx_hal.c **** @verbatim
ARM GAS  C:\Users\amosd\AppData\Local\Temp\ccZNTucz.s 			page 23


 491:Drivers/STM32C0xx_HAL_Driver/Src/stm32c0xx_hal.c ****  ===============================================================================
 492:Drivers/STM32C0xx_HAL_Driver/Src/stm32c0xx_hal.c ****                       ##### HAL Debug functions #####
 493:Drivers/STM32C0xx_HAL_Driver/Src/stm32c0xx_hal.c ****  ===============================================================================
 494:Drivers/STM32C0xx_HAL_Driver/Src/stm32c0xx_hal.c ****     [..]  This section provides functions allowing to:
 495:Drivers/STM32C0xx_HAL_Driver/Src/stm32c0xx_hal.c ****       (+) Enable/Disable Debug module during STOP mode
 496:Drivers/STM32C0xx_HAL_Driver/Src/stm32c0xx_hal.c ****       (+) Enable/Disable Debug module during STANDBY mode
 497:Drivers/STM32C0xx_HAL_Driver/Src/stm32c0xx_hal.c **** 
 498:Drivers/STM32C0xx_HAL_Driver/Src/stm32c0xx_hal.c **** @endverbatim
 499:Drivers/STM32C0xx_HAL_Driver/Src/stm32c0xx_hal.c ****   * @{
 500:Drivers/STM32C0xx_HAL_Driver/Src/stm32c0xx_hal.c ****   */
 501:Drivers/STM32C0xx_HAL_Driver/Src/stm32c0xx_hal.c **** 
 502:Drivers/STM32C0xx_HAL_Driver/Src/stm32c0xx_hal.c **** /**
 503:Drivers/STM32C0xx_HAL_Driver/Src/stm32c0xx_hal.c ****   * @brief  Enable the Debug Module during STOP mode
 504:Drivers/STM32C0xx_HAL_Driver/Src/stm32c0xx_hal.c ****   * @retval None
 505:Drivers/STM32C0xx_HAL_Driver/Src/stm32c0xx_hal.c ****   */
 506:Drivers/STM32C0xx_HAL_Driver/Src/stm32c0xx_hal.c **** void HAL_DBGMCU_EnableDBGStopMode(void)
 507:Drivers/STM32C0xx_HAL_Driver/Src/stm32c0xx_hal.c **** {
 754              		.loc 1 507 1 is_stmt 1 view -0
 755              		.cfi_startproc
 756              		@ args = 0, pretend = 0, frame = 0
 757              		@ frame_needed = 0, uses_anonymous_args = 0
 758              		@ link register save eliminated.
 508:Drivers/STM32C0xx_HAL_Driver/Src/stm32c0xx_hal.c ****   SET_BIT(DBG->CR, DBG_CR_DBG_STOP);
 759              		.loc 1 508 3 view .LVU142
 760 0000 024A     		ldr	r2, .L68
 761 0002 5368     		ldr	r3, [r2, #4]
 762 0004 0221     		movs	r1, #2
 763 0006 0B43     		orrs	r3, r1
 764 0008 5360     		str	r3, [r2, #4]
 509:Drivers/STM32C0xx_HAL_Driver/Src/stm32c0xx_hal.c **** }
 765              		.loc 1 509 1 is_stmt 0 view .LVU143
 766              		@ sp needed
 767 000a 7047     		bx	lr
 768              	.L69:
 769              		.align	2
 770              	.L68:
 771 000c 00580140 		.word	1073829888
 772              		.cfi_endproc
 773              	.LFE233:
 775              		.section	.text.HAL_DBGMCU_DisableDBGStopMode,"ax",%progbits
 776              		.align	1
 777              		.global	HAL_DBGMCU_DisableDBGStopMode
 778              		.syntax unified
 779              		.code	16
 780              		.thumb_func
 782              	HAL_DBGMCU_DisableDBGStopMode:
 783              	.LFB234:
 510:Drivers/STM32C0xx_HAL_Driver/Src/stm32c0xx_hal.c **** 
 511:Drivers/STM32C0xx_HAL_Driver/Src/stm32c0xx_hal.c **** /**
 512:Drivers/STM32C0xx_HAL_Driver/Src/stm32c0xx_hal.c ****   * @brief  Disable the Debug Module during STOP mode
 513:Drivers/STM32C0xx_HAL_Driver/Src/stm32c0xx_hal.c ****   * @retval None
 514:Drivers/STM32C0xx_HAL_Driver/Src/stm32c0xx_hal.c ****   */
 515:Drivers/STM32C0xx_HAL_Driver/Src/stm32c0xx_hal.c **** void HAL_DBGMCU_DisableDBGStopMode(void)
 516:Drivers/STM32C0xx_HAL_Driver/Src/stm32c0xx_hal.c **** {
 784              		.loc 1 516 1 is_stmt 1 view -0
 785              		.cfi_startproc
 786              		@ args = 0, pretend = 0, frame = 0
ARM GAS  C:\Users\amosd\AppData\Local\Temp\ccZNTucz.s 			page 24


 787              		@ frame_needed = 0, uses_anonymous_args = 0
 788              		@ link register save eliminated.
 517:Drivers/STM32C0xx_HAL_Driver/Src/stm32c0xx_hal.c ****   CLEAR_BIT(DBG->CR, DBG_CR_DBG_STOP);
 789              		.loc 1 517 3 view .LVU145
 790 0000 024A     		ldr	r2, .L71
 791 0002 5368     		ldr	r3, [r2, #4]
 792 0004 0221     		movs	r1, #2
 793 0006 8B43     		bics	r3, r1
 794 0008 5360     		str	r3, [r2, #4]
 518:Drivers/STM32C0xx_HAL_Driver/Src/stm32c0xx_hal.c **** }
 795              		.loc 1 518 1 is_stmt 0 view .LVU146
 796              		@ sp needed
 797 000a 7047     		bx	lr
 798              	.L72:
 799              		.align	2
 800              	.L71:
 801 000c 00580140 		.word	1073829888
 802              		.cfi_endproc
 803              	.LFE234:
 805              		.section	.text.HAL_DBGMCU_EnableDBGStandbyMode,"ax",%progbits
 806              		.align	1
 807              		.global	HAL_DBGMCU_EnableDBGStandbyMode
 808              		.syntax unified
 809              		.code	16
 810              		.thumb_func
 812              	HAL_DBGMCU_EnableDBGStandbyMode:
 813              	.LFB235:
 519:Drivers/STM32C0xx_HAL_Driver/Src/stm32c0xx_hal.c **** 
 520:Drivers/STM32C0xx_HAL_Driver/Src/stm32c0xx_hal.c **** /**
 521:Drivers/STM32C0xx_HAL_Driver/Src/stm32c0xx_hal.c ****   * @brief  Enable the Debug Module during STANDBY mode
 522:Drivers/STM32C0xx_HAL_Driver/Src/stm32c0xx_hal.c ****   * @retval None
 523:Drivers/STM32C0xx_HAL_Driver/Src/stm32c0xx_hal.c ****   */
 524:Drivers/STM32C0xx_HAL_Driver/Src/stm32c0xx_hal.c **** void HAL_DBGMCU_EnableDBGStandbyMode(void)
 525:Drivers/STM32C0xx_HAL_Driver/Src/stm32c0xx_hal.c **** {
 814              		.loc 1 525 1 is_stmt 1 view -0
 815              		.cfi_startproc
 816              		@ args = 0, pretend = 0, frame = 0
 817              		@ frame_needed = 0, uses_anonymous_args = 0
 818              		@ link register save eliminated.
 526:Drivers/STM32C0xx_HAL_Driver/Src/stm32c0xx_hal.c ****   SET_BIT(DBG->CR, DBG_CR_DBG_STANDBY);
 819              		.loc 1 526 3 view .LVU148
 820 0000 024A     		ldr	r2, .L74
 821 0002 5368     		ldr	r3, [r2, #4]
 822 0004 0421     		movs	r1, #4
 823 0006 0B43     		orrs	r3, r1
 824 0008 5360     		str	r3, [r2, #4]
 527:Drivers/STM32C0xx_HAL_Driver/Src/stm32c0xx_hal.c **** }
 825              		.loc 1 527 1 is_stmt 0 view .LVU149
 826              		@ sp needed
 827 000a 7047     		bx	lr
 828              	.L75:
 829              		.align	2
 830              	.L74:
 831 000c 00580140 		.word	1073829888
 832              		.cfi_endproc
 833              	.LFE235:
 835              		.section	.text.HAL_DBGMCU_DisableDBGStandbyMode,"ax",%progbits
ARM GAS  C:\Users\amosd\AppData\Local\Temp\ccZNTucz.s 			page 25


 836              		.align	1
 837              		.global	HAL_DBGMCU_DisableDBGStandbyMode
 838              		.syntax unified
 839              		.code	16
 840              		.thumb_func
 842              	HAL_DBGMCU_DisableDBGStandbyMode:
 843              	.LFB236:
 528:Drivers/STM32C0xx_HAL_Driver/Src/stm32c0xx_hal.c **** 
 529:Drivers/STM32C0xx_HAL_Driver/Src/stm32c0xx_hal.c **** /**
 530:Drivers/STM32C0xx_HAL_Driver/Src/stm32c0xx_hal.c ****   * @brief  Disable the Debug Module during STANDBY mode
 531:Drivers/STM32C0xx_HAL_Driver/Src/stm32c0xx_hal.c ****   * @retval None
 532:Drivers/STM32C0xx_HAL_Driver/Src/stm32c0xx_hal.c ****   */
 533:Drivers/STM32C0xx_HAL_Driver/Src/stm32c0xx_hal.c **** void HAL_DBGMCU_DisableDBGStandbyMode(void)
 534:Drivers/STM32C0xx_HAL_Driver/Src/stm32c0xx_hal.c **** {
 844              		.loc 1 534 1 is_stmt 1 view -0
 845              		.cfi_startproc
 846              		@ args = 0, pretend = 0, frame = 0
 847              		@ frame_needed = 0, uses_anonymous_args = 0
 848              		@ link register save eliminated.
 535:Drivers/STM32C0xx_HAL_Driver/Src/stm32c0xx_hal.c ****   CLEAR_BIT(DBG->CR, DBG_CR_DBG_STANDBY);
 849              		.loc 1 535 3 view .LVU151
 850 0000 024A     		ldr	r2, .L77
 851 0002 5368     		ldr	r3, [r2, #4]
 852 0004 0421     		movs	r1, #4
 853 0006 8B43     		bics	r3, r1
 854 0008 5360     		str	r3, [r2, #4]
 536:Drivers/STM32C0xx_HAL_Driver/Src/stm32c0xx_hal.c **** }
 855              		.loc 1 536 1 is_stmt 0 view .LVU152
 856              		@ sp needed
 857 000a 7047     		bx	lr
 858              	.L78:
 859              		.align	2
 860              	.L77:
 861 000c 00580140 		.word	1073829888
 862              		.cfi_endproc
 863              	.LFE236:
 865              		.section	.text.HAL_SYSCFG_EnableRemap,"ax",%progbits
 866              		.align	1
 867              		.global	HAL_SYSCFG_EnableRemap
 868              		.syntax unified
 869              		.code	16
 870              		.thumb_func
 872              	HAL_SYSCFG_EnableRemap:
 873              	.LVL30:
 874              	.LFB237:
 537:Drivers/STM32C0xx_HAL_Driver/Src/stm32c0xx_hal.c **** 
 538:Drivers/STM32C0xx_HAL_Driver/Src/stm32c0xx_hal.c **** /**
 539:Drivers/STM32C0xx_HAL_Driver/Src/stm32c0xx_hal.c ****   * @}
 540:Drivers/STM32C0xx_HAL_Driver/Src/stm32c0xx_hal.c ****   */
 541:Drivers/STM32C0xx_HAL_Driver/Src/stm32c0xx_hal.c **** 
 542:Drivers/STM32C0xx_HAL_Driver/Src/stm32c0xx_hal.c **** /** @addtogroup HAL_Exported_Functions_Group4
 543:Drivers/STM32C0xx_HAL_Driver/Src/stm32c0xx_hal.c ****   *  @brief    SYSCFG configuration functions
 544:Drivers/STM32C0xx_HAL_Driver/Src/stm32c0xx_hal.c ****   *
 545:Drivers/STM32C0xx_HAL_Driver/Src/stm32c0xx_hal.c **** @verbatim
 546:Drivers/STM32C0xx_HAL_Driver/Src/stm32c0xx_hal.c ****  ===============================================================================
 547:Drivers/STM32C0xx_HAL_Driver/Src/stm32c0xx_hal.c ****                       ##### HAL SYSCFG configuration functions #####
 548:Drivers/STM32C0xx_HAL_Driver/Src/stm32c0xx_hal.c ****  ===============================================================================
ARM GAS  C:\Users\amosd\AppData\Local\Temp\ccZNTucz.s 			page 26


 549:Drivers/STM32C0xx_HAL_Driver/Src/stm32c0xx_hal.c ****     [..]  This section provides functions allowing to:
 550:Drivers/STM32C0xx_HAL_Driver/Src/stm32c0xx_hal.c ****       (+) Enable/Disable Pin remap
 551:Drivers/STM32C0xx_HAL_Driver/Src/stm32c0xx_hal.c **** @endverbatim
 552:Drivers/STM32C0xx_HAL_Driver/Src/stm32c0xx_hal.c ****   * @{
 553:Drivers/STM32C0xx_HAL_Driver/Src/stm32c0xx_hal.c ****   */
 554:Drivers/STM32C0xx_HAL_Driver/Src/stm32c0xx_hal.c **** /**
 555:Drivers/STM32C0xx_HAL_Driver/Src/stm32c0xx_hal.c ****   * @brief  Enable the remap on PA11_PA12
 556:Drivers/STM32C0xx_HAL_Driver/Src/stm32c0xx_hal.c ****   * @param  PinRemap specifies which pins have to be remapped
 557:Drivers/STM32C0xx_HAL_Driver/Src/stm32c0xx_hal.c ****   *         This parameter can be any combination of the following values:
 558:Drivers/STM32C0xx_HAL_Driver/Src/stm32c0xx_hal.c ****   *         @arg @ref SYSCFG_REMAP_PA11
 559:Drivers/STM32C0xx_HAL_Driver/Src/stm32c0xx_hal.c ****   *         @arg @ref SYSCFG_REMAP_PA12
 560:Drivers/STM32C0xx_HAL_Driver/Src/stm32c0xx_hal.c ****   * @retval None
 561:Drivers/STM32C0xx_HAL_Driver/Src/stm32c0xx_hal.c ****   */
 562:Drivers/STM32C0xx_HAL_Driver/Src/stm32c0xx_hal.c **** void HAL_SYSCFG_EnableRemap(uint32_t PinRemap)
 563:Drivers/STM32C0xx_HAL_Driver/Src/stm32c0xx_hal.c **** {
 875              		.loc 1 563 1 is_stmt 1 view -0
 876              		.cfi_startproc
 877              		@ args = 0, pretend = 0, frame = 0
 878              		@ frame_needed = 0, uses_anonymous_args = 0
 879              		@ link register save eliminated.
 564:Drivers/STM32C0xx_HAL_Driver/Src/stm32c0xx_hal.c ****   /* Check the parameter */
 565:Drivers/STM32C0xx_HAL_Driver/Src/stm32c0xx_hal.c ****   assert_param(IS_HAL_REMAP_PIN(PinRemap));
 880              		.loc 1 565 3 view .LVU154
 566:Drivers/STM32C0xx_HAL_Driver/Src/stm32c0xx_hal.c ****   SET_BIT(SYSCFG->CFGR1, PinRemap);
 881              		.loc 1 566 3 view .LVU155
 882 0000 024A     		ldr	r2, .L80
 883 0002 1368     		ldr	r3, [r2]
 884 0004 0343     		orrs	r3, r0
 885 0006 1360     		str	r3, [r2]
 567:Drivers/STM32C0xx_HAL_Driver/Src/stm32c0xx_hal.c **** }
 886              		.loc 1 567 1 is_stmt 0 view .LVU156
 887              		@ sp needed
 888 0008 7047     		bx	lr
 889              	.L81:
 890 000a C046     		.align	2
 891              	.L80:
 892 000c 00000140 		.word	1073807360
 893              		.cfi_endproc
 894              	.LFE237:
 896              		.section	.text.HAL_SYSCFG_DisableRemap,"ax",%progbits
 897              		.align	1
 898              		.global	HAL_SYSCFG_DisableRemap
 899              		.syntax unified
 900              		.code	16
 901              		.thumb_func
 903              	HAL_SYSCFG_DisableRemap:
 904              	.LVL31:
 905              	.LFB238:
 568:Drivers/STM32C0xx_HAL_Driver/Src/stm32c0xx_hal.c **** 
 569:Drivers/STM32C0xx_HAL_Driver/Src/stm32c0xx_hal.c **** /**
 570:Drivers/STM32C0xx_HAL_Driver/Src/stm32c0xx_hal.c ****   * @brief  Disable the remap on PA11_PA12
 571:Drivers/STM32C0xx_HAL_Driver/Src/stm32c0xx_hal.c ****   * @param  PinRemap specifies which pins will behave normally
 572:Drivers/STM32C0xx_HAL_Driver/Src/stm32c0xx_hal.c ****   *         This parameter can be any combination of the following values:
 573:Drivers/STM32C0xx_HAL_Driver/Src/stm32c0xx_hal.c ****   *         @arg @ref SYSCFG_REMAP_PA11
 574:Drivers/STM32C0xx_HAL_Driver/Src/stm32c0xx_hal.c ****   *         @arg @ref SYSCFG_REMAP_PA12
 575:Drivers/STM32C0xx_HAL_Driver/Src/stm32c0xx_hal.c ****   * @retval None
 576:Drivers/STM32C0xx_HAL_Driver/Src/stm32c0xx_hal.c ****   */
ARM GAS  C:\Users\amosd\AppData\Local\Temp\ccZNTucz.s 			page 27


 577:Drivers/STM32C0xx_HAL_Driver/Src/stm32c0xx_hal.c **** void HAL_SYSCFG_DisableRemap(uint32_t PinRemap)
 578:Drivers/STM32C0xx_HAL_Driver/Src/stm32c0xx_hal.c **** {
 906              		.loc 1 578 1 is_stmt 1 view -0
 907              		.cfi_startproc
 908              		@ args = 0, pretend = 0, frame = 0
 909              		@ frame_needed = 0, uses_anonymous_args = 0
 910              		@ link register save eliminated.
 579:Drivers/STM32C0xx_HAL_Driver/Src/stm32c0xx_hal.c ****   /* Check the parameter */
 580:Drivers/STM32C0xx_HAL_Driver/Src/stm32c0xx_hal.c ****   assert_param(IS_HAL_REMAP_PIN(PinRemap));
 911              		.loc 1 580 3 view .LVU158
 581:Drivers/STM32C0xx_HAL_Driver/Src/stm32c0xx_hal.c ****   CLEAR_BIT(SYSCFG->CFGR1, PinRemap);
 912              		.loc 1 581 3 view .LVU159
 913 0000 024A     		ldr	r2, .L83
 914 0002 1368     		ldr	r3, [r2]
 915 0004 8343     		bics	r3, r0
 916 0006 1360     		str	r3, [r2]
 582:Drivers/STM32C0xx_HAL_Driver/Src/stm32c0xx_hal.c **** }
 917              		.loc 1 582 1 is_stmt 0 view .LVU160
 918              		@ sp needed
 919 0008 7047     		bx	lr
 920              	.L84:
 921 000a C046     		.align	2
 922              	.L83:
 923 000c 00000140 		.word	1073807360
 924              		.cfi_endproc
 925              	.LFE238:
 927              		.section	.text.HAL_SYSCFG_SetPinBinding,"ax",%progbits
 928              		.align	1
 929              		.global	HAL_SYSCFG_SetPinBinding
 930              		.syntax unified
 931              		.code	16
 932              		.thumb_func
 934              	HAL_SYSCFG_SetPinBinding:
 935              	.LVL32:
 936              	.LFB239:
 583:Drivers/STM32C0xx_HAL_Driver/Src/stm32c0xx_hal.c **** /**
 584:Drivers/STM32C0xx_HAL_Driver/Src/stm32c0xx_hal.c ****   * @brief  Set Pin Binding
 585:Drivers/STM32C0xx_HAL_Driver/Src/stm32c0xx_hal.c ****   * @param  pin_binding specifies which pin will bind a specific GPIO
 586:Drivers/STM32C0xx_HAL_Driver/Src/stm32c0xx_hal.c ****   *         for each die package
 587:Drivers/STM32C0xx_HAL_Driver/Src/stm32c0xx_hal.c ****   *         This parameter can be a value of @ref HAL_BIND_CFG
 588:Drivers/STM32C0xx_HAL_Driver/Src/stm32c0xx_hal.c ****   * @retval None
 589:Drivers/STM32C0xx_HAL_Driver/Src/stm32c0xx_hal.c ****   */
 590:Drivers/STM32C0xx_HAL_Driver/Src/stm32c0xx_hal.c **** void HAL_SYSCFG_SetPinBinding(uint32_t pin_binding)
 591:Drivers/STM32C0xx_HAL_Driver/Src/stm32c0xx_hal.c **** {
 937              		.loc 1 591 1 is_stmt 1 view -0
 938              		.cfi_startproc
 939              		@ args = 0, pretend = 0, frame = 0
 940              		@ frame_needed = 0, uses_anonymous_args = 0
 941              		@ link register save eliminated.
 592:Drivers/STM32C0xx_HAL_Driver/Src/stm32c0xx_hal.c ****   /* Check the parameter */
 593:Drivers/STM32C0xx_HAL_Driver/Src/stm32c0xx_hal.c ****   assert_param(IS_HAL_SYSCFG_PINBINDING(pin_binding));
 942              		.loc 1 593 3 view .LVU162
 594:Drivers/STM32C0xx_HAL_Driver/Src/stm32c0xx_hal.c ****   LL_SYSCFG_ConfigPinMux(pin_binding);
 943              		.loc 1 594 3 view .LVU163
 944              	.LBB6:
 945              	.LBI6:
 946              		.file 2 "Drivers/STM32C0xx_HAL_Driver/Inc/stm32c0xx_ll_system.h"
ARM GAS  C:\Users\amosd\AppData\Local\Temp\ccZNTucz.s 			page 28


   1:Drivers/STM32C0xx_HAL_Driver/Inc/stm32c0xx_ll_system.h **** /**
   2:Drivers/STM32C0xx_HAL_Driver/Inc/stm32c0xx_ll_system.h ****   ******************************************************************************
   3:Drivers/STM32C0xx_HAL_Driver/Inc/stm32c0xx_ll_system.h ****   * @file    stm32c0xx_ll_system.h
   4:Drivers/STM32C0xx_HAL_Driver/Inc/stm32c0xx_ll_system.h ****   * @author  MCD Application Team
   5:Drivers/STM32C0xx_HAL_Driver/Inc/stm32c0xx_ll_system.h ****   * @brief   Header file of SYSTEM LL module.
   6:Drivers/STM32C0xx_HAL_Driver/Inc/stm32c0xx_ll_system.h ****   ******************************************************************************
   7:Drivers/STM32C0xx_HAL_Driver/Inc/stm32c0xx_ll_system.h ****   * @attention
   8:Drivers/STM32C0xx_HAL_Driver/Inc/stm32c0xx_ll_system.h ****   *
   9:Drivers/STM32C0xx_HAL_Driver/Inc/stm32c0xx_ll_system.h ****   * Copyright (c) 2022 STMicroelectronics.
  10:Drivers/STM32C0xx_HAL_Driver/Inc/stm32c0xx_ll_system.h ****   * All rights reserved.
  11:Drivers/STM32C0xx_HAL_Driver/Inc/stm32c0xx_ll_system.h ****   *
  12:Drivers/STM32C0xx_HAL_Driver/Inc/stm32c0xx_ll_system.h ****   * This software is licensed under terms that can be found in the LICENSE file
  13:Drivers/STM32C0xx_HAL_Driver/Inc/stm32c0xx_ll_system.h ****   * in the root directory of this software component.
  14:Drivers/STM32C0xx_HAL_Driver/Inc/stm32c0xx_ll_system.h ****   * If no LICENSE file comes with this software, it is provided AS-IS.
  15:Drivers/STM32C0xx_HAL_Driver/Inc/stm32c0xx_ll_system.h ****   *
  16:Drivers/STM32C0xx_HAL_Driver/Inc/stm32c0xx_ll_system.h ****   ******************************************************************************
  17:Drivers/STM32C0xx_HAL_Driver/Inc/stm32c0xx_ll_system.h ****   @verbatim
  18:Drivers/STM32C0xx_HAL_Driver/Inc/stm32c0xx_ll_system.h ****   ==============================================================================
  19:Drivers/STM32C0xx_HAL_Driver/Inc/stm32c0xx_ll_system.h ****                      ##### How to use this driver #####
  20:Drivers/STM32C0xx_HAL_Driver/Inc/stm32c0xx_ll_system.h ****   ==============================================================================
  21:Drivers/STM32C0xx_HAL_Driver/Inc/stm32c0xx_ll_system.h ****     [..]
  22:Drivers/STM32C0xx_HAL_Driver/Inc/stm32c0xx_ll_system.h ****     The LL SYSTEM driver contains a set of generic APIs that can be
  23:Drivers/STM32C0xx_HAL_Driver/Inc/stm32c0xx_ll_system.h ****     used by user:
  24:Drivers/STM32C0xx_HAL_Driver/Inc/stm32c0xx_ll_system.h ****       (+) Some of the FLASH features need to be handled in the SYSTEM file.
  25:Drivers/STM32C0xx_HAL_Driver/Inc/stm32c0xx_ll_system.h ****       (+) Access to DBGCMU registers
  26:Drivers/STM32C0xx_HAL_Driver/Inc/stm32c0xx_ll_system.h ****       (+) Access to SYSCFG registers
  27:Drivers/STM32C0xx_HAL_Driver/Inc/stm32c0xx_ll_system.h ****   @endverbatim
  28:Drivers/STM32C0xx_HAL_Driver/Inc/stm32c0xx_ll_system.h ****   ******************************************************************************
  29:Drivers/STM32C0xx_HAL_Driver/Inc/stm32c0xx_ll_system.h ****   */
  30:Drivers/STM32C0xx_HAL_Driver/Inc/stm32c0xx_ll_system.h **** 
  31:Drivers/STM32C0xx_HAL_Driver/Inc/stm32c0xx_ll_system.h **** /* Define to prevent recursive inclusion -------------------------------------*/
  32:Drivers/STM32C0xx_HAL_Driver/Inc/stm32c0xx_ll_system.h **** #ifndef STM32C0xx_LL_SYSTEM_H
  33:Drivers/STM32C0xx_HAL_Driver/Inc/stm32c0xx_ll_system.h **** #define STM32C0xx_LL_SYSTEM_H
  34:Drivers/STM32C0xx_HAL_Driver/Inc/stm32c0xx_ll_system.h **** 
  35:Drivers/STM32C0xx_HAL_Driver/Inc/stm32c0xx_ll_system.h **** #ifdef __cplusplus
  36:Drivers/STM32C0xx_HAL_Driver/Inc/stm32c0xx_ll_system.h **** extern "C" {
  37:Drivers/STM32C0xx_HAL_Driver/Inc/stm32c0xx_ll_system.h **** #endif
  38:Drivers/STM32C0xx_HAL_Driver/Inc/stm32c0xx_ll_system.h **** 
  39:Drivers/STM32C0xx_HAL_Driver/Inc/stm32c0xx_ll_system.h **** /* Includes ------------------------------------------------------------------*/
  40:Drivers/STM32C0xx_HAL_Driver/Inc/stm32c0xx_ll_system.h **** #include "stm32c0xx.h"
  41:Drivers/STM32C0xx_HAL_Driver/Inc/stm32c0xx_ll_system.h **** 
  42:Drivers/STM32C0xx_HAL_Driver/Inc/stm32c0xx_ll_system.h **** /** @addtogroup STM32C0xx_LL_Driver
  43:Drivers/STM32C0xx_HAL_Driver/Inc/stm32c0xx_ll_system.h ****   * @{
  44:Drivers/STM32C0xx_HAL_Driver/Inc/stm32c0xx_ll_system.h ****   */
  45:Drivers/STM32C0xx_HAL_Driver/Inc/stm32c0xx_ll_system.h **** 
  46:Drivers/STM32C0xx_HAL_Driver/Inc/stm32c0xx_ll_system.h **** #if defined (FLASH) || defined (SYSCFG) || defined (DBG)
  47:Drivers/STM32C0xx_HAL_Driver/Inc/stm32c0xx_ll_system.h **** 
  48:Drivers/STM32C0xx_HAL_Driver/Inc/stm32c0xx_ll_system.h **** /** @defgroup SYSTEM_LL SYSTEM
  49:Drivers/STM32C0xx_HAL_Driver/Inc/stm32c0xx_ll_system.h ****   * @{
  50:Drivers/STM32C0xx_HAL_Driver/Inc/stm32c0xx_ll_system.h ****   */
  51:Drivers/STM32C0xx_HAL_Driver/Inc/stm32c0xx_ll_system.h **** 
  52:Drivers/STM32C0xx_HAL_Driver/Inc/stm32c0xx_ll_system.h **** /* Private types -------------------------------------------------------------*/
  53:Drivers/STM32C0xx_HAL_Driver/Inc/stm32c0xx_ll_system.h **** /* Private variables ---------------------------------------------------------*/
  54:Drivers/STM32C0xx_HAL_Driver/Inc/stm32c0xx_ll_system.h **** 
  55:Drivers/STM32C0xx_HAL_Driver/Inc/stm32c0xx_ll_system.h **** /* Private constants ---------------------------------------------------------*/
  56:Drivers/STM32C0xx_HAL_Driver/Inc/stm32c0xx_ll_system.h **** /** @defgroup SYSTEM_LL_Private_Constants SYSTEM Private Constants
  57:Drivers/STM32C0xx_HAL_Driver/Inc/stm32c0xx_ll_system.h ****   * @{
ARM GAS  C:\Users\amosd\AppData\Local\Temp\ccZNTucz.s 			page 29


  58:Drivers/STM32C0xx_HAL_Driver/Inc/stm32c0xx_ll_system.h ****   */
  59:Drivers/STM32C0xx_HAL_Driver/Inc/stm32c0xx_ll_system.h **** 
  60:Drivers/STM32C0xx_HAL_Driver/Inc/stm32c0xx_ll_system.h **** /**
  61:Drivers/STM32C0xx_HAL_Driver/Inc/stm32c0xx_ll_system.h ****   * @}
  62:Drivers/STM32C0xx_HAL_Driver/Inc/stm32c0xx_ll_system.h ****   */
  63:Drivers/STM32C0xx_HAL_Driver/Inc/stm32c0xx_ll_system.h **** 
  64:Drivers/STM32C0xx_HAL_Driver/Inc/stm32c0xx_ll_system.h **** /* Private macros ------------------------------------------------------------*/
  65:Drivers/STM32C0xx_HAL_Driver/Inc/stm32c0xx_ll_system.h **** 
  66:Drivers/STM32C0xx_HAL_Driver/Inc/stm32c0xx_ll_system.h **** /* Exported types ------------------------------------------------------------*/
  67:Drivers/STM32C0xx_HAL_Driver/Inc/stm32c0xx_ll_system.h **** /* Exported constants --------------------------------------------------------*/
  68:Drivers/STM32C0xx_HAL_Driver/Inc/stm32c0xx_ll_system.h **** /** @defgroup SYSTEM_LL_Exported_Constants SYSTEM Exported Constants
  69:Drivers/STM32C0xx_HAL_Driver/Inc/stm32c0xx_ll_system.h ****   * @{
  70:Drivers/STM32C0xx_HAL_Driver/Inc/stm32c0xx_ll_system.h ****   */
  71:Drivers/STM32C0xx_HAL_Driver/Inc/stm32c0xx_ll_system.h **** 
  72:Drivers/STM32C0xx_HAL_Driver/Inc/stm32c0xx_ll_system.h **** /** @defgroup SYSTEM_LL_EC_REMAP SYSCFG REMAP
  73:Drivers/STM32C0xx_HAL_Driver/Inc/stm32c0xx_ll_system.h ****   * @{
  74:Drivers/STM32C0xx_HAL_Driver/Inc/stm32c0xx_ll_system.h ****   */
  75:Drivers/STM32C0xx_HAL_Driver/Inc/stm32c0xx_ll_system.h **** #define LL_SYSCFG_REMAP_FLASH               0x00000000U                                           /
  76:Drivers/STM32C0xx_HAL_Driver/Inc/stm32c0xx_ll_system.h **** #define LL_SYSCFG_REMAP_SYSTEMFLASH         SYSCFG_CFGR1_MEM_MODE_0                               /
  77:Drivers/STM32C0xx_HAL_Driver/Inc/stm32c0xx_ll_system.h **** #define LL_SYSCFG_REMAP_SRAM                (SYSCFG_CFGR1_MEM_MODE_1 | SYSCFG_CFGR1_MEM_MODE_0)   /
  78:Drivers/STM32C0xx_HAL_Driver/Inc/stm32c0xx_ll_system.h **** /**
  79:Drivers/STM32C0xx_HAL_Driver/Inc/stm32c0xx_ll_system.h ****   * @}
  80:Drivers/STM32C0xx_HAL_Driver/Inc/stm32c0xx_ll_system.h ****   */
  81:Drivers/STM32C0xx_HAL_Driver/Inc/stm32c0xx_ll_system.h **** 
  82:Drivers/STM32C0xx_HAL_Driver/Inc/stm32c0xx_ll_system.h **** /** @defgroup SYSTEM_LL_EC_PIN_RMP SYSCFG PIN RMP
  83:Drivers/STM32C0xx_HAL_Driver/Inc/stm32c0xx_ll_system.h ****   * @{
  84:Drivers/STM32C0xx_HAL_Driver/Inc/stm32c0xx_ll_system.h ****   */
  85:Drivers/STM32C0xx_HAL_Driver/Inc/stm32c0xx_ll_system.h **** #define LL_SYSCFG_PIN_RMP_PA11              SYSCFG_CFGR1_PA11_RMP                           /*!< PA
  86:Drivers/STM32C0xx_HAL_Driver/Inc/stm32c0xx_ll_system.h **** #define LL_SYSCFG_PIN_RMP_PA12              SYSCFG_CFGR1_PA12_RMP                           /*!< PA
  87:Drivers/STM32C0xx_HAL_Driver/Inc/stm32c0xx_ll_system.h **** /**
  88:Drivers/STM32C0xx_HAL_Driver/Inc/stm32c0xx_ll_system.h ****   * @}
  89:Drivers/STM32C0xx_HAL_Driver/Inc/stm32c0xx_ll_system.h ****   */
  90:Drivers/STM32C0xx_HAL_Driver/Inc/stm32c0xx_ll_system.h **** 
  91:Drivers/STM32C0xx_HAL_Driver/Inc/stm32c0xx_ll_system.h **** /** @defgroup SYSTEM_LL_EC_IR_MOD SYSCFG IR Modulation
  92:Drivers/STM32C0xx_HAL_Driver/Inc/stm32c0xx_ll_system.h ****   * @{
  93:Drivers/STM32C0xx_HAL_Driver/Inc/stm32c0xx_ll_system.h ****   */
  94:Drivers/STM32C0xx_HAL_Driver/Inc/stm32c0xx_ll_system.h **** #define LL_SYSCFG_IR_MOD_TIM16       (SYSCFG_CFGR1_IR_MOD_0 & SYSCFG_CFGR1_IR_MOD_1)    /*!< 00: Ti
  95:Drivers/STM32C0xx_HAL_Driver/Inc/stm32c0xx_ll_system.h **** #define LL_SYSCFG_IR_MOD_USART1      (SYSCFG_CFGR1_IR_MOD_0)                            /*!< 01: US
  96:Drivers/STM32C0xx_HAL_Driver/Inc/stm32c0xx_ll_system.h **** #define LL_SYSCFG_IR_MOD_USART2      (SYSCFG_CFGR1_IR_MOD_1)                            /*!< 10: US
  97:Drivers/STM32C0xx_HAL_Driver/Inc/stm32c0xx_ll_system.h **** 
  98:Drivers/STM32C0xx_HAL_Driver/Inc/stm32c0xx_ll_system.h **** /**
  99:Drivers/STM32C0xx_HAL_Driver/Inc/stm32c0xx_ll_system.h ****   * @}
 100:Drivers/STM32C0xx_HAL_Driver/Inc/stm32c0xx_ll_system.h ****   */
 101:Drivers/STM32C0xx_HAL_Driver/Inc/stm32c0xx_ll_system.h **** /** @defgroup SYSTEM_LL_EC_IR_POL SYSCFG IR Polarity
 102:Drivers/STM32C0xx_HAL_Driver/Inc/stm32c0xx_ll_system.h ****   * @{
 103:Drivers/STM32C0xx_HAL_Driver/Inc/stm32c0xx_ll_system.h ****   */
 104:Drivers/STM32C0xx_HAL_Driver/Inc/stm32c0xx_ll_system.h **** #define LL_SYSCFG_IR_POL_NOT_INVERTED  0x00000000U                                     /*!< 0: Outp
 105:Drivers/STM32C0xx_HAL_Driver/Inc/stm32c0xx_ll_system.h **** #define LL_SYSCFG_IR_POL_INVERTED     (SYSCFG_CFGR1_IR_POL)                            /*!< 1: Outp
 106:Drivers/STM32C0xx_HAL_Driver/Inc/stm32c0xx_ll_system.h **** /**
 107:Drivers/STM32C0xx_HAL_Driver/Inc/stm32c0xx_ll_system.h ****   * @}
 108:Drivers/STM32C0xx_HAL_Driver/Inc/stm32c0xx_ll_system.h ****   */
 109:Drivers/STM32C0xx_HAL_Driver/Inc/stm32c0xx_ll_system.h **** 
 110:Drivers/STM32C0xx_HAL_Driver/Inc/stm32c0xx_ll_system.h **** /** @defgroup SYSTEM_LL_EC_BOOSTEN SYSCFG I/O analog switch voltage booster enable
 111:Drivers/STM32C0xx_HAL_Driver/Inc/stm32c0xx_ll_system.h ****   * @{
 112:Drivers/STM32C0xx_HAL_Driver/Inc/stm32c0xx_ll_system.h ****   */
 113:Drivers/STM32C0xx_HAL_Driver/Inc/stm32c0xx_ll_system.h **** #define LL_SYSCFG_CFGR1_BOOSTEN       SYSCFG_CFGR1_BOOSTEN                             /*!< I/O ana
 114:Drivers/STM32C0xx_HAL_Driver/Inc/stm32c0xx_ll_system.h **** /**
ARM GAS  C:\Users\amosd\AppData\Local\Temp\ccZNTucz.s 			page 30


 115:Drivers/STM32C0xx_HAL_Driver/Inc/stm32c0xx_ll_system.h ****   * @}
 116:Drivers/STM32C0xx_HAL_Driver/Inc/stm32c0xx_ll_system.h ****   */
 117:Drivers/STM32C0xx_HAL_Driver/Inc/stm32c0xx_ll_system.h **** 
 118:Drivers/STM32C0xx_HAL_Driver/Inc/stm32c0xx_ll_system.h **** /** @defgroup SYSTEM_LL_EC_I2C_FASTMODEPLUS SYSCFG I2C FASTMODEPLUS
 119:Drivers/STM32C0xx_HAL_Driver/Inc/stm32c0xx_ll_system.h ****   * @{
 120:Drivers/STM32C0xx_HAL_Driver/Inc/stm32c0xx_ll_system.h ****   */
 121:Drivers/STM32C0xx_HAL_Driver/Inc/stm32c0xx_ll_system.h **** #define LL_SYSCFG_I2C_FASTMODEPLUS_PB6     SYSCFG_CFGR1_I2C_PB6_FMP  /*!< I2C PB6 Fast mode plus */
 122:Drivers/STM32C0xx_HAL_Driver/Inc/stm32c0xx_ll_system.h **** #define LL_SYSCFG_I2C_FASTMODEPLUS_PB7     SYSCFG_CFGR1_I2C_PB7_FMP  /*!< I2C PB7 Fast mode plus */
 123:Drivers/STM32C0xx_HAL_Driver/Inc/stm32c0xx_ll_system.h **** #define LL_SYSCFG_I2C_FASTMODEPLUS_PB8     SYSCFG_CFGR1_I2C_PB8_FMP  /*!< I2C PB8 Fast mode plus */
 124:Drivers/STM32C0xx_HAL_Driver/Inc/stm32c0xx_ll_system.h **** #define LL_SYSCFG_I2C_FASTMODEPLUS_PB9     SYSCFG_CFGR1_I2C_PB9_FMP  /*!< I2C PB9 Fast mode plus */
 125:Drivers/STM32C0xx_HAL_Driver/Inc/stm32c0xx_ll_system.h **** #define LL_SYSCFG_I2C_FASTMODEPLUS_I2C1    SYSCFG_CFGR1_I2C1_FMP     /*!< Enable I2C1 Fast mode Plu
 126:Drivers/STM32C0xx_HAL_Driver/Inc/stm32c0xx_ll_system.h **** #if defined(I2C2)
 127:Drivers/STM32C0xx_HAL_Driver/Inc/stm32c0xx_ll_system.h **** #define LL_SYSCFG_I2C_FASTMODEPLUS_I2C2    SYSCFG_CFGR1_I2C2_FMP     /*!< Enable I2C2 Fast mode Plu
 128:Drivers/STM32C0xx_HAL_Driver/Inc/stm32c0xx_ll_system.h **** #endif /* I2C2 */
 129:Drivers/STM32C0xx_HAL_Driver/Inc/stm32c0xx_ll_system.h **** #define LL_SYSCFG_I2C_FASTMODEPLUS_PA9     SYSCFG_CFGR1_I2C_PA9_FMP  /*!< Enable Fast Mode Plus on 
 130:Drivers/STM32C0xx_HAL_Driver/Inc/stm32c0xx_ll_system.h **** #define LL_SYSCFG_I2C_FASTMODEPLUS_PA10    SYSCFG_CFGR1_I2C_PA10_FMP /*!< Enable Fast Mode Plus on 
 131:Drivers/STM32C0xx_HAL_Driver/Inc/stm32c0xx_ll_system.h **** #define LL_SYSCFG_I2C_FASTMODEPLUS_PC14    SYSCFG_CFGR1_I2C_PC14_FMP /*!< Enable Fast Mode Plus on 
 132:Drivers/STM32C0xx_HAL_Driver/Inc/stm32c0xx_ll_system.h **** /**
 133:Drivers/STM32C0xx_HAL_Driver/Inc/stm32c0xx_ll_system.h ****   * @}
 134:Drivers/STM32C0xx_HAL_Driver/Inc/stm32c0xx_ll_system.h ****   */
 135:Drivers/STM32C0xx_HAL_Driver/Inc/stm32c0xx_ll_system.h **** 
 136:Drivers/STM32C0xx_HAL_Driver/Inc/stm32c0xx_ll_system.h **** /** @defgroup SYSTEM_LL_EC_TIMBREAK SYSCFG TIMER BREAK
 137:Drivers/STM32C0xx_HAL_Driver/Inc/stm32c0xx_ll_system.h ****   * @{
 138:Drivers/STM32C0xx_HAL_Driver/Inc/stm32c0xx_ll_system.h ****   */
 139:Drivers/STM32C0xx_HAL_Driver/Inc/stm32c0xx_ll_system.h **** #define LL_SYSCFG_TIMBREAK_LOCKUP          SYSCFG_CFGR2_CLL            /*!< Enables and locks the L
 140:Drivers/STM32C0xx_HAL_Driver/Inc/stm32c0xx_ll_system.h ****                                                                             CortexM0 with Break Inp
 141:Drivers/STM32C0xx_HAL_Driver/Inc/stm32c0xx_ll_system.h **** /**
 142:Drivers/STM32C0xx_HAL_Driver/Inc/stm32c0xx_ll_system.h ****   * @}
 143:Drivers/STM32C0xx_HAL_Driver/Inc/stm32c0xx_ll_system.h ****   */
 144:Drivers/STM32C0xx_HAL_Driver/Inc/stm32c0xx_ll_system.h **** 
 145:Drivers/STM32C0xx_HAL_Driver/Inc/stm32c0xx_ll_system.h **** /** @defgroup SYSTEM_LL_EC_APB1_GRP1_STOP_IP  DBGMCU APB1 GRP1 STOP IP
 146:Drivers/STM32C0xx_HAL_Driver/Inc/stm32c0xx_ll_system.h ****   * @{
 147:Drivers/STM32C0xx_HAL_Driver/Inc/stm32c0xx_ll_system.h ****   */
 148:Drivers/STM32C0xx_HAL_Driver/Inc/stm32c0xx_ll_system.h **** #if defined(TIM2)
 149:Drivers/STM32C0xx_HAL_Driver/Inc/stm32c0xx_ll_system.h **** #define LL_DBGMCU_APB1_GRP1_TIM2_STOP      DBG_APB_FZ1_DBG_TIM2_STOP        /*!< TIM2 counter stopp
 150:Drivers/STM32C0xx_HAL_Driver/Inc/stm32c0xx_ll_system.h **** #endif /* TIM2 */
 151:Drivers/STM32C0xx_HAL_Driver/Inc/stm32c0xx_ll_system.h **** #define LL_DBGMCU_APB1_GRP1_TIM3_STOP      DBG_APB_FZ1_DBG_TIM3_STOP        /*!< TIM3 counter stopp
 152:Drivers/STM32C0xx_HAL_Driver/Inc/stm32c0xx_ll_system.h **** #define LL_DBGMCU_APB1_GRP1_RTC_STOP       DBG_APB_FZ1_DBG_RTC_STOP         /*!< RTC Calendar froze
 153:Drivers/STM32C0xx_HAL_Driver/Inc/stm32c0xx_ll_system.h **** #define LL_DBGMCU_APB1_GRP1_WWDG_STOP      DBG_APB_FZ1_DBG_WWDG_STOP        /*!< Debug Window Watch
 154:Drivers/STM32C0xx_HAL_Driver/Inc/stm32c0xx_ll_system.h **** #define LL_DBGMCU_APB1_GRP1_IWDG_STOP      DBG_APB_FZ1_DBG_IWDG_STOP        /*!< Debug Independent 
 155:Drivers/STM32C0xx_HAL_Driver/Inc/stm32c0xx_ll_system.h **** #define LL_DBGMCU_APB1_GRP1_I2C1_STOP      DBG_APB_FZ1_DBG_I2C1_SMBUS_TIMEOUT_STOP /*!< I2C1 SMBUS 
 156:Drivers/STM32C0xx_HAL_Driver/Inc/stm32c0xx_ll_system.h **** 
 157:Drivers/STM32C0xx_HAL_Driver/Inc/stm32c0xx_ll_system.h **** /**
 158:Drivers/STM32C0xx_HAL_Driver/Inc/stm32c0xx_ll_system.h ****   * @}
 159:Drivers/STM32C0xx_HAL_Driver/Inc/stm32c0xx_ll_system.h ****   */
 160:Drivers/STM32C0xx_HAL_Driver/Inc/stm32c0xx_ll_system.h **** 
 161:Drivers/STM32C0xx_HAL_Driver/Inc/stm32c0xx_ll_system.h **** /** @defgroup SYSTEM_LL_EC_APB1_GRP2_STOP_IP DBGMCU APB1 GRP2 STOP IP
 162:Drivers/STM32C0xx_HAL_Driver/Inc/stm32c0xx_ll_system.h ****   * @{
 163:Drivers/STM32C0xx_HAL_Driver/Inc/stm32c0xx_ll_system.h ****   */
 164:Drivers/STM32C0xx_HAL_Driver/Inc/stm32c0xx_ll_system.h **** #define LL_DBGMCU_APB1_GRP2_TIM1_STOP      DBG_APB_FZ2_DBG_TIM1_STOP        /*!< TIM1 counter stopp
 165:Drivers/STM32C0xx_HAL_Driver/Inc/stm32c0xx_ll_system.h **** #if defined(DBG_APB_FZ2_DBG_TIM14_STOP)
 166:Drivers/STM32C0xx_HAL_Driver/Inc/stm32c0xx_ll_system.h **** #define LL_DBGMCU_APB1_GRP2_TIM14_STOP     DBG_APB_FZ2_DBG_TIM14_STOP       /*!< TIM14 counter stop
 167:Drivers/STM32C0xx_HAL_Driver/Inc/stm32c0xx_ll_system.h **** #endif /* DBG_APB_FZ2_DBG_TIM14_STOP */
 168:Drivers/STM32C0xx_HAL_Driver/Inc/stm32c0xx_ll_system.h **** #define LL_DBGMCU_APB1_GRP2_TIM16_STOP     DBG_APB_FZ2_DBG_TIM16_STOP       /*!< TIM16 counter stop
 169:Drivers/STM32C0xx_HAL_Driver/Inc/stm32c0xx_ll_system.h **** #define LL_DBGMCU_APB1_GRP2_TIM17_STOP     DBG_APB_FZ2_DBG_TIM17_STOP       /*!< TIM17 counter stop
 170:Drivers/STM32C0xx_HAL_Driver/Inc/stm32c0xx_ll_system.h **** 
 171:Drivers/STM32C0xx_HAL_Driver/Inc/stm32c0xx_ll_system.h **** /* defines for legacy purpose */
ARM GAS  C:\Users\amosd\AppData\Local\Temp\ccZNTucz.s 			page 31


 172:Drivers/STM32C0xx_HAL_Driver/Inc/stm32c0xx_ll_system.h **** #define LL_DBGMCU_APB2_GRP1_TIM1_STOP      LL_DBGMCU_APB1_GRP2_TIM1_STOP
 173:Drivers/STM32C0xx_HAL_Driver/Inc/stm32c0xx_ll_system.h **** #define LL_DBGMCU_APB2_GRP1_TIM14_STOP     LL_DBGMCU_APB1_GRP2_TIM14_STOP
 174:Drivers/STM32C0xx_HAL_Driver/Inc/stm32c0xx_ll_system.h **** #define LL_DBGMCU_APB2_GRP1_TIM16_STOP     LL_DBGMCU_APB1_GRP2_TIM16_STOP
 175:Drivers/STM32C0xx_HAL_Driver/Inc/stm32c0xx_ll_system.h **** #define LL_DBGMCU_APB2_GRP1_TIM17_STOP     LL_DBGMCU_APB1_GRP2_TIM17_STOP
 176:Drivers/STM32C0xx_HAL_Driver/Inc/stm32c0xx_ll_system.h **** /**
 177:Drivers/STM32C0xx_HAL_Driver/Inc/stm32c0xx_ll_system.h ****   * @}
 178:Drivers/STM32C0xx_HAL_Driver/Inc/stm32c0xx_ll_system.h ****   */
 179:Drivers/STM32C0xx_HAL_Driver/Inc/stm32c0xx_ll_system.h **** 
 180:Drivers/STM32C0xx_HAL_Driver/Inc/stm32c0xx_ll_system.h **** /** @defgroup SYSTEM_LL_EC_LATENCY FLASH LATENCY
 181:Drivers/STM32C0xx_HAL_Driver/Inc/stm32c0xx_ll_system.h ****   * @{
 182:Drivers/STM32C0xx_HAL_Driver/Inc/stm32c0xx_ll_system.h ****   */
 183:Drivers/STM32C0xx_HAL_Driver/Inc/stm32c0xx_ll_system.h **** #define LL_FLASH_LATENCY_0                 0x00000000U             /*!< FLASH Zero Latency cycle */
 184:Drivers/STM32C0xx_HAL_Driver/Inc/stm32c0xx_ll_system.h **** #define LL_FLASH_LATENCY_1                 FLASH_ACR_LATENCY_0     /*!< FLASH One Latency cycle */
 185:Drivers/STM32C0xx_HAL_Driver/Inc/stm32c0xx_ll_system.h **** 
 186:Drivers/STM32C0xx_HAL_Driver/Inc/stm32c0xx_ll_system.h **** /**
 187:Drivers/STM32C0xx_HAL_Driver/Inc/stm32c0xx_ll_system.h ****   * @}
 188:Drivers/STM32C0xx_HAL_Driver/Inc/stm32c0xx_ll_system.h ****   */
 189:Drivers/STM32C0xx_HAL_Driver/Inc/stm32c0xx_ll_system.h **** 
 190:Drivers/STM32C0xx_HAL_Driver/Inc/stm32c0xx_ll_system.h **** /** @defgroup SYSTEM_LL_PINMUX_CFG PINMUX Config
 191:Drivers/STM32C0xx_HAL_Driver/Inc/stm32c0xx_ll_system.h ****   * @{
 192:Drivers/STM32C0xx_HAL_Driver/Inc/stm32c0xx_ll_system.h ****   */
 193:Drivers/STM32C0xx_HAL_Driver/Inc/stm32c0xx_ll_system.h **** #if (DEV_ID == 0x443UL)
 194:Drivers/STM32C0xx_HAL_Driver/Inc/stm32c0xx_ll_system.h **** #define LL_PINMUX_SO8_PIN1_PB7               (((SYSCFG_CFGR3_PINMUX0_0 | SYSCFG_CFGR3_PINMUX0_1) <<
 195:Drivers/STM32C0xx_HAL_Driver/Inc/stm32c0xx_ll_system.h **** #define LL_PINMUX_SO8_PIN1_PC14              (((SYSCFG_CFGR3_PINMUX0_0 | SYSCFG_CFGR3_PINMUX0_1) <<
 196:Drivers/STM32C0xx_HAL_Driver/Inc/stm32c0xx_ll_system.h ****                                               SYSCFG_CFGR3_PINMUX0_0)                              
 197:Drivers/STM32C0xx_HAL_Driver/Inc/stm32c0xx_ll_system.h **** #define LL_PINMUX_SO8_PIN4_PF2               (((SYSCFG_CFGR3_PINMUX1_0 | SYSCFG_CFGR3_PINMUX1_1) <<
 198:Drivers/STM32C0xx_HAL_Driver/Inc/stm32c0xx_ll_system.h **** #define LL_PINMUX_SO8_PIN4_PA0               (((SYSCFG_CFGR3_PINMUX1_0 | SYSCFG_CFGR3_PINMUX1_1) <<
 199:Drivers/STM32C0xx_HAL_Driver/Inc/stm32c0xx_ll_system.h ****                                               SYSCFG_CFGR3_PINMUX1_0)                              
 200:Drivers/STM32C0xx_HAL_Driver/Inc/stm32c0xx_ll_system.h **** #define LL_PINMUX_SO8_PIN4_PA1               (((SYSCFG_CFGR3_PINMUX1_0 | SYSCFG_CFGR3_PINMUX1_1) <<
 201:Drivers/STM32C0xx_HAL_Driver/Inc/stm32c0xx_ll_system.h ****                                               SYSCFG_CFGR3_PINMUX1_1)                              
 202:Drivers/STM32C0xx_HAL_Driver/Inc/stm32c0xx_ll_system.h **** #define LL_PINMUX_SO8_PIN4_PA2               (((SYSCFG_CFGR3_PINMUX1_0 | SYSCFG_CFGR3_PINMUX1_1) <<
 203:Drivers/STM32C0xx_HAL_Driver/Inc/stm32c0xx_ll_system.h ****                                               SYSCFG_CFGR3_PINMUX1_0  | SYSCFG_CFGR3_PINMUX1_1)    
 204:Drivers/STM32C0xx_HAL_Driver/Inc/stm32c0xx_ll_system.h **** #define LL_PINMUX_SO8_PIN5_PA8               (((SYSCFG_CFGR3_PINMUX2_0 | SYSCFG_CFGR3_PINMUX2_1) <<
 205:Drivers/STM32C0xx_HAL_Driver/Inc/stm32c0xx_ll_system.h **** #define LL_PINMUX_SO8_PIN5_PA11              (((SYSCFG_CFGR3_PINMUX2_0 | SYSCFG_CFGR3_PINMUX2_1) <<
 206:Drivers/STM32C0xx_HAL_Driver/Inc/stm32c0xx_ll_system.h ****                                               SYSCFG_CFGR3_PINMUX2_0)                              
 207:Drivers/STM32C0xx_HAL_Driver/Inc/stm32c0xx_ll_system.h **** #define LL_PINMUX_SO8_PIN8_PA14              (((SYSCFG_CFGR3_PINMUX3_0 | SYSCFG_CFGR3_PINMUX3_1) <<
 208:Drivers/STM32C0xx_HAL_Driver/Inc/stm32c0xx_ll_system.h **** #define LL_PINMUX_SO8_PIN8_PB6               (((SYSCFG_CFGR3_PINMUX3_0 | SYSCFG_CFGR3_PINMUX3_1) <<
 209:Drivers/STM32C0xx_HAL_Driver/Inc/stm32c0xx_ll_system.h ****                                               SYSCFG_CFGR3_PINMUX3_0)                              
 210:Drivers/STM32C0xx_HAL_Driver/Inc/stm32c0xx_ll_system.h **** #define LL_PINMUX_SO8_PIN8_PC15              (((SYSCFG_CFGR3_PINMUX3_0 | SYSCFG_CFGR3_PINMUX3_1) <<
 211:Drivers/STM32C0xx_HAL_Driver/Inc/stm32c0xx_ll_system.h ****                                               SYSCFG_CFGR3_PINMUX3_1)                              
 212:Drivers/STM32C0xx_HAL_Driver/Inc/stm32c0xx_ll_system.h **** #define LL_PINMUX_WLCSP12_PINE2_PA7          (((SYSCFG_CFGR3_PINMUX4_0 | SYSCFG_CFGR3_PINMUX4_1) <<
 213:Drivers/STM32C0xx_HAL_Driver/Inc/stm32c0xx_ll_system.h **** #define LL_PINMUX_WLCSP12_PINE2_PA12         (((SYSCFG_CFGR3_PINMUX4_0 | SYSCFG_CFGR3_PINMUX4_1) <<
 214:Drivers/STM32C0xx_HAL_Driver/Inc/stm32c0xx_ll_system.h ****                                               SYSCFG_CFGR3_PINMUX4_0)                              
 215:Drivers/STM32C0xx_HAL_Driver/Inc/stm32c0xx_ll_system.h **** #define LL_PINMUX_WLCSP12_PINF1_PA3          (((SYSCFG_CFGR3_PINMUX5_0 | SYSCFG_CFGR3_PINMUX5_1) <<
 216:Drivers/STM32C0xx_HAL_Driver/Inc/stm32c0xx_ll_system.h **** #define LL_PINMUX_WLCSP12_PINF1_PA4          (((SYSCFG_CFGR3_PINMUX5_0 | SYSCFG_CFGR3_PINMUX5_1) <<
 217:Drivers/STM32C0xx_HAL_Driver/Inc/stm32c0xx_ll_system.h ****                                               SYSCFG_CFGR3_PINMUX5_0)                              
 218:Drivers/STM32C0xx_HAL_Driver/Inc/stm32c0xx_ll_system.h **** #define LL_PINMUX_WLCSP12_PINF1_PA5          (((SYSCFG_CFGR3_PINMUX5_0 | SYSCFG_CFGR3_PINMUX5_1) <<
 219:Drivers/STM32C0xx_HAL_Driver/Inc/stm32c0xx_ll_system.h ****                                               SYSCFG_CFGR3_PINMUX5_1)                              
 220:Drivers/STM32C0xx_HAL_Driver/Inc/stm32c0xx_ll_system.h **** #define LL_PINMUX_WLCSP12_PINF1_PA6          (((SYSCFG_CFGR3_PINMUX5_0 | SYSCFG_CFGR3_PINMUX5_1) <<
 221:Drivers/STM32C0xx_HAL_Driver/Inc/stm32c0xx_ll_system.h ****                                               SYSCFG_CFGR3_PINMUX5_0  | SYSCFG_CFGR3_PINMUX5_1)    
 222:Drivers/STM32C0xx_HAL_Driver/Inc/stm32c0xx_ll_system.h **** 
 223:Drivers/STM32C0xx_HAL_Driver/Inc/stm32c0xx_ll_system.h **** #elif (DEV_ID == 0x453UL)
 224:Drivers/STM32C0xx_HAL_Driver/Inc/stm32c0xx_ll_system.h **** #define LL_PINMUX_WLCSP14_PINF2_PA1           (((SYSCFG_CFGR3_PINMUX0_0 | SYSCFG_CFGR3_PINMUX0_1) <
 225:Drivers/STM32C0xx_HAL_Driver/Inc/stm32c0xx_ll_system.h **** #define LL_PINMUX_WLCSP14_PINF2_PA2           (((SYSCFG_CFGR3_PINMUX0_0 | SYSCFG_CFGR3_PINMUX0_1) <
 226:Drivers/STM32C0xx_HAL_Driver/Inc/stm32c0xx_ll_system.h ****                                                SYSCFG_CFGR3_PINMUX0_0)                             
 227:Drivers/STM32C0xx_HAL_Driver/Inc/stm32c0xx_ll_system.h **** #define LL_PINMUX_WLCSP14_PING3_PF2           (((SYSCFG_CFGR3_PINMUX1_0 | SYSCFG_CFGR3_PINMUX1_1) <
 228:Drivers/STM32C0xx_HAL_Driver/Inc/stm32c0xx_ll_system.h **** #define LL_PINMUX_WLCSP14_PING3_PA0           (((SYSCFG_CFGR3_PINMUX1_0 | SYSCFG_CFGR3_PINMUX1_1) <
ARM GAS  C:\Users\amosd\AppData\Local\Temp\ccZNTucz.s 			page 32


 229:Drivers/STM32C0xx_HAL_Driver/Inc/stm32c0xx_ll_system.h ****                                                SYSCFG_CFGR3_PINMUX1_0)                             
 230:Drivers/STM32C0xx_HAL_Driver/Inc/stm32c0xx_ll_system.h **** #define LL_PINMUX_WLCSP14_PINJ1_PA8           (((SYSCFG_CFGR3_PINMUX2_0 | SYSCFG_CFGR3_PINMUX2_1) <
 231:Drivers/STM32C0xx_HAL_Driver/Inc/stm32c0xx_ll_system.h **** #define LL_PINMUX_WLCSP14_PINJ1_PA11          (((SYSCFG_CFGR3_PINMUX2_0 | SYSCFG_CFGR3_PINMUX2_1) <
 232:Drivers/STM32C0xx_HAL_Driver/Inc/stm32c0xx_ll_system.h ****                                                SYSCFG_CFGR3_PINMUX2_0)                             
 233:Drivers/STM32C0xx_HAL_Driver/Inc/stm32c0xx_ll_system.h **** #define LL_PINMUX_WLCSP14_PINH2_PA5           (((SYSCFG_CFGR3_PINMUX3_0 | SYSCFG_CFGR3_PINMUX3_1) <
 234:Drivers/STM32C0xx_HAL_Driver/Inc/stm32c0xx_ll_system.h **** #define LL_PINMUX_WLCSP14_PINH2_PA6           (((SYSCFG_CFGR3_PINMUX3_0 | SYSCFG_CFGR3_PINMUX3_1) <
 235:Drivers/STM32C0xx_HAL_Driver/Inc/stm32c0xx_ll_system.h ****                                                SYSCFG_CFGR3_PINMUX3_0)                             
 236:Drivers/STM32C0xx_HAL_Driver/Inc/stm32c0xx_ll_system.h **** #define LL_PINMUX_WLCSP14_PING1_PA7           (((SYSCFG_CFGR3_PINMUX4_0 | SYSCFG_CFGR3_PINMUX4_1) <
 237:Drivers/STM32C0xx_HAL_Driver/Inc/stm32c0xx_ll_system.h **** #define LL_PINMUX_WLCSP14_PING1_PA12          (((SYSCFG_CFGR3_PINMUX4_0 | SYSCFG_CFGR3_PINMUX4_1) <
 238:Drivers/STM32C0xx_HAL_Driver/Inc/stm32c0xx_ll_system.h ****                                                SYSCFG_CFGR3_PINMUX4_0)                             
 239:Drivers/STM32C0xx_HAL_Driver/Inc/stm32c0xx_ll_system.h **** #define LL_PINMUX_WLCSP14_PINJ3_PA3           (((SYSCFG_CFGR3_PINMUX5_0 | SYSCFG_CFGR3_PINMUX5_1) <
 240:Drivers/STM32C0xx_HAL_Driver/Inc/stm32c0xx_ll_system.h **** #define LL_PINMUX_WLCSP14_PINJ3_PA4           (((SYSCFG_CFGR3_PINMUX5_0 | SYSCFG_CFGR3_PINMUX5_1) <
 241:Drivers/STM32C0xx_HAL_Driver/Inc/stm32c0xx_ll_system.h ****                                                SYSCFG_CFGR3_PINMUX5_0)                             
 242:Drivers/STM32C0xx_HAL_Driver/Inc/stm32c0xx_ll_system.h **** 
 243:Drivers/STM32C0xx_HAL_Driver/Inc/stm32c0xx_ll_system.h **** #elif (DEV_ID == 0x493UL)
 244:Drivers/STM32C0xx_HAL_Driver/Inc/stm32c0xx_ll_system.h **** #define LL_PINMUX_WLCSP19_PINH3_PF2           (((SYSCFG_CFGR3_PINMUX0_0 | SYSCFG_CFGR3_PINMUX0_1) <
 245:Drivers/STM32C0xx_HAL_Driver/Inc/stm32c0xx_ll_system.h **** #define LL_PINMUX_WLCSP19_PINH3_PA0           (((SYSCFG_CFGR3_PINMUX0_0 | SYSCFG_CFGR3_PINMUX0_1) <
 246:Drivers/STM32C0xx_HAL_Driver/Inc/stm32c0xx_ll_system.h ****                                                SYSCFG_CFGR3_PINMUX0_0)                             
 247:Drivers/STM32C0xx_HAL_Driver/Inc/stm32c0xx_ll_system.h **** #define LL_PINMUX_WLCSP19_PINB1_PA14          (((SYSCFG_CFGR3_PINMUX1_0 | SYSCFG_CFGR3_PINMUX1_1) <
 248:Drivers/STM32C0xx_HAL_Driver/Inc/stm32c0xx_ll_system.h **** #define LL_PINMUX_WLCSP19_PINB1_PA15          (((SYSCFG_CFGR3_PINMUX1_0 | SYSCFG_CFGR3_PINMUX1_1) <
 249:Drivers/STM32C0xx_HAL_Driver/Inc/stm32c0xx_ll_system.h ****                                                SYSCFG_CFGR3_PINMUX1_0)                             
 250:Drivers/STM32C0xx_HAL_Driver/Inc/stm32c0xx_ll_system.h **** #define LL_PINMUX_TSSOP20_PIN19_PA14          LL_PINMUX_WLCSP19_PINB1_PA14
 251:Drivers/STM32C0xx_HAL_Driver/Inc/stm32c0xx_ll_system.h **** #define LL_PINMUX_TSSOP20_PIN19_PA15          LL_PINMUX_WLCSP19_PINB1_PA15
 252:Drivers/STM32C0xx_HAL_Driver/Inc/stm32c0xx_ll_system.h **** #define LL_PINMUX_TSSOP20_PIN20_PB6           (((SYSCFG_CFGR3_PINMUX2_0 | SYSCFG_CFGR3_PINMUX2_1) <
 253:Drivers/STM32C0xx_HAL_Driver/Inc/stm32c0xx_ll_system.h **** #define LL_PINMUX_TSSOP20_PIN20_PB3           (((SYSCFG_CFGR3_PINMUX2_0 | SYSCFG_CFGR3_PINMUX2_1) <
 254:Drivers/STM32C0xx_HAL_Driver/Inc/stm32c0xx_ll_system.h ****                                                SYSCFG_CFGR3_PINMUX2_0)                             
 255:Drivers/STM32C0xx_HAL_Driver/Inc/stm32c0xx_ll_system.h **** #define LL_PINMUX_TSSOP20_PIN20_PB4           (((SYSCFG_CFGR3_PINMUX2_0 | SYSCFG_CFGR3_PINMUX2_1) <
 256:Drivers/STM32C0xx_HAL_Driver/Inc/stm32c0xx_ll_system.h ****                                                SYSCFG_CFGR3_PINMUX2_1)                             
 257:Drivers/STM32C0xx_HAL_Driver/Inc/stm32c0xx_ll_system.h **** #define LL_PINMUX_TSSOP20_PIN20_PB5           (((SYSCFG_CFGR3_PINMUX2_0 | SYSCFG_CFGR3_PINMUX2_1) <
 258:Drivers/STM32C0xx_HAL_Driver/Inc/stm32c0xx_ll_system.h ****                                                SYSCFG_CFGR3_PINMUX2_0  | SYSCFG_CFGR3_PINMUX2_1)   
 259:Drivers/STM32C0xx_HAL_Driver/Inc/stm32c0xx_ll_system.h **** #define LL_PINMUX_WLCSP19_PINB3_PB7           (((SYSCFG_CFGR3_PINMUX3_0 | SYSCFG_CFGR3_PINMUX3_1) <
 260:Drivers/STM32C0xx_HAL_Driver/Inc/stm32c0xx_ll_system.h **** #define LL_PINMUX_WLCSP19_PINB3_PB8           (((SYSCFG_CFGR3_PINMUX3_0 | SYSCFG_CFGR3_PINMUX3_1) <
 261:Drivers/STM32C0xx_HAL_Driver/Inc/stm32c0xx_ll_system.h ****                                                SYSCFG_CFGR3_PINMUX3_0)                             
 262:Drivers/STM32C0xx_HAL_Driver/Inc/stm32c0xx_ll_system.h **** #define LL_PINMUX_TSSOP20_PIN1_PB7            LL_PINMUX_WLCSP19_PINB3_PB7
 263:Drivers/STM32C0xx_HAL_Driver/Inc/stm32c0xx_ll_system.h **** #define LL_PINMUX_TSSOP20_PIN1_PB8            LL_PINMUX_WLCSP19_PINB3_PB8
 264:Drivers/STM32C0xx_HAL_Driver/Inc/stm32c0xx_ll_system.h **** 
 265:Drivers/STM32C0xx_HAL_Driver/Inc/stm32c0xx_ll_system.h **** #elif (DEV_ID == 0x44CUL)
 266:Drivers/STM32C0xx_HAL_Driver/Inc/stm32c0xx_ll_system.h **** #define LL_PINMUX_WLCSP15_PINH3_PF2           (((SYSCFG_CFGR3_PINMUX0_0 | SYSCFG_CFGR3_PINMUX0_1) <
 267:Drivers/STM32C0xx_HAL_Driver/Inc/stm32c0xx_ll_system.h **** #define LL_PINMUX_WLCSP15_PINH3_PA0           (((SYSCFG_CFGR3_PINMUX0_0 | SYSCFG_CFGR3_PINMUX0_1) <
 268:Drivers/STM32C0xx_HAL_Driver/Inc/stm32c0xx_ll_system.h ****                                                SYSCFG_CFGR3_PINMUX0_0)                             
 269:Drivers/STM32C0xx_HAL_Driver/Inc/stm32c0xx_ll_system.h **** #define LL_PINMUX_WLCSP15_PING2_PA1           (((SYSCFG_CFGR3_PINMUX1_0 | SYSCFG_CFGR3_PINMUX1_1) <
 270:Drivers/STM32C0xx_HAL_Driver/Inc/stm32c0xx_ll_system.h **** #define LL_PINMUX_WLCSP15_PING2_PA2           (((SYSCFG_CFGR3_PINMUX1_0 | SYSCFG_CFGR3_PINMUX1_1) <
 271:Drivers/STM32C0xx_HAL_Driver/Inc/stm32c0xx_ll_system.h ****                                                SYSCFG_CFGR3_PINMUX1_0)                             
 272:Drivers/STM32C0xx_HAL_Driver/Inc/stm32c0xx_ll_system.h **** #define LL_PINMUX_WLCSP15_PINK3_PA3           (((SYSCFG_CFGR3_PINMUX2_0 | SYSCFG_CFGR3_PINMUX2_1) <
 273:Drivers/STM32C0xx_HAL_Driver/Inc/stm32c0xx_ll_system.h **** #define LL_PINMUX_WLCSP15_PINK3_PA4           (((SYSCFG_CFGR3_PINMUX2_0 | SYSCFG_CFGR3_PINMUX2_1) <
 274:Drivers/STM32C0xx_HAL_Driver/Inc/stm32c0xx_ll_system.h ****                                                SYSCFG_CFGR3_PINMUX2_0)                             
 275:Drivers/STM32C0xx_HAL_Driver/Inc/stm32c0xx_ll_system.h **** #define LL_PINMUX_WLCSP15_PINJ2_PA5           (((SYSCFG_CFGR3_PINMUX3_0 | SYSCFG_CFGR3_PINMUX3_1) <
 276:Drivers/STM32C0xx_HAL_Driver/Inc/stm32c0xx_ll_system.h **** #define LL_PINMUX_WLCSP15_PINJ2_PA6           (((SYSCFG_CFGR3_PINMUX3_0 | SYSCFG_CFGR3_PINMUX3_1) <
 277:Drivers/STM32C0xx_HAL_Driver/Inc/stm32c0xx_ll_system.h ****                                                SYSCFG_CFGR3_PINMUX3_0)                             
 278:Drivers/STM32C0xx_HAL_Driver/Inc/stm32c0xx_ll_system.h **** #define LL_PINMUX_WLCSP15_PINH1_PA7           (((SYSCFG_CFGR3_PINMUX4_0 | SYSCFG_CFGR3_PINMUX4_1) <
 279:Drivers/STM32C0xx_HAL_Driver/Inc/stm32c0xx_ll_system.h **** #define LL_PINMUX_WLCSP15_PINH1_PA12          (((SYSCFG_CFGR3_PINMUX4_0 | SYSCFG_CFGR3_PINMUX4_1) <
 280:Drivers/STM32C0xx_HAL_Driver/Inc/stm32c0xx_ll_system.h ****                                                SYSCFG_CFGR3_PINMUX4_0)                             
 281:Drivers/STM32C0xx_HAL_Driver/Inc/stm32c0xx_ll_system.h **** #define LL_PINMUX_WLCSP15_PINE2_PA14          (((SYSCFG_CFGR3_PINMUX5_0 | SYSCFG_CFGR3_PINMUX5_1) <
 282:Drivers/STM32C0xx_HAL_Driver/Inc/stm32c0xx_ll_system.h **** #define LL_PINMUX_WLCSP15_PINE2_PA15          (((SYSCFG_CFGR3_PINMUX5_0 | SYSCFG_CFGR3_PINMUX5_1) <
 283:Drivers/STM32C0xx_HAL_Driver/Inc/stm32c0xx_ll_system.h ****                                                SYSCFG_CFGR3_PINMUX5_0)                             
 284:Drivers/STM32C0xx_HAL_Driver/Inc/stm32c0xx_ll_system.h **** #define LL_PINMUX_WLCSP15_PINB1_PA3           (((SYSCFG_CFGR3_PINMUX6_0 | SYSCFG_CFGR3_PINMUX6_1) <
 285:Drivers/STM32C0xx_HAL_Driver/Inc/stm32c0xx_ll_system.h **** #define LL_PINMUX_WLCSP15_PINB1_PA4           (((SYSCFG_CFGR3_PINMUX6_0 | SYSCFG_CFGR3_PINMUX6_1) <
ARM GAS  C:\Users\amosd\AppData\Local\Temp\ccZNTucz.s 			page 33


 286:Drivers/STM32C0xx_HAL_Driver/Inc/stm32c0xx_ll_system.h ****                                                SYSCFG_CFGR3_PINMUX6_0)                             
 287:Drivers/STM32C0xx_HAL_Driver/Inc/stm32c0xx_ll_system.h **** #define LL_PINMUX_WLCSP15_PINB1_PA5           (((SYSCFG_CFGR3_PINMUX6_0 | SYSCFG_CFGR3_PINMUX6_1) <
 288:Drivers/STM32C0xx_HAL_Driver/Inc/stm32c0xx_ll_system.h ****                                                SYSCFG_CFGR3_PINMUX6_1)                             
 289:Drivers/STM32C0xx_HAL_Driver/Inc/stm32c0xx_ll_system.h **** #define LL_PINMUX_WLCSP15_PINB1_PA6           (((SYSCFG_CFGR3_PINMUX6_0 | SYSCFG_CFGR3_PINMUX6_1) <
 290:Drivers/STM32C0xx_HAL_Driver/Inc/stm32c0xx_ll_system.h ****                                                SYSCFG_CFGR3_PINMUX6_1 | SYSCFG_CFGR3_PINMUX6_0)    
 291:Drivers/STM32C0xx_HAL_Driver/Inc/stm32c0xx_ll_system.h **** #define LL_PINMUX_TSSOP20_PIN20_PA3           LL_PINMUX_WLCSP15_PINB1_PA3
 292:Drivers/STM32C0xx_HAL_Driver/Inc/stm32c0xx_ll_system.h **** #define LL_PINMUX_TSSOP20_PIN20_PA4           LL_PINMUX_WLCSP15_PINB1_PA4
 293:Drivers/STM32C0xx_HAL_Driver/Inc/stm32c0xx_ll_system.h **** #define LL_PINMUX_TSSOP20_PIN20_PA5           LL_PINMUX_WLCSP15_PINB1_PA5
 294:Drivers/STM32C0xx_HAL_Driver/Inc/stm32c0xx_ll_system.h **** #define LL_PINMUX_TSSOP20_PIN20_PA6           LL_PINMUX_WLCSP15_PINB1_PA6
 295:Drivers/STM32C0xx_HAL_Driver/Inc/stm32c0xx_ll_system.h **** #define LL_PINMUX_WLCSP15_PINA2_PB7           (((SYSCFG_CFGR3_PINMUX7_0 | SYSCFG_CFGR3_PINMUX7_1) <
 296:Drivers/STM32C0xx_HAL_Driver/Inc/stm32c0xx_ll_system.h **** #define LL_PINMUX_WLCSP15_PINA2_PB8           (((SYSCFG_CFGR3_PINMUX7_0 | SYSCFG_CFGR3_PINMUX7_1) <
 297:Drivers/STM32C0xx_HAL_Driver/Inc/stm32c0xx_ll_system.h ****                                                SYSCFG_CFGR3_PINMUX7_0)                             
 298:Drivers/STM32C0xx_HAL_Driver/Inc/stm32c0xx_ll_system.h **** #define LL_PINMUX_TSSOP20_PIN1_PB7            LL_PINMUX_WLCSP15_PINB1_PB7
 299:Drivers/STM32C0xx_HAL_Driver/Inc/stm32c0xx_ll_system.h **** #define LL_PINMUX_TSSOP20_PIN1_PB8            LL_PINMUX_WLCSP15_PINB1_PB8
 300:Drivers/STM32C0xx_HAL_Driver/Inc/stm32c0xx_ll_system.h **** 
 301:Drivers/STM32C0xx_HAL_Driver/Inc/stm32c0xx_ll_system.h **** #elif (DEV_ID == 0x44DUL)
 302:Drivers/STM32C0xx_HAL_Driver/Inc/stm32c0xx_ll_system.h **** #define LL_PINMUX_TSSOP20_PIN19_PA14          (((SYSCFG_CFGR3_PINMUX0_0 | SYSCFG_CFGR3_PINMUX0_1) <
 303:Drivers/STM32C0xx_HAL_Driver/Inc/stm32c0xx_ll_system.h **** #define LL_PINMUX_TSSOP20_PIN19_PA15          (((SYSCFG_CFGR3_PINMUX0_0 | SYSCFG_CFGR3_PINMUX0_1) <
 304:Drivers/STM32C0xx_HAL_Driver/Inc/stm32c0xx_ll_system.h ****                                                SYSCFG_CFGR3_PINMUX0_0)                             
 305:Drivers/STM32C0xx_HAL_Driver/Inc/stm32c0xx_ll_system.h **** #define LL_PINMUX_TSSOP20_PIN15_PA8           (((SYSCFG_CFGR3_PINMUX1_0 | SYSCFG_CFGR3_PINMUX1_1) <
 306:Drivers/STM32C0xx_HAL_Driver/Inc/stm32c0xx_ll_system.h **** #define LL_PINMUX_TSSOP20_PIN15_PB0           (((SYSCFG_CFGR3_PINMUX1_0 | SYSCFG_CFGR3_PINMUX1_1) <
 307:Drivers/STM32C0xx_HAL_Driver/Inc/stm32c0xx_ll_system.h ****                                                SYSCFG_CFGR3_PINMUX1_0)                             
 308:Drivers/STM32C0xx_HAL_Driver/Inc/stm32c0xx_ll_system.h **** #define LL_PINMUX_TSSOP20_PIN15_PB1           (((SYSCFG_CFGR3_PINMUX1_0 | SYSCFG_CFGR3_PINMUX1_1) <
 309:Drivers/STM32C0xx_HAL_Driver/Inc/stm32c0xx_ll_system.h ****                                                SYSCFG_CFGR3_PINMUX1_1)                             
 310:Drivers/STM32C0xx_HAL_Driver/Inc/stm32c0xx_ll_system.h **** #define LL_PINMUX_TSSOP20_PIN15_PB2           (((SYSCFG_CFGR3_PINMUX1_0 | SYSCFG_CFGR3_PINMUX1_1) <
 311:Drivers/STM32C0xx_HAL_Driver/Inc/stm32c0xx_ll_system.h ****                                                (SYSCFG_CFGR3_PINMUX1_0 | SYSCFG_CFGR3_PINMUX1_1))  
 312:Drivers/STM32C0xx_HAL_Driver/Inc/stm32c0xx_ll_system.h **** #define LL_PINMUX_WLCSP24_PING1_PA8           LL_PINMUX_TSSOP20_PIN15_PA8
 313:Drivers/STM32C0xx_HAL_Driver/Inc/stm32c0xx_ll_system.h **** #define LL_PINMUX_WLCSP24_PING1_PB2           LL_PINMUX_TSSOP20_PIN15_PB0
 314:Drivers/STM32C0xx_HAL_Driver/Inc/stm32c0xx_ll_system.h **** #define LL_PINMUX_TSSOP20_PIN20_PB6           (((SYSCFG_CFGR3_PINMUX2_0 | SYSCFG_CFGR3_PINMUX2_1) <
 315:Drivers/STM32C0xx_HAL_Driver/Inc/stm32c0xx_ll_system.h **** #define LL_PINMUX_TSSOP20_PIN20_PB3           (((SYSCFG_CFGR3_PINMUX2_0 | SYSCFG_CFGR3_PINMUX2_1) <
 316:Drivers/STM32C0xx_HAL_Driver/Inc/stm32c0xx_ll_system.h ****                                                SYSCFG_CFGR3_PINMUX2_0)                             
 317:Drivers/STM32C0xx_HAL_Driver/Inc/stm32c0xx_ll_system.h **** #define LL_PINMUX_TSSOP20_PIN20_PB4           (((SYSCFG_CFGR3_PINMUX2_0 | SYSCFG_CFGR3_PINMUX2_1) <
 318:Drivers/STM32C0xx_HAL_Driver/Inc/stm32c0xx_ll_system.h ****                                                SYSCFG_CFGR3_PINMUX2_1)                             
 319:Drivers/STM32C0xx_HAL_Driver/Inc/stm32c0xx_ll_system.h **** #define LL_PINMUX_TSSOP20_PIN20_PB5           (((SYSCFG_CFGR3_PINMUX2_0 | SYSCFG_CFGR3_PINMUX2_1) <
 320:Drivers/STM32C0xx_HAL_Driver/Inc/stm32c0xx_ll_system.h ****                                                SYSCFG_CFGR3_PINMUX2_0  | SYSCFG_CFGR3_PINMUX2_1)   
 321:Drivers/STM32C0xx_HAL_Driver/Inc/stm32c0xx_ll_system.h **** #define LL_PINMUX_WLCSP24_PINA5_PB6           LL_PINMUX_TSSOP20_PIN20_PB6
 322:Drivers/STM32C0xx_HAL_Driver/Inc/stm32c0xx_ll_system.h **** #define LL_PINMUX_WLCSP24_PINA5_PB4           LL_PINMUX_TSSOP20_PIN20_PB3
 323:Drivers/STM32C0xx_HAL_Driver/Inc/stm32c0xx_ll_system.h **** #define LL_PINMUX_WLCSP24_PINA3_PB5           (((SYSCFG_CFGR3_PINMUX3_0 | SYSCFG_CFGR3_PINMUX3_1) <
 324:Drivers/STM32C0xx_HAL_Driver/Inc/stm32c0xx_ll_system.h **** #define LL_PINMUX_WLCSP24_PINA3_PB3           (((SYSCFG_CFGR3_PINMUX3_0 | SYSCFG_CFGR3_PINMUX3_1) <
 325:Drivers/STM32C0xx_HAL_Driver/Inc/stm32c0xx_ll_system.h ****                                                SYSCFG_CFGR3_PINMUX3_0)                             
 326:Drivers/STM32C0xx_HAL_Driver/Inc/stm32c0xx_ll_system.h **** #define LL_PINMUX_WLCSP24_PINB4_PB7           (((SYSCFG_CFGR3_PINMUX4_0 | SYSCFG_CFGR3_PINMUX4_1) <
 327:Drivers/STM32C0xx_HAL_Driver/Inc/stm32c0xx_ll_system.h **** #define LL_PINMUX_WLCSP24_PINB4_PB8           (((SYSCFG_CFGR3_PINMUX4_0 | SYSCFG_CFGR3_PINMUX4_1) <
 328:Drivers/STM32C0xx_HAL_Driver/Inc/stm32c0xx_ll_system.h ****                                                SYSCFG_CFGR3_PINMUX4_0)                             
 329:Drivers/STM32C0xx_HAL_Driver/Inc/stm32c0xx_ll_system.h **** #define LL_PINMUX_TSSOP20_PIN1_PB7            LL_PINMUX_WLCSP24_PINB4_PB7
 330:Drivers/STM32C0xx_HAL_Driver/Inc/stm32c0xx_ll_system.h **** #define LL_PINMUX_TSSOP20_PIN1_PB8            LL_PINMUX_WLCSP24_PINB4_PB8
 331:Drivers/STM32C0xx_HAL_Driver/Inc/stm32c0xx_ll_system.h **** #endif /* DEV_ID == 0x443UL */
 332:Drivers/STM32C0xx_HAL_Driver/Inc/stm32c0xx_ll_system.h **** /**
 333:Drivers/STM32C0xx_HAL_Driver/Inc/stm32c0xx_ll_system.h ****   * @}
 334:Drivers/STM32C0xx_HAL_Driver/Inc/stm32c0xx_ll_system.h ****   */
 335:Drivers/STM32C0xx_HAL_Driver/Inc/stm32c0xx_ll_system.h **** 
 336:Drivers/STM32C0xx_HAL_Driver/Inc/stm32c0xx_ll_system.h **** /** @defgroup SYSTEM_LL_PINMUX_SOURCE PINMUX Config Source
 337:Drivers/STM32C0xx_HAL_Driver/Inc/stm32c0xx_ll_system.h ****   * @{
 338:Drivers/STM32C0xx_HAL_Driver/Inc/stm32c0xx_ll_system.h ****   */
 339:Drivers/STM32C0xx_HAL_Driver/Inc/stm32c0xx_ll_system.h **** #if (DEV_ID == 0x443UL)
 340:Drivers/STM32C0xx_HAL_Driver/Inc/stm32c0xx_ll_system.h **** #define LL_PINMUX_SO8_PIN1               (SYSCFG_CFGR3_PINMUX0_0 | SYSCFG_CFGR3_PINMUX0_1)       /*
 341:Drivers/STM32C0xx_HAL_Driver/Inc/stm32c0xx_ll_system.h **** #define LL_PINMUX_SO8_PIN4               (SYSCFG_CFGR3_PINMUX1_0 | SYSCFG_CFGR3_PINMUX1_1)       /*
 342:Drivers/STM32C0xx_HAL_Driver/Inc/stm32c0xx_ll_system.h **** #define LL_PINMUX_SO8_PIN5               (SYSCFG_CFGR3_PINMUX2_0 | SYSCFG_CFGR3_PINMUX2_1)       /*
ARM GAS  C:\Users\amosd\AppData\Local\Temp\ccZNTucz.s 			page 34


 343:Drivers/STM32C0xx_HAL_Driver/Inc/stm32c0xx_ll_system.h **** #define LL_PINMUX_SO8_PIN8               (SYSCFG_CFGR3_PINMUX3_0 | SYSCFG_CFGR3_PINMUX3_1)       /*
 344:Drivers/STM32C0xx_HAL_Driver/Inc/stm32c0xx_ll_system.h **** #define LL_PINMUX_WLCSP12_PINE2          (SYSCFG_CFGR3_PINMUX4_0 | SYSCFG_CFGR3_PINMUX4_1)       /*
 345:Drivers/STM32C0xx_HAL_Driver/Inc/stm32c0xx_ll_system.h **** #define LL_PINMUX_WLCSP12_PINF1          (SYSCFG_CFGR3_PINMUX5_0 | SYSCFG_CFGR3_PINMUX5_1)       /*
 346:Drivers/STM32C0xx_HAL_Driver/Inc/stm32c0xx_ll_system.h **** #elif (DEV_ID == 0x453UL)
 347:Drivers/STM32C0xx_HAL_Driver/Inc/stm32c0xx_ll_system.h **** #define LL_PINMUX_WLCSP14_PINF2          (SYSCFG_CFGR3_PINMUX0_0 | SYSCFG_CFGR3_PINMUX0_1)       /*
 348:Drivers/STM32C0xx_HAL_Driver/Inc/stm32c0xx_ll_system.h **** #define LL_PINMUX_WLCSP14_PING3          (SYSCFG_CFGR3_PINMUX1_0 | SYSCFG_CFGR3_PINMUX1_1)       /*
 349:Drivers/STM32C0xx_HAL_Driver/Inc/stm32c0xx_ll_system.h **** #define LL_PINMUX_WLCSP14_PINJ1          (SYSCFG_CFGR3_PINMUX2_0 | SYSCFG_CFGR3_PINMUX2_1)       /*
 350:Drivers/STM32C0xx_HAL_Driver/Inc/stm32c0xx_ll_system.h **** #define LL_PINMUX_WLCSP14_PINH2          (SYSCFG_CFGR3_PINMUX3_0 | SYSCFG_CFGR3_PINMUX3_1)       /*
 351:Drivers/STM32C0xx_HAL_Driver/Inc/stm32c0xx_ll_system.h **** #define LL_PINMUX_WLCSP14_PING1          (SYSCFG_CFGR3_PINMUX4_0 | SYSCFG_CFGR3_PINMUX4_1)       /*
 352:Drivers/STM32C0xx_HAL_Driver/Inc/stm32c0xx_ll_system.h **** #define LL_PINMUX_WLCSP14_PINJ3          (SYSCFG_CFGR3_PINMUX5_0 | SYSCFG_CFGR3_PINMUX5_1)       /*
 353:Drivers/STM32C0xx_HAL_Driver/Inc/stm32c0xx_ll_system.h **** #elif (DEV_ID == 0x493UL)
 354:Drivers/STM32C0xx_HAL_Driver/Inc/stm32c0xx_ll_system.h **** #define LL_PINMUX_WLCSP19_PINH3          (SYSCFG_CFGR3_PINMUX0_0 | SYSCFG_CFGR3_PINMUX0_1)       /*
 355:Drivers/STM32C0xx_HAL_Driver/Inc/stm32c0xx_ll_system.h **** #define LL_PINMUX_WLCSP19_PINB1          (SYSCFG_CFGR3_PINMUX1_0 | SYSCFG_CFGR3_PINMUX1_1)       /*
 356:Drivers/STM32C0xx_HAL_Driver/Inc/stm32c0xx_ll_system.h **** #define LL_PINMUX_TSSOP20_PIN19          LL_PINMUX_WLCSP19_PINB1                                 /*
 357:Drivers/STM32C0xx_HAL_Driver/Inc/stm32c0xx_ll_system.h **** #define LL_PINMUX_TSSOP20_PIN20          (SYSCFG_CFGR3_PINMUX2_0 | SYSCFG_CFGR3_PINMUX2_1)       /*
 358:Drivers/STM32C0xx_HAL_Driver/Inc/stm32c0xx_ll_system.h **** #define LL_PINMUX_WLCSP19_PINB3          (SYSCFG_CFGR3_PINMUX3_0 | SYSCFG_CFGR3_PINMUX3_1)       /*
 359:Drivers/STM32C0xx_HAL_Driver/Inc/stm32c0xx_ll_system.h **** #define LL_PINMUX_TSSOP20_PIN1           LL_PINMUX_WLCSP19_PINB3                                 /*
 360:Drivers/STM32C0xx_HAL_Driver/Inc/stm32c0xx_ll_system.h **** #elif (DEV_ID == 0x44CUL)
 361:Drivers/STM32C0xx_HAL_Driver/Inc/stm32c0xx_ll_system.h **** #define LL_PINMUX_WLCSP15_PINH3          (SYSCFG_CFGR3_PINMUX0_0 | SYSCFG_CFGR3_PINMUX0_1)       /*
 362:Drivers/STM32C0xx_HAL_Driver/Inc/stm32c0xx_ll_system.h **** #define LL_PINMUX_WLCSP15_PING2          (SYSCFG_CFGR3_PINMUX1_0 | SYSCFG_CFGR3_PINMUX1_1)       /*
 363:Drivers/STM32C0xx_HAL_Driver/Inc/stm32c0xx_ll_system.h **** #define LL_PINMUX_WLCSP15_PINK3          (SYSCFG_CFGR3_PINMUX2_0 | SYSCFG_CFGR3_PINMUX2_1)       /*
 364:Drivers/STM32C0xx_HAL_Driver/Inc/stm32c0xx_ll_system.h **** #define LL_PINMUX_WLCSP15_PINJ2          (SYSCFG_CFGR3_PINMUX3_0 | SYSCFG_CFGR3_PINMUX3_1)       /*
 365:Drivers/STM32C0xx_HAL_Driver/Inc/stm32c0xx_ll_system.h **** #define LL_PINMUX_WLCSP15_PINH1          (SYSCFG_CFGR3_PINMUX4_0 | SYSCFG_CFGR3_PINMUX4_1)       /*
 366:Drivers/STM32C0xx_HAL_Driver/Inc/stm32c0xx_ll_system.h **** #define LL_PINMUX_WLCSP15_PINE2          (SYSCFG_CFGR3_PINMUX5_0 | SYSCFG_CFGR3_PINMUX5_1)       /*
 367:Drivers/STM32C0xx_HAL_Driver/Inc/stm32c0xx_ll_system.h **** #define LL_PINMUX_WLCSP15_PINB1          (SYSCFG_CFGR3_PINMUX6_0 | SYSCFG_CFGR3_PINMUX6_1)       /*
 368:Drivers/STM32C0xx_HAL_Driver/Inc/stm32c0xx_ll_system.h **** #define LL_PINMUX_TSSOP20_PIN20          LL_PINMUX_WLCSP15_PINB1
 369:Drivers/STM32C0xx_HAL_Driver/Inc/stm32c0xx_ll_system.h **** #define LL_PINMUX_WLCSP15_PINA2          (SYSCFG_CFGR3_PINMUX7_0 | SYSCFG_CFGR3_PINMUX7_1)       /*
 370:Drivers/STM32C0xx_HAL_Driver/Inc/stm32c0xx_ll_system.h **** #define LL_PINMUX_TSSOP20_PIN1           LL_PINMUX_WLCSP15_PINB1
 371:Drivers/STM32C0xx_HAL_Driver/Inc/stm32c0xx_ll_system.h **** #elif (DEV_ID == 0x44DUL)
 372:Drivers/STM32C0xx_HAL_Driver/Inc/stm32c0xx_ll_system.h **** #define LL_PINMUX_TSSOP20_PIN19          (SYSCFG_CFGR3_PINMUX0_0 | SYSCFG_CFGR3_PINMUX0_1)       /*
 373:Drivers/STM32C0xx_HAL_Driver/Inc/stm32c0xx_ll_system.h **** #define LL_PINMUX_TSSOP20_PIN15          (SYSCFG_CFGR3_PINMUX1_0 | SYSCFG_CFGR3_PINMUX1_1)       /*
 374:Drivers/STM32C0xx_HAL_Driver/Inc/stm32c0xx_ll_system.h **** #define LL_PINMUX_WLCSP24_PING1          LL_PINMUX_TSSOP20_PIN15
 375:Drivers/STM32C0xx_HAL_Driver/Inc/stm32c0xx_ll_system.h **** #define LL_PINMUX_TSSOP20_PIN20          (SYSCFG_CFGR3_PINMUX2_0 | SYSCFG_CFGR3_PINMUX2_1)       /*
 376:Drivers/STM32C0xx_HAL_Driver/Inc/stm32c0xx_ll_system.h **** #define LL_PINMUX_WLCSP24_PINA5          LL_PINMUX_TSSOP20_PIN20
 377:Drivers/STM32C0xx_HAL_Driver/Inc/stm32c0xx_ll_system.h **** #define LL_PINMUX_WLCSP24_PINA3          (SYSCFG_CFGR3_PINMUX3_0 | SYSCFG_CFGR3_PINMUX3_1)       /*
 378:Drivers/STM32C0xx_HAL_Driver/Inc/stm32c0xx_ll_system.h **** #define LL_PINMUX_WLCSP24_PINB4          (SYSCFG_CFGR3_PINMUX4_0 | SYSCFG_CFGR3_PINMUX4_1)       /*
 379:Drivers/STM32C0xx_HAL_Driver/Inc/stm32c0xx_ll_system.h **** #define LL_PINMUX_TSSOP20_PIN1           LL_PINMUX_WLCSP24_PINB4
 380:Drivers/STM32C0xx_HAL_Driver/Inc/stm32c0xx_ll_system.h **** #endif /* DEV_ID == 0x443UL */
 381:Drivers/STM32C0xx_HAL_Driver/Inc/stm32c0xx_ll_system.h **** /**
 382:Drivers/STM32C0xx_HAL_Driver/Inc/stm32c0xx_ll_system.h ****   * @}
 383:Drivers/STM32C0xx_HAL_Driver/Inc/stm32c0xx_ll_system.h ****  */
 384:Drivers/STM32C0xx_HAL_Driver/Inc/stm32c0xx_ll_system.h **** 
 385:Drivers/STM32C0xx_HAL_Driver/Inc/stm32c0xx_ll_system.h **** /**
 386:Drivers/STM32C0xx_HAL_Driver/Inc/stm32c0xx_ll_system.h ****   * @}
 387:Drivers/STM32C0xx_HAL_Driver/Inc/stm32c0xx_ll_system.h ****   */
 388:Drivers/STM32C0xx_HAL_Driver/Inc/stm32c0xx_ll_system.h **** 
 389:Drivers/STM32C0xx_HAL_Driver/Inc/stm32c0xx_ll_system.h **** /* Exported macro ------------------------------------------------------------*/
 390:Drivers/STM32C0xx_HAL_Driver/Inc/stm32c0xx_ll_system.h **** 
 391:Drivers/STM32C0xx_HAL_Driver/Inc/stm32c0xx_ll_system.h **** /* Exported functions --------------------------------------------------------*/
 392:Drivers/STM32C0xx_HAL_Driver/Inc/stm32c0xx_ll_system.h **** /** @defgroup SYSTEM_LL_Exported_Functions SYSTEM Exported Functions
 393:Drivers/STM32C0xx_HAL_Driver/Inc/stm32c0xx_ll_system.h ****   * @{
 394:Drivers/STM32C0xx_HAL_Driver/Inc/stm32c0xx_ll_system.h ****   */
 395:Drivers/STM32C0xx_HAL_Driver/Inc/stm32c0xx_ll_system.h **** 
 396:Drivers/STM32C0xx_HAL_Driver/Inc/stm32c0xx_ll_system.h **** /** @defgroup SYSTEM_LL_EF_SYSCFG SYSCFG
 397:Drivers/STM32C0xx_HAL_Driver/Inc/stm32c0xx_ll_system.h ****   * @{
 398:Drivers/STM32C0xx_HAL_Driver/Inc/stm32c0xx_ll_system.h ****   */
 399:Drivers/STM32C0xx_HAL_Driver/Inc/stm32c0xx_ll_system.h **** 
ARM GAS  C:\Users\amosd\AppData\Local\Temp\ccZNTucz.s 			page 35


 400:Drivers/STM32C0xx_HAL_Driver/Inc/stm32c0xx_ll_system.h **** /**
 401:Drivers/STM32C0xx_HAL_Driver/Inc/stm32c0xx_ll_system.h ****   * @brief  Set memory mapping at address 0x00000000
 402:Drivers/STM32C0xx_HAL_Driver/Inc/stm32c0xx_ll_system.h ****   * @rmtoll SYSCFG_CFGR1 MEM_MODE      LL_SYSCFG_SetRemapMemory
 403:Drivers/STM32C0xx_HAL_Driver/Inc/stm32c0xx_ll_system.h ****   * @param  Memory This parameter can be one of the following values:
 404:Drivers/STM32C0xx_HAL_Driver/Inc/stm32c0xx_ll_system.h ****   *         @arg @ref LL_SYSCFG_REMAP_FLASH
 405:Drivers/STM32C0xx_HAL_Driver/Inc/stm32c0xx_ll_system.h ****   *         @arg @ref LL_SYSCFG_REMAP_SYSTEMFLASH
 406:Drivers/STM32C0xx_HAL_Driver/Inc/stm32c0xx_ll_system.h ****   *         @arg @ref LL_SYSCFG_REMAP_SRAM
 407:Drivers/STM32C0xx_HAL_Driver/Inc/stm32c0xx_ll_system.h ****   * @retval None
 408:Drivers/STM32C0xx_HAL_Driver/Inc/stm32c0xx_ll_system.h ****   */
 409:Drivers/STM32C0xx_HAL_Driver/Inc/stm32c0xx_ll_system.h **** __STATIC_INLINE void LL_SYSCFG_SetRemapMemory(uint32_t Memory)
 410:Drivers/STM32C0xx_HAL_Driver/Inc/stm32c0xx_ll_system.h **** {
 411:Drivers/STM32C0xx_HAL_Driver/Inc/stm32c0xx_ll_system.h ****   MODIFY_REG(SYSCFG->CFGR1, SYSCFG_CFGR1_MEM_MODE, Memory);
 412:Drivers/STM32C0xx_HAL_Driver/Inc/stm32c0xx_ll_system.h **** }
 413:Drivers/STM32C0xx_HAL_Driver/Inc/stm32c0xx_ll_system.h **** 
 414:Drivers/STM32C0xx_HAL_Driver/Inc/stm32c0xx_ll_system.h **** /**
 415:Drivers/STM32C0xx_HAL_Driver/Inc/stm32c0xx_ll_system.h ****   * @brief  Get memory mapping at address 0x00000000
 416:Drivers/STM32C0xx_HAL_Driver/Inc/stm32c0xx_ll_system.h ****   * @rmtoll SYSCFG_CFGR1 MEM_MODE      LL_SYSCFG_GetRemapMemory
 417:Drivers/STM32C0xx_HAL_Driver/Inc/stm32c0xx_ll_system.h ****   * @retval Returned value can be one of the following values:
 418:Drivers/STM32C0xx_HAL_Driver/Inc/stm32c0xx_ll_system.h ****   *         @arg @ref LL_SYSCFG_REMAP_FLASH
 419:Drivers/STM32C0xx_HAL_Driver/Inc/stm32c0xx_ll_system.h ****   *         @arg @ref LL_SYSCFG_REMAP_SYSTEMFLASH
 420:Drivers/STM32C0xx_HAL_Driver/Inc/stm32c0xx_ll_system.h ****   *         @arg @ref LL_SYSCFG_REMAP_SRAM
 421:Drivers/STM32C0xx_HAL_Driver/Inc/stm32c0xx_ll_system.h ****   */
 422:Drivers/STM32C0xx_HAL_Driver/Inc/stm32c0xx_ll_system.h **** __STATIC_INLINE uint32_t LL_SYSCFG_GetRemapMemory(void)
 423:Drivers/STM32C0xx_HAL_Driver/Inc/stm32c0xx_ll_system.h **** {
 424:Drivers/STM32C0xx_HAL_Driver/Inc/stm32c0xx_ll_system.h ****   return (uint32_t)(READ_BIT(SYSCFG->CFGR1, SYSCFG_CFGR1_MEM_MODE));
 425:Drivers/STM32C0xx_HAL_Driver/Inc/stm32c0xx_ll_system.h **** }
 426:Drivers/STM32C0xx_HAL_Driver/Inc/stm32c0xx_ll_system.h **** 
 427:Drivers/STM32C0xx_HAL_Driver/Inc/stm32c0xx_ll_system.h **** /**
 428:Drivers/STM32C0xx_HAL_Driver/Inc/stm32c0xx_ll_system.h ****   * @brief  Enable remap of a pin on different pad
 429:Drivers/STM32C0xx_HAL_Driver/Inc/stm32c0xx_ll_system.h ****   * @rmtoll SYSCFG_CFGR1 PA11_RMP  LL_SYSCFG_EnablePinRemap\n
 430:Drivers/STM32C0xx_HAL_Driver/Inc/stm32c0xx_ll_system.h ****   *         SYSCFG_CFGR1 PA12_RMP   LL_SYSCFG_EnablePinRemap\n
 431:Drivers/STM32C0xx_HAL_Driver/Inc/stm32c0xx_ll_system.h ****   * @param  PinRemap This parameter can be a combination of the following values:
 432:Drivers/STM32C0xx_HAL_Driver/Inc/stm32c0xx_ll_system.h ****   *         @arg @ref LL_SYSCFG_PIN_RMP_PA11
 433:Drivers/STM32C0xx_HAL_Driver/Inc/stm32c0xx_ll_system.h ****   *         @arg @ref LL_SYSCFG_PIN_RMP_PA12
 434:Drivers/STM32C0xx_HAL_Driver/Inc/stm32c0xx_ll_system.h ****   * @retval None
 435:Drivers/STM32C0xx_HAL_Driver/Inc/stm32c0xx_ll_system.h ****   */
 436:Drivers/STM32C0xx_HAL_Driver/Inc/stm32c0xx_ll_system.h **** __STATIC_INLINE void LL_SYSCFG_EnablePinRemap(uint32_t PinRemap)
 437:Drivers/STM32C0xx_HAL_Driver/Inc/stm32c0xx_ll_system.h **** {
 438:Drivers/STM32C0xx_HAL_Driver/Inc/stm32c0xx_ll_system.h ****   SET_BIT(SYSCFG->CFGR1, PinRemap);
 439:Drivers/STM32C0xx_HAL_Driver/Inc/stm32c0xx_ll_system.h **** }
 440:Drivers/STM32C0xx_HAL_Driver/Inc/stm32c0xx_ll_system.h **** 
 441:Drivers/STM32C0xx_HAL_Driver/Inc/stm32c0xx_ll_system.h **** /**
 442:Drivers/STM32C0xx_HAL_Driver/Inc/stm32c0xx_ll_system.h ****   * @brief  Enable remap of a pin on different pad
 443:Drivers/STM32C0xx_HAL_Driver/Inc/stm32c0xx_ll_system.h ****   * @rmtoll SYSCFG_CFGR1 PA11_RMP  LL_SYSCFG_DisablePinRemap\n
 444:Drivers/STM32C0xx_HAL_Driver/Inc/stm32c0xx_ll_system.h ****   *         SYSCFG_CFGR1 PA12_RMP   LL_SYSCFG_DisablePinRemap\n
 445:Drivers/STM32C0xx_HAL_Driver/Inc/stm32c0xx_ll_system.h ****   * @param  PinRemap This parameter can be a combination of the following values:
 446:Drivers/STM32C0xx_HAL_Driver/Inc/stm32c0xx_ll_system.h ****   *         @arg @ref LL_SYSCFG_PIN_RMP_PA11
 447:Drivers/STM32C0xx_HAL_Driver/Inc/stm32c0xx_ll_system.h ****   *         @arg @ref LL_SYSCFG_PIN_RMP_PA12
 448:Drivers/STM32C0xx_HAL_Driver/Inc/stm32c0xx_ll_system.h ****   * @retval None
 449:Drivers/STM32C0xx_HAL_Driver/Inc/stm32c0xx_ll_system.h ****   */
 450:Drivers/STM32C0xx_HAL_Driver/Inc/stm32c0xx_ll_system.h **** __STATIC_INLINE void LL_SYSCFG_DisablePinRemap(uint32_t PinRemap)
 451:Drivers/STM32C0xx_HAL_Driver/Inc/stm32c0xx_ll_system.h **** {
 452:Drivers/STM32C0xx_HAL_Driver/Inc/stm32c0xx_ll_system.h ****   CLEAR_BIT(SYSCFG->CFGR1, PinRemap);
 453:Drivers/STM32C0xx_HAL_Driver/Inc/stm32c0xx_ll_system.h **** }
 454:Drivers/STM32C0xx_HAL_Driver/Inc/stm32c0xx_ll_system.h **** 
 455:Drivers/STM32C0xx_HAL_Driver/Inc/stm32c0xx_ll_system.h **** /**
 456:Drivers/STM32C0xx_HAL_Driver/Inc/stm32c0xx_ll_system.h ****   * @brief  Set IR Modulation Envelope signal source.
ARM GAS  C:\Users\amosd\AppData\Local\Temp\ccZNTucz.s 			page 36


 457:Drivers/STM32C0xx_HAL_Driver/Inc/stm32c0xx_ll_system.h ****   * @rmtoll SYSCFG_CFGR1 IR_MOD  LL_SYSCFG_SetIRModEnvelopeSignal
 458:Drivers/STM32C0xx_HAL_Driver/Inc/stm32c0xx_ll_system.h ****   * @param  Source This parameter can be one of the following values:
 459:Drivers/STM32C0xx_HAL_Driver/Inc/stm32c0xx_ll_system.h ****   *         @arg @ref LL_SYSCFG_IR_MOD_TIM16
 460:Drivers/STM32C0xx_HAL_Driver/Inc/stm32c0xx_ll_system.h ****   *         @arg @ref LL_SYSCFG_IR_MOD_USART1
 461:Drivers/STM32C0xx_HAL_Driver/Inc/stm32c0xx_ll_system.h ****   *         @arg @ref LL_SYSCFG_IR_MOD_USART2
 462:Drivers/STM32C0xx_HAL_Driver/Inc/stm32c0xx_ll_system.h ****   * @retval None
 463:Drivers/STM32C0xx_HAL_Driver/Inc/stm32c0xx_ll_system.h ****   */
 464:Drivers/STM32C0xx_HAL_Driver/Inc/stm32c0xx_ll_system.h **** __STATIC_INLINE void LL_SYSCFG_SetIRModEnvelopeSignal(uint32_t Source)
 465:Drivers/STM32C0xx_HAL_Driver/Inc/stm32c0xx_ll_system.h **** {
 466:Drivers/STM32C0xx_HAL_Driver/Inc/stm32c0xx_ll_system.h ****   MODIFY_REG(SYSCFG->CFGR1, SYSCFG_CFGR1_IR_MOD, Source);
 467:Drivers/STM32C0xx_HAL_Driver/Inc/stm32c0xx_ll_system.h **** }
 468:Drivers/STM32C0xx_HAL_Driver/Inc/stm32c0xx_ll_system.h **** 
 469:Drivers/STM32C0xx_HAL_Driver/Inc/stm32c0xx_ll_system.h **** /**
 470:Drivers/STM32C0xx_HAL_Driver/Inc/stm32c0xx_ll_system.h ****   * @brief  Get IR Modulation Envelope signal source.
 471:Drivers/STM32C0xx_HAL_Driver/Inc/stm32c0xx_ll_system.h ****   * @rmtoll SYSCFG_CFGR1 IR_MOD  LL_SYSCFG_GetIRModEnvelopeSignal
 472:Drivers/STM32C0xx_HAL_Driver/Inc/stm32c0xx_ll_system.h ****   * @retval Returned value can be one of the following values:
 473:Drivers/STM32C0xx_HAL_Driver/Inc/stm32c0xx_ll_system.h ****   *         @arg @ref LL_SYSCFG_IR_MOD_TIM16
 474:Drivers/STM32C0xx_HAL_Driver/Inc/stm32c0xx_ll_system.h ****   *         @arg @ref LL_SYSCFG_IR_MOD_USART1
 475:Drivers/STM32C0xx_HAL_Driver/Inc/stm32c0xx_ll_system.h ****   *         @arg @ref LL_SYSCFG_IR_MOD_USART2
 476:Drivers/STM32C0xx_HAL_Driver/Inc/stm32c0xx_ll_system.h ****   */
 477:Drivers/STM32C0xx_HAL_Driver/Inc/stm32c0xx_ll_system.h **** __STATIC_INLINE uint32_t LL_SYSCFG_GetIRModEnvelopeSignal(void)
 478:Drivers/STM32C0xx_HAL_Driver/Inc/stm32c0xx_ll_system.h **** {
 479:Drivers/STM32C0xx_HAL_Driver/Inc/stm32c0xx_ll_system.h ****   return (uint32_t)(READ_BIT(SYSCFG->CFGR1, SYSCFG_CFGR1_IR_MOD));
 480:Drivers/STM32C0xx_HAL_Driver/Inc/stm32c0xx_ll_system.h **** }
 481:Drivers/STM32C0xx_HAL_Driver/Inc/stm32c0xx_ll_system.h **** 
 482:Drivers/STM32C0xx_HAL_Driver/Inc/stm32c0xx_ll_system.h **** /**
 483:Drivers/STM32C0xx_HAL_Driver/Inc/stm32c0xx_ll_system.h ****   * @brief  Set IR Output polarity.
 484:Drivers/STM32C0xx_HAL_Driver/Inc/stm32c0xx_ll_system.h ****   * @rmtoll SYSCFG_CFGR1 IR_POL  LL_SYSCFG_SetIRPolarity
 485:Drivers/STM32C0xx_HAL_Driver/Inc/stm32c0xx_ll_system.h ****   * @param  Polarity This parameter can be one of the following values:
 486:Drivers/STM32C0xx_HAL_Driver/Inc/stm32c0xx_ll_system.h ****   *         @arg @ref LL_SYSCFG_IR_POL_INVERTED
 487:Drivers/STM32C0xx_HAL_Driver/Inc/stm32c0xx_ll_system.h ****   *         @arg @ref LL_SYSCFG_IR_POL_NOT_INVERTED
 488:Drivers/STM32C0xx_HAL_Driver/Inc/stm32c0xx_ll_system.h ****   * @retval None
 489:Drivers/STM32C0xx_HAL_Driver/Inc/stm32c0xx_ll_system.h ****   */
 490:Drivers/STM32C0xx_HAL_Driver/Inc/stm32c0xx_ll_system.h **** __STATIC_INLINE void LL_SYSCFG_SetIRPolarity(uint32_t Polarity)
 491:Drivers/STM32C0xx_HAL_Driver/Inc/stm32c0xx_ll_system.h **** {
 492:Drivers/STM32C0xx_HAL_Driver/Inc/stm32c0xx_ll_system.h ****   MODIFY_REG(SYSCFG->CFGR1, SYSCFG_CFGR1_IR_POL, Polarity);
 493:Drivers/STM32C0xx_HAL_Driver/Inc/stm32c0xx_ll_system.h **** }
 494:Drivers/STM32C0xx_HAL_Driver/Inc/stm32c0xx_ll_system.h **** 
 495:Drivers/STM32C0xx_HAL_Driver/Inc/stm32c0xx_ll_system.h **** /**
 496:Drivers/STM32C0xx_HAL_Driver/Inc/stm32c0xx_ll_system.h ****   * @brief  Get IR Output polarity.
 497:Drivers/STM32C0xx_HAL_Driver/Inc/stm32c0xx_ll_system.h ****   * @rmtoll SYSCFG_CFGR1 IR_POL  LL_SYSCFG_GetIRPolarity
 498:Drivers/STM32C0xx_HAL_Driver/Inc/stm32c0xx_ll_system.h ****   * @retval Returned value can be one of the following values:
 499:Drivers/STM32C0xx_HAL_Driver/Inc/stm32c0xx_ll_system.h ****   *         @arg @ref LL_SYSCFG_IR_POL_INVERTED
 500:Drivers/STM32C0xx_HAL_Driver/Inc/stm32c0xx_ll_system.h ****   *         @arg @ref LL_SYSCFG_IR_POL_NOT_INVERTED
 501:Drivers/STM32C0xx_HAL_Driver/Inc/stm32c0xx_ll_system.h ****   */
 502:Drivers/STM32C0xx_HAL_Driver/Inc/stm32c0xx_ll_system.h **** __STATIC_INLINE uint32_t LL_SYSCFG_GetIRPolarity(void)
 503:Drivers/STM32C0xx_HAL_Driver/Inc/stm32c0xx_ll_system.h **** {
 504:Drivers/STM32C0xx_HAL_Driver/Inc/stm32c0xx_ll_system.h ****   return (uint32_t)(READ_BIT(SYSCFG->CFGR1, SYSCFG_CFGR1_IR_POL));
 505:Drivers/STM32C0xx_HAL_Driver/Inc/stm32c0xx_ll_system.h **** }
 506:Drivers/STM32C0xx_HAL_Driver/Inc/stm32c0xx_ll_system.h **** 
 507:Drivers/STM32C0xx_HAL_Driver/Inc/stm32c0xx_ll_system.h **** 
 508:Drivers/STM32C0xx_HAL_Driver/Inc/stm32c0xx_ll_system.h **** /**
 509:Drivers/STM32C0xx_HAL_Driver/Inc/stm32c0xx_ll_system.h ****   * @brief  Enable the I2C fast mode plus driving capability.
 510:Drivers/STM32C0xx_HAL_Driver/Inc/stm32c0xx_ll_system.h ****   * @rmtoll SYSCFG_CFGR1 I2C_FMP_PB6   LL_SYSCFG_EnableFastModePlus\n
 511:Drivers/STM32C0xx_HAL_Driver/Inc/stm32c0xx_ll_system.h ****   *         SYSCFG_CFGR1 I2C_FMP_PB7   LL_SYSCFG_EnableFastModePlus\n
 512:Drivers/STM32C0xx_HAL_Driver/Inc/stm32c0xx_ll_system.h ****   *         SYSCFG_CFGR1 I2C_FMP_PB8   LL_SYSCFG_EnableFastModePlus\n
 513:Drivers/STM32C0xx_HAL_Driver/Inc/stm32c0xx_ll_system.h ****   *         SYSCFG_CFGR1 I2C_FMP_PB9   LL_SYSCFG_EnableFastModePlus\n
ARM GAS  C:\Users\amosd\AppData\Local\Temp\ccZNTucz.s 			page 37


 514:Drivers/STM32C0xx_HAL_Driver/Inc/stm32c0xx_ll_system.h ****   *         SYSCFG_CFGR1 I2C_FMP_I2C1  LL_SYSCFG_EnableFastModePlus\n
 515:Drivers/STM32C0xx_HAL_Driver/Inc/stm32c0xx_ll_system.h ****   *         SYSCFG_CFGR1 I2C_FMP_I2C2  LL_SYSCFG_EnableFastModePlus\n
 516:Drivers/STM32C0xx_HAL_Driver/Inc/stm32c0xx_ll_system.h ****   *         SYSCFG_CFGR1 I2C_FMP_PA9   LL_SYSCFG_EnableFastModePlus\n
 517:Drivers/STM32C0xx_HAL_Driver/Inc/stm32c0xx_ll_system.h ****   *         SYSCFG_CFGR1 I2C_FMP_PA10  LL_SYSCFG_EnableFastModePlus
 518:Drivers/STM32C0xx_HAL_Driver/Inc/stm32c0xx_ll_system.h ****   *         SYSCFG_CFGR1 I2C_FMP_PC14  LL_SYSCFG_EnableFastModePlus
 519:Drivers/STM32C0xx_HAL_Driver/Inc/stm32c0xx_ll_system.h ****   * @param  ConfigFastModePlus This parameter can be a combination of the following values:
 520:Drivers/STM32C0xx_HAL_Driver/Inc/stm32c0xx_ll_system.h ****   *         @arg @ref LL_SYSCFG_I2C_FASTMODEPLUS_PB6
 521:Drivers/STM32C0xx_HAL_Driver/Inc/stm32c0xx_ll_system.h ****   *         @arg @ref LL_SYSCFG_I2C_FASTMODEPLUS_PB7
 522:Drivers/STM32C0xx_HAL_Driver/Inc/stm32c0xx_ll_system.h ****   *         @arg @ref LL_SYSCFG_I2C_FASTMODEPLUS_PB8
 523:Drivers/STM32C0xx_HAL_Driver/Inc/stm32c0xx_ll_system.h ****   *         @arg @ref LL_SYSCFG_I2C_FASTMODEPLUS_PB9
 524:Drivers/STM32C0xx_HAL_Driver/Inc/stm32c0xx_ll_system.h ****   *         @arg @ref LL_SYSCFG_I2C_FASTMODEPLUS_I2C1
 525:Drivers/STM32C0xx_HAL_Driver/Inc/stm32c0xx_ll_system.h ****   *         @arg @ref LL_SYSCFG_I2C_FASTMODEPLUS_I2C2 (*)
 526:Drivers/STM32C0xx_HAL_Driver/Inc/stm32c0xx_ll_system.h ****   *         @arg @ref LL_SYSCFG_I2C_FASTMODEPLUS_PA9
 527:Drivers/STM32C0xx_HAL_Driver/Inc/stm32c0xx_ll_system.h ****   *         @arg @ref LL_SYSCFG_I2C_FASTMODEPLUS_PA10
 528:Drivers/STM32C0xx_HAL_Driver/Inc/stm32c0xx_ll_system.h ****   *         @arg @ref LL_SYSCFG_I2C_FASTMODEPLUS_PC14
 529:Drivers/STM32C0xx_HAL_Driver/Inc/stm32c0xx_ll_system.h ****   *
 530:Drivers/STM32C0xx_HAL_Driver/Inc/stm32c0xx_ll_system.h ****   * @retval None
 531:Drivers/STM32C0xx_HAL_Driver/Inc/stm32c0xx_ll_system.h ****   */
 532:Drivers/STM32C0xx_HAL_Driver/Inc/stm32c0xx_ll_system.h **** __STATIC_INLINE void LL_SYSCFG_EnableFastModePlus(uint32_t ConfigFastModePlus)
 533:Drivers/STM32C0xx_HAL_Driver/Inc/stm32c0xx_ll_system.h **** {
 534:Drivers/STM32C0xx_HAL_Driver/Inc/stm32c0xx_ll_system.h ****   SET_BIT(SYSCFG->CFGR1, ConfigFastModePlus);
 535:Drivers/STM32C0xx_HAL_Driver/Inc/stm32c0xx_ll_system.h **** }
 536:Drivers/STM32C0xx_HAL_Driver/Inc/stm32c0xx_ll_system.h **** 
 537:Drivers/STM32C0xx_HAL_Driver/Inc/stm32c0xx_ll_system.h **** /**
 538:Drivers/STM32C0xx_HAL_Driver/Inc/stm32c0xx_ll_system.h ****   * @brief  Disable the I2C fast mode plus driving capability.
 539:Drivers/STM32C0xx_HAL_Driver/Inc/stm32c0xx_ll_system.h ****   * @rmtoll SYSCFG_CFGR1 I2C_FMP_PB6   LL_SYSCFG_DisableFastModePlus\n
 540:Drivers/STM32C0xx_HAL_Driver/Inc/stm32c0xx_ll_system.h ****   *         SYSCFG_CFGR1 I2C_FMP_PB7   LL_SYSCFG_DisableFastModePlus\n
 541:Drivers/STM32C0xx_HAL_Driver/Inc/stm32c0xx_ll_system.h ****   *         SYSCFG_CFGR1 I2C_FMP_PB8   LL_SYSCFG_DisableFastModePlus\n
 542:Drivers/STM32C0xx_HAL_Driver/Inc/stm32c0xx_ll_system.h ****   *         SYSCFG_CFGR1 I2C_FMP_PB9   LL_SYSCFG_DisableFastModePlus\n
 543:Drivers/STM32C0xx_HAL_Driver/Inc/stm32c0xx_ll_system.h ****   *         SYSCFG_CFGR1 I2C_FMP_I2C1  LL_SYSCFG_DisableFastModePlus\n
 544:Drivers/STM32C0xx_HAL_Driver/Inc/stm32c0xx_ll_system.h ****   *         SYSCFG_CFGR1 I2C_FMP_I2C2  LL_SYSCFG_DisableFastModePlus\n
 545:Drivers/STM32C0xx_HAL_Driver/Inc/stm32c0xx_ll_system.h ****   *         SYSCFG_CFGR1 I2C_FMP_PA9   LL_SYSCFG_DisableFastModePlus\n
 546:Drivers/STM32C0xx_HAL_Driver/Inc/stm32c0xx_ll_system.h ****   *         SYSCFG_CFGR1 I2C_FMP_PA10  LL_SYSCFG_DisableFastModePlus
 547:Drivers/STM32C0xx_HAL_Driver/Inc/stm32c0xx_ll_system.h ****   *         SYSCFG_CFGR1 I2C_FMP_PC14  LL_SYSCFG_EnableFastModePlus
 548:Drivers/STM32C0xx_HAL_Driver/Inc/stm32c0xx_ll_system.h ****   * @param  ConfigFastModePlus This parameter can be a combination of the following values:
 549:Drivers/STM32C0xx_HAL_Driver/Inc/stm32c0xx_ll_system.h ****   *         @arg @ref LL_SYSCFG_I2C_FASTMODEPLUS_PB6
 550:Drivers/STM32C0xx_HAL_Driver/Inc/stm32c0xx_ll_system.h ****   *         @arg @ref LL_SYSCFG_I2C_FASTMODEPLUS_PB7
 551:Drivers/STM32C0xx_HAL_Driver/Inc/stm32c0xx_ll_system.h ****   *         @arg @ref LL_SYSCFG_I2C_FASTMODEPLUS_PB8
 552:Drivers/STM32C0xx_HAL_Driver/Inc/stm32c0xx_ll_system.h ****   *         @arg @ref LL_SYSCFG_I2C_FASTMODEPLUS_PB9
 553:Drivers/STM32C0xx_HAL_Driver/Inc/stm32c0xx_ll_system.h ****   *         @arg @ref LL_SYSCFG_I2C_FASTMODEPLUS_I2C1
 554:Drivers/STM32C0xx_HAL_Driver/Inc/stm32c0xx_ll_system.h ****   *         @arg @ref LL_SYSCFG_I2C_FASTMODEPLUS_I2C2 (*)
 555:Drivers/STM32C0xx_HAL_Driver/Inc/stm32c0xx_ll_system.h ****   *         @arg @ref LL_SYSCFG_I2C_FASTMODEPLUS_PA9
 556:Drivers/STM32C0xx_HAL_Driver/Inc/stm32c0xx_ll_system.h ****   *         @arg @ref LL_SYSCFG_I2C_FASTMODEPLUS_PA10
 557:Drivers/STM32C0xx_HAL_Driver/Inc/stm32c0xx_ll_system.h ****   *         @arg @ref LL_SYSCFG_I2C_FASTMODEPLUS_PC14
 558:Drivers/STM32C0xx_HAL_Driver/Inc/stm32c0xx_ll_system.h ****   *
 559:Drivers/STM32C0xx_HAL_Driver/Inc/stm32c0xx_ll_system.h ****   * @retval None
 560:Drivers/STM32C0xx_HAL_Driver/Inc/stm32c0xx_ll_system.h ****   */
 561:Drivers/STM32C0xx_HAL_Driver/Inc/stm32c0xx_ll_system.h **** __STATIC_INLINE void LL_SYSCFG_DisableFastModePlus(uint32_t ConfigFastModePlus)
 562:Drivers/STM32C0xx_HAL_Driver/Inc/stm32c0xx_ll_system.h **** {
 563:Drivers/STM32C0xx_HAL_Driver/Inc/stm32c0xx_ll_system.h ****   CLEAR_BIT(SYSCFG->CFGR1, ConfigFastModePlus);
 564:Drivers/STM32C0xx_HAL_Driver/Inc/stm32c0xx_ll_system.h **** }
 565:Drivers/STM32C0xx_HAL_Driver/Inc/stm32c0xx_ll_system.h **** 
 566:Drivers/STM32C0xx_HAL_Driver/Inc/stm32c0xx_ll_system.h **** /**
 567:Drivers/STM32C0xx_HAL_Driver/Inc/stm32c0xx_ll_system.h ****   * @brief  Set connections to TIM1/16/17 Break inputs
 568:Drivers/STM32C0xx_HAL_Driver/Inc/stm32c0xx_ll_system.h ****   * @rmtoll SYSCFG_CFGR2 CLL   LL_SYSCFG_SetTIMBreakInputs\n
 569:Drivers/STM32C0xx_HAL_Driver/Inc/stm32c0xx_ll_system.h ****   * @param  Break This parameter can be a combination of the following values:
 570:Drivers/STM32C0xx_HAL_Driver/Inc/stm32c0xx_ll_system.h ****   *         @arg @ref LL_SYSCFG_TIMBREAK_LOCKUP
ARM GAS  C:\Users\amosd\AppData\Local\Temp\ccZNTucz.s 			page 38


 571:Drivers/STM32C0xx_HAL_Driver/Inc/stm32c0xx_ll_system.h ****   * @retval None
 572:Drivers/STM32C0xx_HAL_Driver/Inc/stm32c0xx_ll_system.h ****   */
 573:Drivers/STM32C0xx_HAL_Driver/Inc/stm32c0xx_ll_system.h **** __STATIC_INLINE void LL_SYSCFG_SetTIMBreakInputs(uint32_t Break)
 574:Drivers/STM32C0xx_HAL_Driver/Inc/stm32c0xx_ll_system.h **** {
 575:Drivers/STM32C0xx_HAL_Driver/Inc/stm32c0xx_ll_system.h ****   MODIFY_REG(SYSCFG->CFGR2, SYSCFG_CFGR2_CLL, Break);
 576:Drivers/STM32C0xx_HAL_Driver/Inc/stm32c0xx_ll_system.h **** }
 577:Drivers/STM32C0xx_HAL_Driver/Inc/stm32c0xx_ll_system.h **** 
 578:Drivers/STM32C0xx_HAL_Driver/Inc/stm32c0xx_ll_system.h **** /**
 579:Drivers/STM32C0xx_HAL_Driver/Inc/stm32c0xx_ll_system.h ****   * @brief  Get connections to TIM1/16/17 Break inputs
 580:Drivers/STM32C0xx_HAL_Driver/Inc/stm32c0xx_ll_system.h ****   * @rmtoll SYSCFG_CFGR2 CLL   LL_SYSCFG_GetTIMBreakInputs\n
 581:Drivers/STM32C0xx_HAL_Driver/Inc/stm32c0xx_ll_system.h ****   * @retval Returned value can be can be a combination of the following values:
 582:Drivers/STM32C0xx_HAL_Driver/Inc/stm32c0xx_ll_system.h ****   *         @arg @ref LL_SYSCFG_TIMBREAK_LOCKUP
 583:Drivers/STM32C0xx_HAL_Driver/Inc/stm32c0xx_ll_system.h ****   */
 584:Drivers/STM32C0xx_HAL_Driver/Inc/stm32c0xx_ll_system.h **** __STATIC_INLINE uint32_t LL_SYSCFG_GetTIMBreakInputs(void)
 585:Drivers/STM32C0xx_HAL_Driver/Inc/stm32c0xx_ll_system.h **** {
 586:Drivers/STM32C0xx_HAL_Driver/Inc/stm32c0xx_ll_system.h ****   return (uint32_t)(READ_BIT(SYSCFG->CFGR2, SYSCFG_CFGR2_CLL));
 587:Drivers/STM32C0xx_HAL_Driver/Inc/stm32c0xx_ll_system.h **** }
 588:Drivers/STM32C0xx_HAL_Driver/Inc/stm32c0xx_ll_system.h **** 
 589:Drivers/STM32C0xx_HAL_Driver/Inc/stm32c0xx_ll_system.h **** /**
 590:Drivers/STM32C0xx_HAL_Driver/Inc/stm32c0xx_ll_system.h ****   * @brief  Config PinMux
 591:Drivers/STM32C0xx_HAL_Driver/Inc/stm32c0xx_ll_system.h ****   * @rmtoll SYSCFG_CFGR3 CLL   LL_SYSCFG_ConfigPinMux\n
 592:Drivers/STM32C0xx_HAL_Driver/Inc/stm32c0xx_ll_system.h ****   * @param  mux_cfg This parameter can be a value of @ref SYSTEM_LL_PINMUX_CFG
 593:Drivers/STM32C0xx_HAL_Driver/Inc/stm32c0xx_ll_system.h ****   * @retval None
 594:Drivers/STM32C0xx_HAL_Driver/Inc/stm32c0xx_ll_system.h ****   */
 595:Drivers/STM32C0xx_HAL_Driver/Inc/stm32c0xx_ll_system.h **** __STATIC_INLINE void LL_SYSCFG_ConfigPinMux(uint32_t mux_cfg)
 947              		.loc 2 595 22 view .LVU164
 948              	.LBB7:
 596:Drivers/STM32C0xx_HAL_Driver/Inc/stm32c0xx_ll_system.h **** {
 597:Drivers/STM32C0xx_HAL_Driver/Inc/stm32c0xx_ll_system.h ****   MODIFY_REG(SYSCFG->CFGR3, (mux_cfg >> 16U), (mux_cfg & 0x0000FFFFU));
 949              		.loc 2 597 3 view .LVU165
 950 0000 044A     		ldr	r2, .L86
 951 0002 D36B     		ldr	r3, [r2, #60]
 952 0004 010C     		lsrs	r1, r0, #16
 953 0006 8B43     		bics	r3, r1
 954 0008 0004     		lsls	r0, r0, #16
 955              	.LVL33:
 956              		.loc 2 597 3 is_stmt 0 view .LVU166
 957 000a 000C     		lsrs	r0, r0, #16
 958 000c 0343     		orrs	r3, r0
 959 000e D363     		str	r3, [r2, #60]
 960              	.LVL34:
 961              		.loc 2 597 3 view .LVU167
 962              	.LBE7:
 963              	.LBE6:
 595:Drivers/STM32C0xx_HAL_Driver/Src/stm32c0xx_hal.c **** }
 964              		.loc 1 595 1 view .LVU168
 965              		@ sp needed
 966 0010 7047     		bx	lr
 967              	.L87:
 968 0012 C046     		.align	2
 969              	.L86:
 970 0014 00000140 		.word	1073807360
 971              		.cfi_endproc
 972              	.LFE239:
 974              		.section	.text.HAL_SYSCFG_GetPinBinding,"ax",%progbits
 975              		.align	1
 976              		.global	HAL_SYSCFG_GetPinBinding
ARM GAS  C:\Users\amosd\AppData\Local\Temp\ccZNTucz.s 			page 39


 977              		.syntax unified
 978              		.code	16
 979              		.thumb_func
 981              	HAL_SYSCFG_GetPinBinding:
 982              	.LVL35:
 983              	.LFB240:
 596:Drivers/STM32C0xx_HAL_Driver/Src/stm32c0xx_hal.c **** 
 597:Drivers/STM32C0xx_HAL_Driver/Src/stm32c0xx_hal.c **** /**
 598:Drivers/STM32C0xx_HAL_Driver/Src/stm32c0xx_hal.c ****   * @brief return Pin Binding configuration
 599:Drivers/STM32C0xx_HAL_Driver/Src/stm32c0xx_hal.c ****   * @param  pin_binding_source
 600:Drivers/STM32C0xx_HAL_Driver/Src/stm32c0xx_hal.c ****   *         This parameter can be a value of @ref HAL_BIND_SCOURCE
 601:Drivers/STM32C0xx_HAL_Driver/Src/stm32c0xx_hal.c ****   * @retval PinMux configuration
 602:Drivers/STM32C0xx_HAL_Driver/Src/stm32c0xx_hal.c ****   */
 603:Drivers/STM32C0xx_HAL_Driver/Src/stm32c0xx_hal.c **** uint32_t HAL_SYSCFG_GetPinBinding(uint32_t pin_binding_source)
 604:Drivers/STM32C0xx_HAL_Driver/Src/stm32c0xx_hal.c **** {
 984              		.loc 1 604 1 is_stmt 1 view -0
 985              		.cfi_startproc
 986              		@ args = 0, pretend = 0, frame = 0
 987              		@ frame_needed = 0, uses_anonymous_args = 0
 988              		@ link register save eliminated.
 989              		.loc 1 604 1 is_stmt 0 view .LVU170
 990 0000 0300     		movs	r3, r0
 605:Drivers/STM32C0xx_HAL_Driver/Src/stm32c0xx_hal.c ****   return LL_SYSCFG_GetConfigPinMux(pin_binding_source);
 991              		.loc 1 605 3 is_stmt 1 view .LVU171
 992              	.LVL36:
 993              	.LBB8:
 994              	.LBI8:
 598:Drivers/STM32C0xx_HAL_Driver/Inc/stm32c0xx_ll_system.h **** }
 599:Drivers/STM32C0xx_HAL_Driver/Inc/stm32c0xx_ll_system.h **** 
 600:Drivers/STM32C0xx_HAL_Driver/Inc/stm32c0xx_ll_system.h **** /**
 601:Drivers/STM32C0xx_HAL_Driver/Inc/stm32c0xx_ll_system.h ****   * @brief  Get PinMux configuration
 602:Drivers/STM32C0xx_HAL_Driver/Inc/stm32c0xx_ll_system.h ****   * @rmtoll SYSCFG_CFGR3 CLL   LL_SYSCFG_GetConfigPinMux\n
 603:Drivers/STM32C0xx_HAL_Driver/Inc/stm32c0xx_ll_system.h ****   * @param  LL_PINMUX_PACKx_PINy This parameter can be a value of @ref SYSTEM_LL_PINMUX_SOURCE
 604:Drivers/STM32C0xx_HAL_Driver/Inc/stm32c0xx_ll_system.h ****   * @retval Returned value can be one of SYSTEM_LL_PINMUX_CFG defines
 605:Drivers/STM32C0xx_HAL_Driver/Inc/stm32c0xx_ll_system.h ****   */
 606:Drivers/STM32C0xx_HAL_Driver/Inc/stm32c0xx_ll_system.h **** __STATIC_INLINE uint32_t LL_SYSCFG_GetConfigPinMux(uint32_t LL_PINMUX_PACKx_PINy)
 995              		.loc 2 606 26 view .LVU172
 996              	.LBB9:
 607:Drivers/STM32C0xx_HAL_Driver/Inc/stm32c0xx_ll_system.h **** {
 608:Drivers/STM32C0xx_HAL_Driver/Inc/stm32c0xx_ll_system.h ****   return (uint32_t)(READ_BIT(SYSCFG->CFGR3, LL_PINMUX_PACKx_PINy) | (LL_PINMUX_PACKx_PINy << 16U));
 997              		.loc 2 608 3 view .LVU173
 998              		.loc 2 608 21 is_stmt 0 view .LVU174
 999 0002 034A     		ldr	r2, .L89
 1000 0004 D06B     		ldr	r0, [r2, #60]
 1001              	.LVL37:
 1002              		.loc 2 608 21 view .LVU175
 1003 0006 1840     		ands	r0, r3
 1004              		.loc 2 608 91 view .LVU176
 1005 0008 1B04     		lsls	r3, r3, #16
 1006              	.LVL38:
 1007              		.loc 2 608 10 view .LVU177
 1008 000a 1843     		orrs	r0, r3
 1009              	.LVL39:
 1010              		.loc 2 608 10 view .LVU178
 1011              	.LBE9:
 1012              	.LBE8:
 606:Drivers/STM32C0xx_HAL_Driver/Src/stm32c0xx_hal.c **** }
ARM GAS  C:\Users\amosd\AppData\Local\Temp\ccZNTucz.s 			page 40


 1013              		.loc 1 606 1 view .LVU179
 1014              		@ sp needed
 1015 000c 7047     		bx	lr
 1016              	.L90:
 1017 000e C046     		.align	2
 1018              	.L89:
 1019 0010 00000140 		.word	1073807360
 1020              		.cfi_endproc
 1021              	.LFE240:
 1023              		.global	uwTickFreq
 1024              		.section	.data.uwTickFreq,"aw"
 1027              	uwTickFreq:
 1028 0000 01       		.byte	1
 1029              		.global	uwTickPrio
 1030              		.section	.data.uwTickPrio,"aw"
 1031              		.align	2
 1034              	uwTickPrio:
 1035 0000 04000000 		.word	4
 1036              		.global	uwTick
 1037              		.section	.bss.uwTick,"aw",%nobits
 1038              		.align	2
 1041              	uwTick:
 1042 0000 00000000 		.space	4
 1043              		.text
 1044              	.Letext0:
 1045              		.file 3 "Drivers/CMSIS/Device/ST/STM32C0xx/Include/stm32c031xx.h"
 1046              		.file 4 "C:/Program Files (x86)/Arm GNU Toolchain arm-none-eabi/14.2 rel1/arm-none-eabi/include/ma
 1047              		.file 5 "C:/Program Files (x86)/Arm GNU Toolchain arm-none-eabi/14.2 rel1/arm-none-eabi/include/sy
 1048              		.file 6 "Drivers/CMSIS/Include/core_cm0plus.h"
 1049              		.file 7 "Drivers/STM32C0xx_HAL_Driver/Inc/stm32c0xx_hal_def.h"
 1050              		.file 8 "Drivers/STM32C0xx_HAL_Driver/Inc/stm32c0xx_hal.h"
 1051              		.file 9 "Drivers/CMSIS/Device/ST/STM32C0xx/Include/system_stm32c0xx.h"
 1052              		.file 10 "Drivers/STM32C0xx_HAL_Driver/Inc/stm32c0xx_hal_cortex.h"
ARM GAS  C:\Users\amosd\AppData\Local\Temp\ccZNTucz.s 			page 41


DEFINED SYMBOLS
                            *ABS*:00000000 stm32c0xx_hal.c
C:\Users\amosd\AppData\Local\Temp\ccZNTucz.s:19     .text.HAL_MspInit:00000000 $t
C:\Users\amosd\AppData\Local\Temp\ccZNTucz.s:25     .text.HAL_MspInit:00000000 HAL_MspInit
C:\Users\amosd\AppData\Local\Temp\ccZNTucz.s:39     .text.HAL_MspDeInit:00000000 $t
C:\Users\amosd\AppData\Local\Temp\ccZNTucz.s:45     .text.HAL_MspDeInit:00000000 HAL_MspDeInit
C:\Users\amosd\AppData\Local\Temp\ccZNTucz.s:59     .text.HAL_DeInit:00000000 $t
C:\Users\amosd\AppData\Local\Temp\ccZNTucz.s:65     .text.HAL_DeInit:00000000 HAL_DeInit
C:\Users\amosd\AppData\Local\Temp\ccZNTucz.s:107    .text.HAL_DeInit:00000024 $d
C:\Users\amosd\AppData\Local\Temp\ccZNTucz.s:112    .text.HAL_InitTick:00000000 $t
C:\Users\amosd\AppData\Local\Temp\ccZNTucz.s:118    .text.HAL_InitTick:00000000 HAL_InitTick
C:\Users\amosd\AppData\Local\Temp\ccZNTucz.s:201    .text.HAL_InitTick:0000004c $d
C:\Users\amosd\AppData\Local\Temp\ccZNTucz.s:1027   .data.uwTickFreq:00000000 uwTickFreq
C:\Users\amosd\AppData\Local\Temp\ccZNTucz.s:1034   .data.uwTickPrio:00000000 uwTickPrio
C:\Users\amosd\AppData\Local\Temp\ccZNTucz.s:208    .text.HAL_Init:00000000 $t
C:\Users\amosd\AppData\Local\Temp\ccZNTucz.s:214    .text.HAL_Init:00000000 HAL_Init
C:\Users\amosd\AppData\Local\Temp\ccZNTucz.s:256    .text.HAL_IncTick:00000000 $t
C:\Users\amosd\AppData\Local\Temp\ccZNTucz.s:262    .text.HAL_IncTick:00000000 HAL_IncTick
C:\Users\amosd\AppData\Local\Temp\ccZNTucz.s:284    .text.HAL_IncTick:00000010 $d
C:\Users\amosd\AppData\Local\Temp\ccZNTucz.s:1041   .bss.uwTick:00000000 uwTick
C:\Users\amosd\AppData\Local\Temp\ccZNTucz.s:290    .text.HAL_GetTick:00000000 $t
C:\Users\amosd\AppData\Local\Temp\ccZNTucz.s:296    .text.HAL_GetTick:00000000 HAL_GetTick
C:\Users\amosd\AppData\Local\Temp\ccZNTucz.s:313    .text.HAL_GetTick:00000008 $d
C:\Users\amosd\AppData\Local\Temp\ccZNTucz.s:318    .text.HAL_GetTickPrio:00000000 $t
C:\Users\amosd\AppData\Local\Temp\ccZNTucz.s:324    .text.HAL_GetTickPrio:00000000 HAL_GetTickPrio
C:\Users\amosd\AppData\Local\Temp\ccZNTucz.s:342    .text.HAL_GetTickPrio:00000008 $d
C:\Users\amosd\AppData\Local\Temp\ccZNTucz.s:347    .text.HAL_SetTickFreq:00000000 $t
C:\Users\amosd\AppData\Local\Temp\ccZNTucz.s:353    .text.HAL_SetTickFreq:00000000 HAL_SetTickFreq
C:\Users\amosd\AppData\Local\Temp\ccZNTucz.s:411    .text.HAL_SetTickFreq:00000024 $d
C:\Users\amosd\AppData\Local\Temp\ccZNTucz.s:417    .text.HAL_GetTickFreq:00000000 $t
C:\Users\amosd\AppData\Local\Temp\ccZNTucz.s:423    .text.HAL_GetTickFreq:00000000 HAL_GetTickFreq
C:\Users\amosd\AppData\Local\Temp\ccZNTucz.s:441    .text.HAL_GetTickFreq:00000008 $d
C:\Users\amosd\AppData\Local\Temp\ccZNTucz.s:446    .text.HAL_Delay:00000000 $t
C:\Users\amosd\AppData\Local\Temp\ccZNTucz.s:452    .text.HAL_Delay:00000000 HAL_Delay
C:\Users\amosd\AppData\Local\Temp\ccZNTucz.s:507    .text.HAL_Delay:00000020 $d
C:\Users\amosd\AppData\Local\Temp\ccZNTucz.s:512    .text.HAL_SuspendTick:00000000 $t
C:\Users\amosd\AppData\Local\Temp\ccZNTucz.s:518    .text.HAL_SuspendTick:00000000 HAL_SuspendTick
C:\Users\amosd\AppData\Local\Temp\ccZNTucz.s:537    .text.HAL_SuspendTick:0000000c $d
C:\Users\amosd\AppData\Local\Temp\ccZNTucz.s:542    .text.HAL_ResumeTick:00000000 $t
C:\Users\amosd\AppData\Local\Temp\ccZNTucz.s:548    .text.HAL_ResumeTick:00000000 HAL_ResumeTick
C:\Users\amosd\AppData\Local\Temp\ccZNTucz.s:567    .text.HAL_ResumeTick:0000000c $d
C:\Users\amosd\AppData\Local\Temp\ccZNTucz.s:572    .text.HAL_GetHalVersion:00000000 $t
C:\Users\amosd\AppData\Local\Temp\ccZNTucz.s:578    .text.HAL_GetHalVersion:00000000 HAL_GetHalVersion
C:\Users\amosd\AppData\Local\Temp\ccZNTucz.s:593    .text.HAL_GetHalVersion:00000004 $d
C:\Users\amosd\AppData\Local\Temp\ccZNTucz.s:598    .text.HAL_GetREVID:00000000 $t
C:\Users\amosd\AppData\Local\Temp\ccZNTucz.s:604    .text.HAL_GetREVID:00000000 HAL_GetREVID
C:\Users\amosd\AppData\Local\Temp\ccZNTucz.s:623    .text.HAL_GetREVID:00000008 $d
C:\Users\amosd\AppData\Local\Temp\ccZNTucz.s:628    .text.HAL_GetDEVID:00000000 $t
C:\Users\amosd\AppData\Local\Temp\ccZNTucz.s:634    .text.HAL_GetDEVID:00000000 HAL_GetDEVID
C:\Users\amosd\AppData\Local\Temp\ccZNTucz.s:654    .text.HAL_GetDEVID:0000000c $d
C:\Users\amosd\AppData\Local\Temp\ccZNTucz.s:659    .text.HAL_GetUIDw0:00000000 $t
C:\Users\amosd\AppData\Local\Temp\ccZNTucz.s:665    .text.HAL_GetUIDw0:00000000 HAL_GetUIDw0
C:\Users\amosd\AppData\Local\Temp\ccZNTucz.s:683    .text.HAL_GetUIDw0:00000008 $d
C:\Users\amosd\AppData\Local\Temp\ccZNTucz.s:688    .text.HAL_GetUIDw1:00000000 $t
C:\Users\amosd\AppData\Local\Temp\ccZNTucz.s:694    .text.HAL_GetUIDw1:00000000 HAL_GetUIDw1
C:\Users\amosd\AppData\Local\Temp\ccZNTucz.s:712    .text.HAL_GetUIDw1:00000008 $d
C:\Users\amosd\AppData\Local\Temp\ccZNTucz.s:717    .text.HAL_GetUIDw2:00000000 $t
ARM GAS  C:\Users\amosd\AppData\Local\Temp\ccZNTucz.s 			page 42


C:\Users\amosd\AppData\Local\Temp\ccZNTucz.s:723    .text.HAL_GetUIDw2:00000000 HAL_GetUIDw2
C:\Users\amosd\AppData\Local\Temp\ccZNTucz.s:741    .text.HAL_GetUIDw2:00000008 $d
C:\Users\amosd\AppData\Local\Temp\ccZNTucz.s:746    .text.HAL_DBGMCU_EnableDBGStopMode:00000000 $t
C:\Users\amosd\AppData\Local\Temp\ccZNTucz.s:752    .text.HAL_DBGMCU_EnableDBGStopMode:00000000 HAL_DBGMCU_EnableDBGStopMode
C:\Users\amosd\AppData\Local\Temp\ccZNTucz.s:771    .text.HAL_DBGMCU_EnableDBGStopMode:0000000c $d
C:\Users\amosd\AppData\Local\Temp\ccZNTucz.s:776    .text.HAL_DBGMCU_DisableDBGStopMode:00000000 $t
C:\Users\amosd\AppData\Local\Temp\ccZNTucz.s:782    .text.HAL_DBGMCU_DisableDBGStopMode:00000000 HAL_DBGMCU_DisableDBGStopMode
C:\Users\amosd\AppData\Local\Temp\ccZNTucz.s:801    .text.HAL_DBGMCU_DisableDBGStopMode:0000000c $d
C:\Users\amosd\AppData\Local\Temp\ccZNTucz.s:806    .text.HAL_DBGMCU_EnableDBGStandbyMode:00000000 $t
C:\Users\amosd\AppData\Local\Temp\ccZNTucz.s:812    .text.HAL_DBGMCU_EnableDBGStandbyMode:00000000 HAL_DBGMCU_EnableDBGStandbyMode
C:\Users\amosd\AppData\Local\Temp\ccZNTucz.s:831    .text.HAL_DBGMCU_EnableDBGStandbyMode:0000000c $d
C:\Users\amosd\AppData\Local\Temp\ccZNTucz.s:836    .text.HAL_DBGMCU_DisableDBGStandbyMode:00000000 $t
C:\Users\amosd\AppData\Local\Temp\ccZNTucz.s:842    .text.HAL_DBGMCU_DisableDBGStandbyMode:00000000 HAL_DBGMCU_DisableDBGStandbyMode
C:\Users\amosd\AppData\Local\Temp\ccZNTucz.s:861    .text.HAL_DBGMCU_DisableDBGStandbyMode:0000000c $d
C:\Users\amosd\AppData\Local\Temp\ccZNTucz.s:866    .text.HAL_SYSCFG_EnableRemap:00000000 $t
C:\Users\amosd\AppData\Local\Temp\ccZNTucz.s:872    .text.HAL_SYSCFG_EnableRemap:00000000 HAL_SYSCFG_EnableRemap
C:\Users\amosd\AppData\Local\Temp\ccZNTucz.s:892    .text.HAL_SYSCFG_EnableRemap:0000000c $d
C:\Users\amosd\AppData\Local\Temp\ccZNTucz.s:897    .text.HAL_SYSCFG_DisableRemap:00000000 $t
C:\Users\amosd\AppData\Local\Temp\ccZNTucz.s:903    .text.HAL_SYSCFG_DisableRemap:00000000 HAL_SYSCFG_DisableRemap
C:\Users\amosd\AppData\Local\Temp\ccZNTucz.s:923    .text.HAL_SYSCFG_DisableRemap:0000000c $d
C:\Users\amosd\AppData\Local\Temp\ccZNTucz.s:928    .text.HAL_SYSCFG_SetPinBinding:00000000 $t
C:\Users\amosd\AppData\Local\Temp\ccZNTucz.s:934    .text.HAL_SYSCFG_SetPinBinding:00000000 HAL_SYSCFG_SetPinBinding
C:\Users\amosd\AppData\Local\Temp\ccZNTucz.s:970    .text.HAL_SYSCFG_SetPinBinding:00000014 $d
C:\Users\amosd\AppData\Local\Temp\ccZNTucz.s:975    .text.HAL_SYSCFG_GetPinBinding:00000000 $t
C:\Users\amosd\AppData\Local\Temp\ccZNTucz.s:981    .text.HAL_SYSCFG_GetPinBinding:00000000 HAL_SYSCFG_GetPinBinding
C:\Users\amosd\AppData\Local\Temp\ccZNTucz.s:1019   .text.HAL_SYSCFG_GetPinBinding:00000010 $d
C:\Users\amosd\AppData\Local\Temp\ccZNTucz.s:1031   .data.uwTickPrio:00000000 $d
C:\Users\amosd\AppData\Local\Temp\ccZNTucz.s:1038   .bss.uwTick:00000000 $d

UNDEFINED SYMBOLS
__aeabi_uidiv
HAL_SYSTICK_Config
HAL_NVIC_SetPriority
SystemCoreClock
